age,income,emp_status,credit_score,bike_price,down_payment,loan_term,ltv_ratio,approved
42,349592.45,Salaried,430,51305.62,13295.98,12,0.74,1
50,253951.87,Self-Employed,761,432258.13,113514.35,48,0.74,1
33,150852.77,Salaried,728,141892.17,41932.24,36,0.7,1
38,356783.75,Salaried,489,350155.27,90216.84,36,0.74,0
55,497435.01,Self-Employed,582,488744.95,105871.02,36,0.78,0
51,378138.89,Salaried,725,329672.88,55556.58,24,0.83,1
23,332863.64,Self-Employed,817,235991.03,36882.76,36,0.84,1
52,211308.4,Salaried,788,415245.25,156800.91,36,0.62,1
51,545788.43,Salaried,317,81655.28,18123.85,48,0.78,1
29,422940.92,Salaried,506,117758.15,11918.4,24,0.9,0
22,361379.83,Self-Employed,526,69770.34,23585.72,24,0.66,0
25,382974.8,Self-Employed,692,398454.23,153610.76,24,0.61,0
44,353341.69,Salaried,307,375460.2,121851.03,24,0.68,0
43,296897.47,Salaried,636,447381.6,98167.96,48,0.78,0
25,425956.94,Salaried,810,305224.91,66974.17,48,0.78,1
57,325378.99,Self-Employed,819,206068.07,51703.7,12,0.75,1
24,240046.48,Salaried,654,278019.0,104201.62,24,0.63,1
28,424249.43,Salaried,742,164491.54,58872.93,36,0.64,1
40,495713.03,Self-Employed,337,144158.69,50464.08,24,0.65,0
47,409163.46,Student,780,331570.87,74566.84,24,0.78,0
31,326748.07,Self-Employed,611,68516.97,13332.52,48,0.81,0
53,335596.11,Self-Employed,784,225873.9,56609.24,24,0.75,1
31,444696.93,Self-Employed,794,462291.38,112136.54,24,0.76,1
19,413411.41,Student,765,234834.06,35834.57,12,0.85,0
58,353569.42,Salaried,329,75581.87,16890.6,48,0.78,1
32,414768.68,Salaried,507,484864.41,76117.94,36,0.84,0
32,481547.87,Salaried,377,440897.55,70645.39,36,0.84,0
29,316577.97,Salaried,603,178786.07,57546.39,24,0.68,1
56,405241.62,Salaried,791,242262.98,83201.59,48,0.66,1
34,263680.89,Self-Employed,347,425081.35,109317.64,36,0.74,0
50,277107.09,Salaried,769,477933.78,189265.21,48,0.6,1
23,287172.1,Self-Employed,718,485731.77,53321.46,24,0.89,0
39,343260.04,Salaried,693,316247.07,116508.24,12,0.63,1
21,235438.87,Salaried,692,53791.15,12697.6,36,0.76,1
48,444346.81,Salaried,366,129304.59,38657.99,12,0.7,0
43,489632.34,Self-Employed,643,248853.4,93959.96,12,0.62,0
31,315939.47,Salaried,717,447219.39,106964.25,48,0.76,1
21,426107.1,Salaried,778,220144.97,68124.88,48,0.69,1
41,352658.88,Salaried,637,117016.24,30550.27,12,0.74,0
31,427579.99,Salaried,755,478767.66,169538.72,12,0.65,1
59,356374.51,Salaried,671,346652.5,84103.41,12,0.76,1
46,436922.66,Salaried,737,62182.62,23025.34,12,0.63,1
42,186587.19,Self-Employed,624,427430.44,164348.94,48,0.62,0
39,417952.23,Salaried,620,85267.1,33352.19,24,0.61,1
46,546922.09,Student,839,393616.52,86692.19,36,0.78,1
34,469940.65,Salaried,800,269128.1,29945.12,48,0.89,1
56,337374.05,Salaried,427,194326.12,32372.79,36,0.83,0
54,229083.84,Self-Employed,384,97750.86,26489.15,48,0.73,1
18,389231.51,Salaried,824,297570.5,56267.28,36,0.81,1
52,299354.63,Self-Employed,825,344890.79,61795.23,48,0.82,1
29,426313.75,Salaried,683,221788.15,33543.88,48,0.85,1
52,277033.26,Salaried,572,266081.41,34053.59,12,0.87,0
46,349369.39,Self-Employed,820,450774.11,53173.24,36,0.88,1
39,457468.18,Self-Employed,739,286202.56,109337.69,48,0.62,1
29,279562.44,Self-Employed,498,74094.99,29314.39,24,0.6,0
48,394328.67,Salaried,762,61969.26,20011.6,36,0.68,1
43,288170.46,Self-Employed,656,110476.32,19053.3,24,0.83,1
55,277733.4,Salaried,560,381704.58,131354.95,48,0.66,0
19,411068.22,Salaried,429,308002.04,62653.73,24,0.8,0
40,377014.6,Self-Employed,774,195936.89,31880.67,48,0.84,1
32,376719.21,Self-Employed,812,302765.04,94749.29,48,0.69,1
33,190167.15,Self-Employed,790,108721.63,38001.54,48,0.65,1
35,294594.41,Salaried,639,273832.04,102833.0,36,0.62,1
45,280145.52,Salaried,507,269611.17,76212.75,36,0.72,0
25,377330.53,Self-Employed,510,344610.83,137748.73,36,0.6,1
22,323531.7,Salaried,673,287720.98,57730.26,12,0.8,0
53,549686.19,Salaried,757,379302.51,70904.26,48,0.81,1
40,250457.01,Salaried,616,476106.35,127630.69,48,0.73,0
46,414598.17,Self-Employed,342,235683.8,75358.56,36,0.68,1
24,450196.73,Salaried,833,436186.73,75538.71,48,0.83,1
24,387070.0,Salaried,585,433924.87,168526.19,12,0.61,0
37,248715.99,Salaried,622,414434.58,110177.41,48,0.73,0
48,448459.57,Self-Employed,781,274571.45,33714.99,12,0.88,1
31,142217.11,Salaried,663,88977.68,15057.08,24,0.83,0
58,506927.9,Salaried,587,261132.65,76238.23,12,0.71,0
36,400324.31,Self-Employed,640,472148.48,53684.81,36,0.89,0
25,318318.0,Salaried,751,88146.05,20456.15,12,0.77,1
27,421579.32,Salaried,623,277016.31,76450.31,36,0.72,1
44,276349.72,Salaried,693,102468.51,32702.91,12,0.68,1
57,334386.6,Salaried,511,222388.0,88710.94,12,0.6,0
24,428331.21,Salaried,546,277847.01,85534.56,36,0.69,1
47,351867.59,Salaried,649,196917.31,50011.5,48,0.75,1
37,228004.5,Salaried,550,413227.43,82988.89,48,0.8,0
40,487704.47,Salaried,569,491567.5,58734.21,12,0.88,0
58,543442.34,Self-Employed,733,348456.07,74653.48,48,0.79,1
24,206470.25,Salaried,453,280138.25,85789.33,12,0.69,0
38,423846.8,Salaried,590,491816.51,169833.04,48,0.65,1
20,173599.68,Salaried,552,113478.11,29842.39,36,0.74,1
25,166986.87,Self-Employed,616,151760.62,36606.62,36,0.76,0
29,479335.76,Self-Employed,403,303041.68,46356.26,24,0.85,0
46,288470.76,Salaried,535,330011.02,77660.36,48,0.76,0
31,284903.44,Self-Employed,615,213011.21,84011.83,12,0.61,0
27,393228.41,Self-Employed,836,295111.83,77123.86,12,0.74,1
44,413761.18,Student,764,112782.17,11993.66,48,0.89,0
53,415469.0,Salaried,647,354760.92,95396.49,24,0.73,0
43,415611.41,Self-Employed,311,204231.67,23551.59,48,0.88,0
58,331172.95,Self-Employed,711,70899.99,9610.49,24,0.86,1
30,421195.21,Salaried,607,365175.12,40978.41,48,0.89,0
34,477700.95,Salaried,352,220021.64,53578.8,24,0.76,1
26,288040.25,Salaried,550,483035.29,166199.22,24,0.66,0
27,399753.87,Self-Employed,700,278179.23,53794.82,36,0.81,1
55,140803.59,Self-Employed,763,345376.25,83621.92,12,0.76,1
18,317703.56,Salaried,315,210761.17,41619.03,12,0.8,0
54,488542.02,Salaried,406,168008.52,28290.46,48,0.83,0
22,599858.19,Salaried,615,185269.39,66544.01,12,0.64,1
34,268844.4,Student,351,162466.58,33421.91,12,0.79,0
43,381598.98,Salaried,835,268936.03,73945.53,12,0.73,1
43,349464.1,Salaried,468,370382.2,130740.49,24,0.65,0
22,362736.43,Salaried,695,351555.83,133788.76,12,0.62,1
19,359332.12,Student,504,312986.42,87670.85,24,0.72,0
47,304314.37,Salaried,837,283624.71,52152.0,48,0.82,1
29,292962.88,Salaried,630,54314.82,19755.07,36,0.64,1
25,296523.01,Salaried,844,460434.05,116673.35,12,0.75,1
47,566417.03,Salaried,349,396644.55,74099.14,12,0.81,0
19,364826.27,Salaried,623,368682.14,41055.99,48,0.89,0
49,412928.14,Self-Employed,605,420846.93,124219.83,48,0.7,0
34,309365.33,Student,596,82745.46,21243.01,12,0.74,0
50,410400.36,Salaried,595,141026.24,37284.81,12,0.74,0
54,417325.14,Self-Employed,777,296600.72,105769.84,36,0.64,1
56,310843.21,Self-Employed,522,461700.34,75799.22,36,0.84,0
26,120000.0,Student,457,175746.14,18841.1,24,0.89,0
39,376201.24,Salaried,785,425498.13,118118.09,12,0.72,1
38,365726.72,Salaried,335,412407.91,47942.08,48,0.88,0
18,377837.97,Self-Employed,515,213824.05,76546.73,24,0.64,0
46,300311.64,Salaried,753,187387.66,20850.93,48,0.89,1
56,290554.79,Self-Employed,781,146110.45,26927.89,24,0.82,1
59,227234.09,Salaried,754,363537.92,87390.4,36,0.76,1
35,317279.31,Salaried,479,360960.08,94863.84,12,0.74,0
34,343711.01,Self-Employed,333,395750.94,132488.08,36,0.67,0
36,256901.54,Self-Employed,725,255086.64,48370.59,24,0.81,0
34,551648.43,Self-Employed,480,144001.8,46673.35,48,0.68,0
59,339123.82,Salaried,347,473934.73,136925.56,24,0.71,0
25,284530.06,Salaried,830,269966.92,70536.48,12,0.74,1
21,220721.67,Salaried,796,234737.38,76199.37,36,0.68,1
45,240778.1,Salaried,315,237692.64,28199.77,24,0.88,0
35,328056.56,Salaried,697,294425.46,38601.2,24,0.87,1
33,227567.96,Salaried,343,244389.7,74553.91,36,0.69,0
26,442434.94,Student,331,203066.28,30215.72,36,0.85,0
25,220286.18,Salaried,447,272361.19,108088.94,24,0.6,0
58,365628.93,Self-Employed,713,107203.87,40260.55,24,0.62,1
35,237524.97,Salaried,396,229790.67,65565.94,36,0.71,0
37,355312.74,Salaried,750,427335.84,70049.45,48,0.84,1
19,307977.35,Salaried,848,240037.67,86678.03,36,0.64,1
46,194273.13,Salaried,364,205402.83,49389.84,24,0.76,0
55,344424.43,Salaried,641,117297.65,23909.45,12,0.8,0
35,311400.55,Self-Employed,755,218340.11,75139.06,24,0.66,1
59,386218.52,Salaried,568,150456.4,58712.58,24,0.61,0
37,439005.52,Self-Employed,371,259257.45,29194.8,24,0.89,0
38,245500.47,Student,755,211208.37,57169.8,48,0.73,1
56,348471.76,Self-Employed,419,481668.09,76329.13,12,0.84,0
55,315383.49,Salaried,393,153831.25,57495.57,12,0.63,0
42,444320.63,Salaried,579,194859.41,62958.03,12,0.68,0
33,264717.79,Salaried,645,314755.22,47971.17,24,0.85,0
49,357848.29,Student,309,265328.02,40141.6,36,0.85,0
42,451401.02,Self-Employed,848,430584.18,168051.56,12,0.61,1
38,159083.1,Salaried,790,231403.81,62558.96,24,0.73,1
45,454974.24,Self-Employed,404,259199.75,31339.91,48,0.88,0
22,384702.16,Salaried,628,203692.0,48488.52,48,0.76,0
32,438428.73,Salaried,833,269857.74,53429.41,36,0.8,1
42,472987.69,Student,464,276421.87,64753.3,48,0.77,0
42,378974.02,Salaried,708,66907.21,19841.28,12,0.7,1
26,354091.82,Student,551,127774.4,40452.5,24,0.68,0
21,341749.53,Salaried,337,493674.64,120319.68,24,0.76,0
30,319264.69,Salaried,510,350443.98,54511.06,24,0.84,0
36,447896.73,Student,793,105499.48,17672.0,36,0.83,0
57,395666.21,Salaried,657,371061.3,105739.58,12,0.72,0
51,481136.43,Salaried,375,266130.92,38015.9,48,0.86,0
24,413550.78,Salaried,843,109430.14,43690.24,12,0.6,1
59,263604.45,Salaried,556,107507.13,41453.44,36,0.61,1
27,369582.76,Salaried,760,270161.32,37865.66,12,0.86,1
29,401682.69,Salaried,517,101687.45,38228.31,12,0.62,1
19,120000.0,Salaried,825,102838.22,23591.04,24,0.77,1
56,442398.38,Salaried,503,404433.17,79945.43,12,0.8,0
22,353608.36,Self-Employed,764,326390.93,123389.28,48,0.62,1
31,235061.46,Salaried,514,185712.81,41715.99,48,0.78,1
34,417789.86,Salaried,804,267159.67,100756.9,24,0.62,1
59,254320.94,Student,386,428015.12,149545.83,12,0.65,0
21,412141.96,Self-Employed,394,442164.8,114743.42,36,0.74,0
46,255209.46,Salaried,565,142133.73,54151.16,48,0.62,1
52,345269.04,Self-Employed,573,344324.05,127547.84,48,0.63,0
38,436262.42,Salaried,675,455720.83,49248.02,48,0.89,1
18,368932.19,Self-Employed,428,108347.0,37532.37,24,0.65,0
52,472355.9,Self-Employed,685,256795.79,35336.57,36,0.86,1
42,381068.03,Salaried,412,497584.81,153340.33,12,0.69,0
39,316075.79,Self-Employed,632,329599.27,109276.16,12,0.67,0
54,493873.66,Self-Employed,487,156279.78,56277.49,12,0.64,0
46,525045.73,Salaried,577,392557.03,116004.64,24,0.7,0
18,446216.07,Salaried,316,279318.33,101636.62,48,0.64,1
38,274907.65,Salaried,564,151699.91,19404.18,36,0.87,0
41,410377.98,Self-Employed,469,283092.79,76282.87,24,0.73,0
20,484921.02,Salaried,808,382161.33,147893.24,36,0.61,1
42,418653.41,Salaried,844,300816.21,81628.23,36,0.73,1
24,619236.51,Self-Employed,442,403745.77,54712.19,36,0.86,0
47,160381.07,Salaried,328,168056.04,49203.3,24,0.71,0
42,340482.96,Salaried,786,99599.45,33562.33,12,0.66,1
45,594876.47,Salaried,472,135158.23,44740.28,48,0.67,1
53,431282.95,Student,785,255721.65,69815.48,48,0.73,1
49,357700.67,Self-Employed,307,183468.35,38135.95,48,0.79,1
39,125756.94,Salaried,713,237517.75,33116.96,12,0.86,0
24,471928.95,Salaried,821,270321.85,107426.53,36,0.6,1
31,206982.4,Salaried,393,139613.78,15881.74,24,0.89,0
42,488661.73,Self-Employed,650,90306.37,22748.53,48,0.75,0
49,334515.77,Salaried,723,485334.71,123185.71,48,0.75,1
21,363201.98,Salaried,648,183310.51,51553.3,24,0.72,1
58,275519.72,Salaried,589,186332.87,33303.89,48,0.82,0
58,322563.44,Self-Employed,361,339287.61,98851.47,36,0.71,0
53,421438.26,Salaried,705,264380.61,51205.59,48,0.81,1
58,384055.78,Salaried,322,341838.87,118760.3,48,0.65,1
53,403290.49,Salaried,536,245564.92,88281.77,24,0.64,1
39,405189.32,Self-Employed,768,199994.91,29749.95,36,0.85,1
21,213945.04,Salaried,754,210847.69,34171.58,24,0.84,1
22,356601.49,Salaried,703,171437.27,39065.69,48,0.77,1
24,396696.83,Salaried,472,138473.41,22436.85,48,0.84,0
28,350680.6,Salaried,569,430223.02,86292.14,36,0.8,0
24,243617.86,Salaried,448,187104.23,67629.62,36,0.64,1
52,350985.97,Self-Employed,714,317284.06,50257.3,12,0.84,0
58,415910.02,Salaried,581,240337.21,92438.85,48,0.62,1
57,441579.82,Self-Employed,662,158537.53,23461.12,36,0.85,1
39,422554.77,Salaried,593,104166.73,23257.75,12,0.78,1
59,317001.17,Salaried,471,291213.18,106276.27,48,0.64,0
31,412670.05,Salaried,462,496687.8,181886.11,24,0.63,0
42,458923.32,Self-Employed,677,167637.29,45293.33,36,0.73,1
22,266161.62,Self-Employed,668,444764.74,87139.71,12,0.8,0
33,396433.26,Salaried,734,212699.71,53917.72,36,0.75,1
19,275322.68,Self-Employed,469,364261.61,145213.1,48,0.6,0
53,236220.85,Student,521,383667.67,135548.76,12,0.65,0
29,221371.01,Student,843,102795.92,31908.43,12,0.69,0
50,209716.54,Salaried,651,325764.7,58264.84,12,0.82,0
57,330099.72,Salaried,702,420174.94,114271.01,24,0.73,1
58,230616.39,Salaried,810,180664.56,44840.6,24,0.75,1
43,296402.96,Salaried,739,404298.8,46253.06,24,0.89,1
41,403131.97,Self-Employed,440,243719.98,57028.54,36,0.77,1
34,313235.04,Salaried,662,98985.18,10632.54,12,0.89,1
52,277488.61,Salaried,463,50595.82,5985.87,48,0.88,0
56,327048.82,Student,486,471527.03,186528.52,48,0.6,0
31,409947.31,Salaried,334,316429.11,37230.78,48,0.88,0
50,322740.29,Self-Employed,671,157052.58,21581.89,24,0.86,0
42,432385.44,Salaried,501,225454.99,35104.97,24,0.84,0
53,324485.23,Student,664,328961.56,72005.54,48,0.78,0
29,485063.14,Salaried,569,224588.79,65809.5,24,0.71,1
53,589901.89,Self-Employed,455,151655.36,30122.18,12,0.8,0
57,277615.39,Self-Employed,773,371905.75,41931.57,12,0.89,1
46,298443.19,Salaried,677,349961.59,39301.63,12,0.89,1
49,208486.55,Salaried,363,185619.46,37001.61,36,0.8,0
51,139562.94,Self-Employed,435,246397.09,96713.35,12,0.61,0
47,525042.5,Student,475,449541.77,49300.89,36,0.89,0
54,266127.76,Salaried,717,50025.16,11211.76,12,0.78,1
32,467886.9,Self-Employed,644,108538.46,22524.72,36,0.79,0
52,578237.63,Salaried,403,137049.11,14862.49,48,0.89,0
32,515366.36,Student,380,409788.4,125750.32,12,0.69,0
48,289180.15,Salaried,471,149439.98,24117.48,36,0.84,0
26,451802.21,Salaried,375,324340.28,61742.92,48,0.81,0
24,258283.01,Self-Employed,687,261921.75,46463.51,48,0.82,0
41,252595.97,Salaried,420,92701.26,10799.6,12,0.88,0
18,383297.86,Salaried,605,491892.7,184005.64,12,0.63,0
24,531240.71,Self-Employed,439,178374.22,67739.46,48,0.62,0
43,381491.94,Salaried,605,372100.52,131646.27,24,0.65,0
52,357557.97,Salaried,749,228399.16,63057.81,12,0.72,1
43,363616.08,Salaried,559,113311.5,34415.8,12,0.7,0
57,499182.78,Salaried,480,142525.64,38242.29,36,0.73,1
34,245380.09,Salaried,660,379113.03,143894.57,48,0.62,1
39,395547.4,Salaried,300,232459.7,79138.5,36,0.66,1
59,431337.29,Self-Employed,757,148904.01,51821.23,24,0.65,1
25,375218.87,Student,741,73601.78,23126.14,48,0.69,0
19,391234.48,Salaried,753,384304.34,89595.11,36,0.77,1
59,120000.0,Salaried,362,330973.97,120170.04,36,0.64,0
37,412626.01,Salaried,717,50361.68,9122.9,48,0.82,1
20,295168.39,Self-Employed,651,497911.51,89316.9,24,0.82,0
52,472458.66,Student,347,401800.84,108058.01,12,0.73,0
33,216607.76,Salaried,698,430032.77,159332.58,48,0.63,1
53,448289.34,Salaried,762,396257.2,125147.33,24,0.68,1
32,261037.93,Salaried,364,377865.22,84530.39,48,0.78,0
46,422148.78,Salaried,312,408708.48,116835.81,12,0.71,0
39,353234.53,Student,760,128270.41,35577.31,24,0.72,1
19,516178.18,Salaried,826,480510.84,50912.58,24,0.89,1
25,310769.71,Student,804,217441.75,30476.9,36,0.86,0
34,335869.6,Salaried,778,272263.42,105140.23,12,0.61,1
42,357115.57,Self-Employed,418,195020.38,71933.47,48,0.63,0
56,262453.04,Student,800,83265.94,25866.93,24,0.69,1
26,367910.17,Salaried,800,276260.69,71028.76,24,0.74,1
50,543773.61,Salaried,839,353146.53,102124.31,36,0.71,1
48,294835.09,Salaried,579,225162.03,61104.58,24,0.73,0
58,204520.71,Salaried,562,65898.51,26206.31,36,0.6,1
50,439549.62,Self-Employed,848,380435.73,71569.82,12,0.81,1
45,298165.82,Salaried,557,410939.68,46642.51,48,0.89,0
35,439855.53,Self-Employed,556,131509.34,41876.29,36,0.68,0
52,320090.74,Self-Employed,777,468203.7,86384.54,24,0.82,0
51,508060.38,Self-Employed,473,341994.92,107956.21,12,0.68,0
20,377759.92,Self-Employed,617,355280.15,39733.81,48,0.89,0
57,186599.89,Salaried,631,294589.48,61460.02,36,0.79,0
25,533132.2,Salaried,771,358440.57,63394.97,48,0.82,1
28,376729.76,Self-Employed,805,326658.71,37301.8,48,0.89,1
21,383271.62,Salaried,683,491522.17,118520.7,36,0.76,1
24,403236.82,Student,690,396613.72,102631.09,48,0.74,0
22,339883.52,Self-Employed,838,497590.73,98697.52,48,0.8,1
22,517042.17,Salaried,819,270047.31,55330.91,48,0.8,1
51,380274.25,Salaried,614,394137.45,127737.61,48,0.68,1
18,335387.62,Self-Employed,763,348530.28,135834.7,36,0.61,1
35,261581.73,Salaried,475,434677.03,75544.61,24,0.83,0
36,366456.18,Salaried,439,99252.58,30822.15,36,0.69,1
55,378103.91,Salaried,410,475488.62,133540.67,48,0.72,0
51,342778.42,Self-Employed,488,217829.07,49778.15,12,0.77,0
30,288714.17,Salaried,402,79545.48,20228.22,36,0.75,1
35,416407.4,Salaried,688,418067.11,137889.77,24,0.67,1
44,478986.7,Self-Employed,736,384513.18,96982.88,48,0.75,1
48,350951.81,Student,301,499510.89,189729.48,48,0.62,0
27,120000.0,Self-Employed,314,59466.94,7668.35,24,0.87,0
27,529609.63,Self-Employed,620,100426.23,18241.13,24,0.82,0
22,254447.98,Self-Employed,448,200270.99,26364.4,24,0.87,0
18,222181.33,Self-Employed,488,108749.85,23157.8,48,0.79,1
40,438255.28,Salaried,772,217272.35,40271.51,12,0.81,1
36,507539.55,Student,723,65112.81,19406.41,48,0.7,0
40,271682.44,Salaried,688,191900.7,48190.44,24,0.75,1
38,304577.52,Salaried,606,381252.2,61884.65,24,0.84,0
35,296117.31,Salaried,309,97243.08,29936.67,12,0.69,0
41,241058.08,Self-Employed,587,423541.57,81744.73,12,0.81,0
34,262357.74,Self-Employed,432,289753.09,96952.76,12,0.67,0
39,369527.38,Salaried,797,440364.27,118790.85,24,0.73,1
32,268982.52,Self-Employed,779,154671.0,23739.1,12,0.85,1
18,341155.36,Self-Employed,547,421769.42,44661.49,12,0.89,0
41,517843.31,Salaried,702,323350.2,117095.83,24,0.64,1
34,324877.22,Salaried,378,97988.54,18069.05,24,0.82,1
22,424346.95,Self-Employed,567,186708.7,52098.66,12,0.72,0
19,330080.56,Salaried,530,135595.99,18340.2,24,0.86,1
47,337521.65,Salaried,791,301007.42,103863.0,12,0.65,1
35,469069.31,Salaried,838,484299.05,179627.7,12,0.63,1
53,279822.99,Salaried,514,304752.25,91921.72,24,0.7,0
57,162735.66,Self-Employed,482,100647.22,25934.99,12,0.74,0
56,235069.04,Self-Employed,301,426828.34,46677.81,48,0.89,0
40,368341.0,Self-Employed,537,239562.12,65544.66,24,0.73,0
57,446330.56,Salaried,641,335439.88,67954.35,48,0.8,0
43,453885.12,Student,379,358609.15,66160.26,36,0.82,0
41,292432.72,Salaried,840,108993.93,16154.27,12,0.85,1
59,144023.63,Self-Employed,458,282845.07,86889.15,12,0.69,0
27,120000.0,Salaried,677,277483.42,102980.57,12,0.63,1
42,349805.85,Salaried,615,288082.57,106843.79,12,0.63,0
55,528905.93,Salaried,836,152167.03,17174.46,36,0.89,1
38,489522.56,Salaried,805,489725.65,141219.45,12,0.71,1
49,225207.74,Salaried,554,260095.57,81675.14,12,0.69,0
42,576376.24,Salaried,326,473903.17,98342.57,12,0.79,0
31,473851.46,Self-Employed,488,87685.44,27985.66,24,0.68,0
42,394736.68,Self-Employed,520,336023.71,56747.83,24,0.83,0
54,350318.56,Salaried,365,279461.13,52633.24,24,0.81,0
28,431314.53,Self-Employed,545,59466.72,15992.28,48,0.73,0
18,259956.73,Self-Employed,752,130471.73,27766.7,48,0.79,1
46,528044.22,Salaried,633,199797.22,22648.24,24,0.89,0
45,479451.43,Salaried,493,237132.42,69973.73,36,0.7,0
58,392352.07,Salaried,376,264009.45,65954.67,12,0.75,0
37,311331.55,Salaried,767,327639.25,118183.58,36,0.64,1
42,340764.94,Salaried,502,258226.67,37264.37,12,0.86,0
22,507607.72,Salaried,347,275511.43,103398.15,48,0.62,0
51,293574.88,Salaried,547,66478.99,26446.44,12,0.6,1
39,239829.76,Self-Employed,301,177518.04,29801.56,12,0.83,0
51,309403.83,Salaried,409,427305.08,72195.0,12,0.83,0
47,162749.13,Salaried,436,238287.57,38515.27,36,0.84,0
21,416166.48,Student,423,168144.96,23049.5,48,0.86,0
51,291897.37,Self-Employed,445,399353.23,62452.17,24,0.84,0
53,251663.33,Salaried,535,196440.03,39107.21,12,0.8,0
35,234230.63,Self-Employed,679,215875.12,48239.91,12,0.78,1
19,484763.79,Salaried,701,216342.75,28315.23,12,0.87,0
37,217507.52,Self-Employed,540,252455.31,43593.33,48,0.83,0
57,381417.5,Salaried,593,296694.26,115935.88,12,0.61,0
55,231168.69,Salaried,425,240723.08,67158.66,48,0.72,1
39,197637.79,Self-Employed,758,296522.76,42019.26,24,0.86,1
24,252848.79,Salaried,526,110859.23,12631.93,24,0.89,0
20,325262.05,Salaried,318,228481.35,81544.55,12,0.64,0
42,338461.14,Student,703,455836.99,122334.71,24,0.73,0
28,352358.04,Salaried,401,424926.31,107085.56,12,0.75,0
35,227526.81,Salaried,405,216071.53,31213.29,48,0.86,0
41,394593.41,Salaried,367,429741.37,108190.59,36,0.75,0
26,500840.45,Self-Employed,808,315757.35,82557.75,24,0.74,1
41,351106.32,Salaried,751,452811.21,153014.12,24,0.66,1
36,404229.03,Salaried,606,307297.03,112333.8,24,0.63,0
27,294784.27,Student,450,467652.9,162864.33,48,0.65,0
58,120000.0,Self-Employed,456,445912.42,118960.52,48,0.73,0
31,349728.07,Salaried,380,355816.92,43603.54,36,0.88,0
19,304957.06,Student,511,247564.63,78871.57,48,0.68,0
32,313239.67,Self-Employed,421,316342.46,77972.37,36,0.75,0
56,370527.4,Student,465,261047.84,68193.77,36,0.74,0
56,321132.08,Self-Employed,397,216676.64,82030.37,36,0.62,0
24,454224.99,Salaried,325,172747.7,35970.21,24,0.79,1
30,317543.85,Self-Employed,831,388023.51,146023.22,48,0.62,1
48,412689.33,Salaried,449,307075.79,76241.27,48,0.75,1
21,416420.03,Salaried,550,171696.11,54668.69,24,0.68,1
58,249270.14,Salaried,671,211846.83,65992.12,48,0.69,1
22,135904.14,Salaried,723,316152.31,62059.59,12,0.8,0
37,317519.12,Salaried,768,103715.85,24284.65,24,0.77,1
40,575993.63,Student,361,134123.28,38716.88,24,0.71,0
51,423715.38,Salaried,325,256171.31,92052.06,36,0.64,1
23,299852.95,Salaried,308,392339.38,81989.34,48,0.79,0
33,301703.29,Student,799,429377.77,76596.54,36,0.82,0
36,366103.34,Salaried,496,69146.36,8063.88,24,0.88,0
43,284154.97,Salaried,322,453877.05,151681.39,48,0.67,0
58,496092.07,Student,723,315834.1,47763.72,24,0.85,0
21,273886.61,Self-Employed,817,95863.46,18902.62,48,0.8,1
35,333543.25,Salaried,834,403174.63,159258.82,24,0.6,1
24,418008.89,Self-Employed,659,293820.7,48830.07,12,0.83,1
48,242538.75,Salaried,353,93395.27,28976.7,12,0.69,0
31,396782.01,Self-Employed,314,176761.12,25920.87,36,0.85,0
24,326374.52,Salaried,804,122715.7,29919.55,48,0.76,1
35,324061.32,Salaried,699,317755.18,83442.67,12,0.74,1
46,420848.9,Self-Employed,640,94667.61,16890.39,12,0.82,0
42,440568.87,Student,373,468691.97,93935.28,36,0.8,0
20,201169.95,Salaried,805,118524.95,23380.12,48,0.8,1
54,251346.9,Self-Employed,814,345594.85,128357.2,24,0.63,1
19,270664.08,Salaried,381,445405.78,90172.15,24,0.8,0
19,524056.68,Salaried,666,206542.26,63199.13,48,0.69,1
49,300297.97,Salaried,507,409221.79,142411.28,24,0.65,0
40,185191.62,Salaried,573,423788.0,106520.8,36,0.75,0
44,335847.1,Salaried,318,308739.37,104498.13,36,0.66,0
40,259809.03,Self-Employed,693,161685.24,53161.47,48,0.67,1
56,517491.79,Self-Employed,313,485469.13,49090.52,12,0.9,0
53,474628.39,Self-Employed,379,82649.84,11003.04,48,0.87,0
41,338310.54,Self-Employed,522,349078.38,56232.44,48,0.84,0
34,320280.51,Salaried,563,488190.51,132295.95,24,0.73,0
48,345727.23,Self-Employed,348,247753.81,36222.91,24,0.85,0
25,247411.71,Self-Employed,608,400062.54,151604.97,12,0.62,0
23,507847.74,Salaried,710,261214.57,64657.67,36,0.75,1
57,310283.19,Salaried,662,129477.59,42496.29,48,0.67,1
30,367983.71,Self-Employed,375,143868.93,27428.49,48,0.81,0
57,435591.76,Salaried,574,209973.54,41448.68,24,0.8,1
37,336135.44,Student,353,471916.43,167993.86,36,0.64,0
40,416730.93,Salaried,693,223915.74,78706.9,12,0.65,1
22,434082.78,Salaried,827,453747.09,59735.62,48,0.87,1
30,334042.25,Self-Employed,843,498114.19,102601.15,12,0.79,1
53,425013.25,Self-Employed,308,342927.99,115074.7,12,0.66,0
41,406190.04,Salaried,343,438814.07,73908.99,24,0.83,0
55,221864.46,Self-Employed,544,123269.83,36690.09,36,0.7,0
18,533546.58,Salaried,412,361275.89,94596.12,12,0.74,0
50,454614.85,Salaried,413,113446.79,28703.8,36,0.75,1
18,350557.88,Self-Employed,649,136787.63,16369.64,12,0.88,0
58,349300.59,Salaried,674,132322.42,51838.71,12,0.61,1
47,396497.16,Salaried,462,237714.89,33032.62,12,0.86,0
40,316041.17,Student,832,247383.82,54387.13,36,0.78,0
26,367145.59,Salaried,736,344334.13,82313.53,36,0.76,1
20,528325.64,Student,444,359448.62,73756.22,48,0.79,0
29,509404.04,Salaried,808,139027.72,49909.94,24,0.64,1
47,349653.76,Salaried,360,419256.81,43042.38,24,0.9,0
46,329287.17,Student,310,412484.29,72009.87,24,0.83,0
55,286042.88,Salaried,382,440290.14,71691.45,12,0.84,0
26,273008.56,Salaried,833,499795.57,170416.14,36,0.66,1
27,343132.17,Self-Employed,509,322793.37,71650.12,48,0.78,0
44,327081.45,Salaried,603,252262.2,38948.19,36,0.85,0
23,411303.19,Salaried,311,339894.27,41205.14,24,0.88,0
38,173193.69,Salaried,840,167494.43,62415.68,24,0.63,1
59,463137.66,Student,620,171578.62,46980.13,24,0.73,0
35,408779.72,Self-Employed,347,438535.91,62203.35,36,0.86,0
29,369647.98,Salaried,742,202609.06,72975.47,48,0.64,1
53,141638.6,Salaried,815,491866.66,113659.59,12,0.77,1
44,445976.68,Self-Employed,588,390299.39,113598.94,36,0.71,0
49,237963.13,Salaried,740,97843.84,23644.83,24,0.76,1
37,262438.34,Salaried,529,488018.89,145294.66,12,0.7,0
40,409027.93,Salaried,528,324216.91,53655.0,12,0.83,0
44,355643.31,Salaried,593,473903.66,110828.26,48,0.77,0
54,417546.92,Salaried,587,368437.47,95534.85,12,0.74,0
33,242297.05,Self-Employed,337,376383.46,107751.36,36,0.71,0
39,518800.04,Self-Employed,795,401844.85,139381.03,12,0.65,1
36,333349.94,Salaried,840,294200.2,112598.63,48,0.62,1
30,474665.18,Student,831,396345.91,77766.41,48,0.8,0
26,436892.89,Salaried,500,117249.73,21195.45,24,0.82,0
30,409298.24,Self-Employed,495,281255.29,32569.07,24,0.88,0
32,297696.15,Salaried,812,198236.2,31118.75,12,0.84,1
46,316558.58,Self-Employed,322,328018.04,89344.55,24,0.73,0
59,401573.67,Self-Employed,623,355971.57,44346.59,48,0.88,0
20,565752.83,Salaried,673,237434.49,67721.2,24,0.71,1
36,247376.55,Student,814,107382.93,13678.36,36,0.87,0
23,444113.61,Salaried,765,70155.1,7202.67,36,0.9,1
18,373679.44,Self-Employed,520,497541.7,174514.66,24,0.65,0
30,371843.88,Self-Employed,468,183523.55,32536.27,48,0.82,0
32,177524.6,Salaried,560,118516.49,40483.4,24,0.66,0
20,357271.63,Salaried,324,284062.71,97556.84,36,0.66,1
40,233903.01,Salaried,415,390528.84,77116.06,24,0.8,0
39,397925.9,Salaried,449,446627.37,120316.24,24,0.73,0
37,379539.78,Salaried,819,389258.78,92600.88,12,0.76,1
39,156358.32,Salaried,350,420301.37,57638.5,36,0.86,0
53,276129.11,Salaried,534,449549.43,132490.81,12,0.71,0
50,406628.86,Salaried,518,348951.04,132390.39,48,0.62,1
47,273906.98,Self-Employed,782,164407.39,53073.39,24,0.68,1
41,456610.54,Salaried,641,126575.19,42136.34,48,0.67,0
23,341239.95,Student,817,127879.5,33557.62,48,0.74,0
20,378640.4,Self-Employed,781,85643.51,10811.48,24,0.87,1
34,357269.74,Salaried,787,456105.3,79750.58,48,0.83,1
29,412690.3,Salaried,688,369545.36,88397.47,24,0.76,1
51,120000.0,Self-Employed,576,165318.27,64529.9,36,0.61,0
59,531889.09,Salaried,751,471557.31,73883.63,48,0.84,1
40,454114.06,Salaried,680,126055.3,41302.3,24,0.67,1
42,406940.18,Salaried,695,231716.53,42081.39,24,0.82,1
38,314315.19,Salaried,510,149917.76,35795.25,36,0.76,1
47,400049.35,Salaried,519,316807.81,83680.58,12,0.74,0
54,310384.38,Salaried,332,260171.34,93594.14,24,0.64,0
37,199584.1,Student,704,240724.24,55453.78,48,0.77,0
47,401706.74,Student,602,384739.97,66485.5,12,0.83,0
36,224607.13,Salaried,591,370250.78,113968.32,24,0.69,0
47,329917.04,Student,789,182446.23,55990.15,12,0.69,0
26,489470.8,Self-Employed,581,280927.58,42225.71,48,0.85,0
40,447779.92,Salaried,624,121554.32,26977.53,48,0.78,1
37,416641.0,Salaried,723,283708.84,59695.5,36,0.79,1
42,261097.0,Salaried,771,298445.19,106231.07,24,0.64,1
37,188891.15,Salaried,366,332738.63,61939.81,36,0.81,0
18,232933.36,Self-Employed,316,371361.12,78946.49,12,0.79,0
47,291834.53,Salaried,430,133140.8,29181.88,24,0.78,0
39,401720.69,Salaried,418,104484.71,13622.19,36,0.87,0
33,212457.73,Salaried,485,482119.14,191417.35,36,0.6,0
54,427222.23,Self-Employed,415,174694.35,44423.12,12,0.75,0
18,250242.69,Self-Employed,737,166239.33,59901.07,48,0.64,1
28,428039.17,Salaried,397,431914.25,56992.59,12,0.87,0
42,377231.66,Self-Employed,585,444815.09,67616.95,36,0.85,0
20,330956.29,Student,643,434775.96,152694.28,48,0.65,0
36,279054.6,Salaried,331,81398.85,28146.87,12,0.65,1
58,452215.15,Self-Employed,317,78682.81,13998.16,36,0.82,0
54,126361.88,Salaried,508,270693.26,88004.69,36,0.67,0
33,324541.41,Salaried,313,474379.92,47446.57,12,0.9,0
52,267325.18,Salaried,492,319125.31,32792.86,48,0.9,0
49,525408.98,Salaried,504,221406.1,53089.37,36,0.76,0
46,416768.28,Self-Employed,507,134049.56,17391.0,36,0.87,0
57,272007.14,Salaried,821,404761.41,116638.96,36,0.71,1
34,494469.51,Self-Employed,371,291511.79,102362.2,48,0.65,0
19,522687.62,Student,440,229871.81,68395.32,24,0.7,0
39,355539.15,Self-Employed,774,459284.74,161820.09,24,0.65,1
40,484312.94,Self-Employed,303,103977.95,13800.87,12,0.87,0
40,397049.07,Salaried,588,319881.46,72805.98,36,0.77,0
39,191902.45,Salaried,378,294064.85,75620.75,24,0.74,0
37,296284.28,Salaried,470,326362.73,67920.4,24,0.79,0
48,423077.68,Self-Employed,715,415126.69,73843.74,36,0.82,0
39,328134.88,Self-Employed,709,178868.77,52611.1,48,0.71,1
37,378109.96,Student,590,259171.8,52500.74,36,0.8,0
26,328939.53,Salaried,494,127317.35,22209.17,48,0.83,0
40,248931.63,Student,324,209907.83,43548.95,36,0.79,0
41,439497.55,Salaried,749,170712.75,53840.62,12,0.68,1
30,350844.29,Self-Employed,805,267347.57,33277.6,36,0.88,1
58,509342.83,Self-Employed,773,135352.24,48474.66,12,0.64,1
20,243413.72,Salaried,461,229609.14,85159.45,12,0.63,0
34,333803.51,Salaried,415,198885.37,78795.45,24,0.6,1
37,277698.42,Salaried,364,250161.56,61373.81,24,0.75,0
23,297303.78,Salaried,466,439549.71,75089.62,48,0.83,0
57,508832.96,Salaried,469,206760.04,65954.55,24,0.68,1
34,407713.39,Student,572,402198.06,115955.86,36,0.71,0
46,433132.33,Salaried,765,124710.47,42273.13,24,0.66,1
25,390977.69,Student,538,147359.69,43351.13,36,0.71,0
45,162034.24,Self-Employed,353,458343.06,79116.82,12,0.83,0
21,150103.6,Salaried,316,376083.32,106520.52,24,0.72,0
22,151963.01,Student,664,82785.45,28551.66,24,0.66,0
34,362482.71,Student,572,270184.18,39542.49,48,0.85,0
35,459591.4,Self-Employed,634,236010.16,34357.33,36,0.85,0
22,461208.2,Salaried,726,382359.76,92971.68,24,0.76,1
26,295577.22,Self-Employed,636,427334.75,79602.01,24,0.81,0
53,386290.37,Salaried,504,163990.88,63242.32,48,0.61,1
45,349591.14,Salaried,496,162036.29,41045.48,36,0.75,1
59,244704.46,Salaried,684,71124.57,13517.02,12,0.81,1
19,336365.88,Self-Employed,718,360168.86,115592.76,48,0.68,1
18,327189.01,Salaried,489,217011.66,75675.86,36,0.65,1
21,359135.48,Salaried,589,128193.58,36697.39,36,0.71,1
24,288591.27,Salaried,645,354195.99,66204.49,24,0.81,0
18,302641.14,Student,390,369145.38,110706.9,48,0.7,0
58,344634.46,Salaried,657,406362.97,141085.04,36,0.65,1
37,365714.25,Salaried,611,386245.96,98037.64,24,0.75,0
43,363697.28,Student,754,254890.46,71012.12,24,0.72,0
28,354758.72,Salaried,565,421720.6,108777.56,36,0.74,0
28,120000.0,Salaried,307,121235.96,42246.51,48,0.65,1
49,453325.9,Self-Employed,485,476427.34,118232.02,48,0.75,1
30,306258.07,Student,490,261291.74,53756.07,36,0.79,0
31,418147.31,Salaried,320,255727.95,100364.61,36,0.61,1
58,434371.14,Salaried,340,82313.34,13727.25,48,0.83,0
41,433360.58,Salaried,760,417062.47,159380.24,12,0.62,1
51,420798.71,Salaried,754,268623.09,57100.62,24,0.79,1
49,389521.58,Self-Employed,677,364076.06,62312.66,24,0.83,0
38,257329.87,Salaried,385,246424.54,90106.36,48,0.63,1
38,418183.79,Salaried,332,215826.84,58888.41,12,0.73,0
42,421481.82,Salaried,641,230232.75,61125.09,48,0.73,1
25,120000.0,Self-Employed,389,105942.13,29101.54,24,0.73,0
45,457643.15,Salaried,702,119803.34,33502.46,24,0.72,1
18,352703.83,Salaried,526,366956.76,93880.05,36,0.74,0
32,305648.67,Salaried,450,164893.45,48214.6,24,0.71,1
40,225528.3,Student,772,332012.72,70038.54,12,0.79,0
34,376445.91,Student,441,247327.18,68645.72,36,0.72,0
43,443265.14,Salaried,722,151729.7,50694.91,12,0.67,1
51,264471.26,Salaried,669,490770.92,112922.76,24,0.77,1
28,336600.98,Salaried,728,353466.42,69540.64,12,0.8,0
47,377951.38,Salaried,530,162841.44,54581.76,36,0.66,0
26,291160.5,Self-Employed,349,329492.52,37878.12,12,0.89,0
23,142479.7,Salaried,560,276949.76,54604.16,24,0.8,0
57,346864.7,Self-Employed,675,422194.67,113889.85,48,0.73,0
59,273865.47,Salaried,405,296325.38,83437.31,36,0.72,0
50,292018.35,Salaried,711,216435.82,55908.46,48,0.74,1
26,434594.08,Student,346,463368.32,77742.26,24,0.83,0
24,357828.67,Salaried,643,466652.55,88873.73,36,0.81,0
30,471621.87,Self-Employed,511,189761.95,27679.59,48,0.85,0
28,437170.2,Self-Employed,588,115802.78,27033.72,24,0.77,0
36,332746.26,Self-Employed,566,76956.45,29894.89,12,0.61,0
44,304087.57,Salaried,429,321661.93,94224.04,36,0.71,0
22,230116.87,Self-Employed,442,368406.41,82012.24,36,0.78,0
45,429882.99,Self-Employed,758,307457.27,56575.02,12,0.82,1
18,441894.32,Salaried,454,212688.08,82978.27,12,0.61,0
24,264126.88,Salaried,332,296150.09,72152.31,36,0.76,0
59,484086.36,Self-Employed,361,433784.49,69860.94,36,0.84,0
57,296604.06,Student,399,396231.98,157169.92,48,0.6,0
29,372247.61,Salaried,843,380942.47,126442.16,36,0.67,1
33,359628.97,Self-Employed,594,392002.09,107833.1,48,0.72,0
48,514124.26,Salaried,590,437090.32,95532.82,36,0.78,0
22,420271.31,Salaried,630,215250.38,82709.25,48,0.62,1
29,314090.44,Self-Employed,712,310618.29,77857.39,24,0.75,1
55,191778.84,Salaried,601,149879.23,50197.17,12,0.67,0
47,284276.21,Self-Employed,839,495143.44,90721.07,36,0.82,1
47,323073.22,Salaried,304,352036.42,88152.37,24,0.75,0
43,469982.08,Salaried,729,472086.29,108511.39,48,0.77,1
30,393125.65,Self-Employed,332,183798.9,67953.65,24,0.63,1
26,239171.0,Self-Employed,476,355873.37,53621.08,36,0.85,0
52,287691.51,Salaried,613,301041.49,60434.86,36,0.8,0
27,374965.4,Self-Employed,500,477504.27,79767.45,12,0.83,0
50,453186.48,Salaried,304,419120.39,54214.26,24,0.87,0
19,154413.18,Student,669,80301.52,10753.28,36,0.87,0
34,273452.04,Salaried,772,248311.67,47212.84,36,0.81,1
58,309770.68,Salaried,523,115351.8,41669.55,36,0.64,0
42,467120.71,Salaried,717,452180.68,175850.42,48,0.61,1
45,391606.86,Salaried,486,482202.11,104110.59,12,0.78,0
30,405740.3,Salaried,599,153449.49,54987.02,12,0.64,0
57,343716.67,Self-Employed,343,258565.98,41205.31,12,0.84,0
26,300108.27,Salaried,621,400521.36,120239.82,36,0.7,0
49,282449.68,Salaried,467,451373.4,48430.99,48,0.89,0
28,285078.85,Student,583,378247.67,131195.56,24,0.65,0
45,271700.16,Self-Employed,423,56202.13,8069.14,12,0.86,0
22,294418.45,Salaried,453,86057.63,21172.43,48,0.75,1
31,385224.39,Self-Employed,508,353258.96,126788.0,48,0.64,0
25,191038.71,Salaried,552,426877.33,102547.29,24,0.76,0
57,353510.19,Salaried,300,112390.3,28823.63,24,0.74,1
59,173318.46,Self-Employed,652,115671.58,43477.55,12,0.62,1
45,397585.68,Salaried,421,193881.13,26948.07,36,0.86,1
31,314671.83,Salaried,802,425483.64,81499.8,24,0.81,1
50,361304.26,Salaried,793,71785.15,18664.57,36,0.74,1
38,551015.39,Self-Employed,513,432997.87,126648.83,24,0.71,0
40,346683.37,Salaried,505,493499.17,101670.67,24,0.79,0
19,529184.57,Self-Employed,661,252918.95,93206.61,48,0.63,1
53,484299.09,Salaried,327,391923.76,87814.47,24,0.78,0
57,126696.25,Self-Employed,838,260438.18,93620.78,24,0.64,1
20,366447.53,Salaried,595,195713.32,72259.93,24,0.63,1
19,415427.38,Self-Employed,492,410160.76,42685.63,24,0.9,0
27,343956.29,Salaried,674,179763.3,66343.57,12,0.63,1
41,264818.43,Salaried,765,459414.88,153562.66,24,0.67,1
46,615507.12,Self-Employed,618,209302.92,27652.88,36,0.87,0
28,541956.3,Student,644,335558.53,85031.08,48,0.75,0
30,311448.73,Self-Employed,579,386873.09,51038.05,36,0.87,0
55,316029.48,Salaried,842,156279.61,38718.08,24,0.75,1
20,444030.53,Salaried,539,396565.21,69300.12,12,0.83,0
53,588756.54,Salaried,588,489859.17,69483.34,12,0.86,0
44,377601.27,Salaried,435,423853.8,86670.21,36,0.8,0
55,275299.78,Salaried,460,437839.17,157486.42,36,0.64,0
24,313406.95,Salaried,342,436363.44,111446.93,36,0.74,0
42,472860.49,Salaried,532,350620.86,99354.1,48,0.72,0
33,296404.45,Salaried,455,364625.88,58090.46,12,0.84,0
35,336615.48,Salaried,845,93394.17,11802.87,36,0.87,1
47,321974.39,Student,498,95479.66,31011.2,36,0.68,0
53,432677.76,Self-Employed,677,72787.82,14955.82,48,0.79,1
25,454613.94,Salaried,322,238513.8,29818.69,36,0.87,0
50,323099.48,Student,457,322070.74,51834.3,12,0.84,0
43,335094.87,Salaried,514,465685.45,159430.23,24,0.66,0
21,180684.87,Salaried,820,494358.21,55596.86,48,0.89,1
35,454572.71,Self-Employed,379,296846.51,113234.98,36,0.62,1
44,161854.03,Salaried,799,467839.67,166303.1,48,0.64,1
48,608432.47,Student,698,351555.19,111845.14,24,0.68,0
29,325845.39,Salaried,807,428021.13,139116.47,24,0.67,1
30,345884.9,Salaried,742,417513.18,116497.56,36,0.72,1
20,420261.09,Self-Employed,530,291623.42,74748.99,48,0.74,1
30,405470.76,Salaried,615,392289.66,47262.74,24,0.88,0
58,352028.16,Salaried,333,482802.93,60256.84,48,0.88,0
49,381985.54,Salaried,468,158768.36,34195.34,12,0.78,0
39,257897.85,Salaried,703,94300.09,18824.74,36,0.8,1
59,344781.26,Self-Employed,594,219344.89,34073.13,48,0.84,0
24,349166.82,Salaried,576,173908.52,50840.88,48,0.71,1
22,347872.51,Salaried,844,260870.06,56669.68,24,0.78,1
45,430410.02,Salaried,835,141990.07,48975.93,12,0.66,1
38,336782.25,Salaried,576,162770.02,58991.84,12,0.64,0
37,335064.92,Self-Employed,783,322976.94,104609.25,12,0.68,1
37,372699.08,Self-Employed,600,402278.3,60524.8,36,0.85,0
52,252359.36,Self-Employed,658,272542.16,90173.98,12,0.67,0
18,260883.06,Salaried,740,134863.19,19149.75,24,0.86,1
33,291280.64,Salaried,669,55269.94,13010.26,12,0.76,1
47,446280.98,Salaried,655,247060.56,83203.25,12,0.66,1
28,146383.82,Salaried,802,172917.27,64317.75,36,0.63,1
53,442977.48,Self-Employed,431,230553.34,35693.78,12,0.85,0
28,320480.84,Salaried,752,246716.98,49958.99,36,0.8,1
35,454156.55,Salaried,669,337614.27,94349.52,36,0.72,1
30,168965.4,Salaried,387,350289.0,104029.84,48,0.7,0
53,270733.78,Self-Employed,412,146396.64,29133.48,48,0.8,0
50,354956.23,Salaried,627,112088.65,34435.79,12,0.69,0
56,212753.91,Salaried,328,302358.49,111748.49,36,0.63,0
25,517333.56,Salaried,344,259075.03,28513.38,48,0.89,0
24,378871.73,Salaried,831,81816.67,24707.98,12,0.7,1
36,494185.65,Salaried,394,186556.16,51628.58,48,0.72,0
20,329819.32,Salaried,347,91953.17,16693.27,36,0.82,0
42,338501.73,Self-Employed,684,263041.93,72989.32,48,0.72,1
47,400340.89,Salaried,762,355476.58,38904.1,48,0.89,1
47,275426.48,Salaried,301,318638.3,75507.43,12,0.76,0
53,523268.37,Salaried,707,250435.56,61712.18,48,0.75,1
27,328245.87,Salaried,621,300901.36,49559.5,48,0.84,1
29,503096.82,Salaried,357,140346.83,28661.16,12,0.8,0
33,538616.25,Salaried,483,235067.66,64810.88,24,0.72,1
37,469768.3,Self-Employed,552,285007.46,38133.11,12,0.87,0
21,449094.36,Salaried,816,226332.21,58170.99,24,0.74,1
34,389514.46,Self-Employed,553,484634.42,140281.35,24,0.71,0
26,398444.78,Salaried,586,320921.6,96511.95,24,0.7,0
22,251412.27,Salaried,512,465877.5,111152.58,36,0.76,0
53,255395.22,Salaried,445,149307.56,40624.8,48,0.73,1
35,426792.47,Self-Employed,464,467488.69,151617.12,48,0.68,0
31,230439.31,Self-Employed,709,82371.82,22965.41,48,0.72,1
43,473132.32,Salaried,805,131380.05,19758.46,12,0.85,1
24,259085.17,Salaried,732,452180.97,164366.24,12,0.64,1
42,193395.53,Salaried,510,416337.97,92554.53,12,0.78,0
51,562622.65,Salaried,433,385621.88,50041.52,48,0.87,0
41,211148.84,Salaried,303,191776.18,68716.97,24,0.64,0
39,465689.88,Self-Employed,831,454685.98,103009.38,24,0.77,1
57,235249.63,Self-Employed,671,483612.67,138244.36,48,0.71,0
42,374370.09,Salaried,368,331077.17,62491.85,36,0.81,0
36,354194.55,Self-Employed,538,61861.54,20885.98,36,0.66,0
28,475639.36,Salaried,819,286071.41,87074.1,24,0.7,1
20,398337.54,Salaried,681,363346.67,78792.87,36,0.78,1
53,169703.46,Salaried,513,296487.39,114568.81,48,0.61,0
49,247576.32,Salaried,455,142585.1,30920.96,36,0.78,1
56,365141.05,Student,345,364721.37,144274.98,36,0.6,0
38,389162.83,Salaried,564,485392.87,193033.83,12,0.6,0
19,515639.66,Salaried,700,407641.8,95083.48,12,0.77,1
28,275332.37,Self-Employed,565,64124.32,12954.11,36,0.8,1
58,324179.03,Salaried,490,92035.77,11447.88,48,0.88,0
49,446744.87,Salaried,456,266891.07,82116.24,12,0.69,0
20,319056.49,Self-Employed,825,486629.47,153034.91,12,0.69,1
41,451301.85,Salaried,437,182959.35,46335.15,12,0.75,0
27,451881.79,Self-Employed,579,348714.5,73351.96,48,0.79,0
34,443579.2,Self-Employed,354,302941.45,34775.63,48,0.89,0
38,363350.64,Student,414,201504.91,26687.38,48,0.87,0
41,413189.85,Salaried,842,204372.96,69953.95,24,0.66,1
28,283989.46,Student,802,250884.84,45166.32,12,0.82,0
27,367743.28,Self-Employed,315,377650.79,60013.13,48,0.84,0
29,443126.84,Salaried,823,473168.53,109125.22,48,0.77,1
48,520482.21,Self-Employed,523,210681.55,77904.84,24,0.63,1
57,255044.11,Self-Employed,386,208865.34,75386.13,48,0.64,0
37,348608.72,Self-Employed,300,54165.71,14654.27,12,0.73,0
56,452380.76,Self-Employed,786,456800.52,178071.26,12,0.61,1
48,490891.53,Salaried,729,458127.75,141967.07,36,0.69,1
28,261631.62,Salaried,523,213849.61,67489.6,12,0.68,0
40,247830.87,Salaried,738,311129.85,92120.16,12,0.7,1
30,410331.42,Salaried,316,389070.8,49438.52,48,0.87,0
20,430809.14,Salaried,538,404662.96,120484.06,24,0.7,0
58,168433.09,Salaried,683,141690.36,22891.8,48,0.84,1
50,435858.43,Salaried,684,428105.38,43942.27,12,0.9,0
26,277323.41,Salaried,808,485439.66,117133.03,48,0.76,1
21,297979.4,Salaried,349,179237.75,45363.12,12,0.75,0
18,454881.54,Salaried,424,264390.14,102487.44,36,0.61,1
48,237048.46,Salaried,729,98072.95,29606.52,36,0.7,1
40,191353.51,Salaried,366,426380.46,115150.2,24,0.73,0
55,469658.18,Salaried,357,394708.22,148993.62,12,0.62,0
39,336743.96,Self-Employed,308,59824.53,22081.8,36,0.63,0
19,352175.11,Salaried,475,87485.35,10421.68,24,0.88,0
51,412761.69,Salaried,523,272461.36,84374.17,12,0.69,0
55,242152.87,Salaried,395,441886.33,44327.04,48,0.9,0
52,454776.38,Salaried,422,196232.69,45337.2,12,0.77,0
41,411348.48,Salaried,620,402243.0,82476.12,36,0.79,0
48,394217.62,Salaried,422,165101.4,57916.31,24,0.65,1
18,332031.7,Student,377,412543.38,102473.13,48,0.75,0
25,302061.38,Self-Employed,749,373966.79,113229.87,36,0.7,0
25,355674.41,Self-Employed,568,481814.78,62700.02,36,0.87,0
51,224997.94,Salaried,803,424637.14,49633.67,24,0.88,1
36,241194.79,Self-Employed,488,69219.9,6932.89,36,0.9,0
20,269846.12,Student,756,499229.16,176684.88,12,0.65,0
19,267137.13,Salaried,621,438913.16,132683.82,36,0.7,0
50,290091.42,Self-Employed,720,364631.16,132392.96,48,0.64,1
39,373757.81,Self-Employed,688,321024.84,85171.28,48,0.73,1
28,344521.58,Self-Employed,653,263857.6,71680.21,48,0.73,1
26,400634.29,Salaried,555,438724.22,107701.45,36,0.75,0
56,449093.28,Student,785,200126.99,56733.27,48,0.72,0
42,334435.77,Self-Employed,384,285161.1,43181.22,24,0.85,0
42,367935.0,Salaried,377,309779.4,92966.17,24,0.7,0
19,371715.03,Salaried,498,399126.77,126949.06,24,0.68,0
42,281856.57,Salaried,371,479891.67,56592.61,48,0.88,0
49,515114.87,Self-Employed,340,154859.07,51664.74,12,0.67,0
55,350259.47,Self-Employed,643,309345.11,112359.92,12,0.64,0
54,139372.42,Salaried,621,153467.25,58212.44,12,0.62,0
58,393262.73,Salaried,717,294863.91,50354.27,24,0.83,1
29,120000.0,Self-Employed,363,475650.6,51420.05,48,0.89,0
53,382265.41,Self-Employed,599,104120.56,14459.3,36,0.86,0
49,446405.98,Self-Employed,582,338447.79,50493.14,36,0.85,0
54,123072.96,Self-Employed,527,220952.77,61888.43,24,0.72,0
51,423497.96,Salaried,456,273160.06,58957.77,36,0.78,0
39,424680.12,Salaried,609,311153.79,96942.26,12,0.69,0
46,468466.87,Salaried,315,197216.17,60150.18,36,0.7,1
36,412954.32,Salaried,659,499017.71,118557.4,24,0.76,1
24,455588.16,Salaried,457,337001.21,79638.28,48,0.76,0
53,398784.29,Self-Employed,335,182471.77,24749.53,12,0.86,0
49,270408.87,Salaried,512,119253.51,16818.28,48,0.86,0
24,240957.12,Salaried,650,138835.8,46090.98,24,0.67,1
57,363564.38,Self-Employed,843,252580.5,53791.59,36,0.79,1
35,416977.11,Salaried,405,234434.55,75208.08,36,0.68,1
43,264846.42,Salaried,844,210772.89,80960.86,48,0.62,1
52,284070.15,Salaried,541,184332.45,54146.0,12,0.71,0
26,398519.27,Salaried,812,427395.31,63797.36,12,0.85,1
55,431487.56,Self-Employed,746,391515.04,147243.15,24,0.62,1
57,316267.84,Salaried,573,112485.5,41406.65,12,0.63,0
54,455305.09,Self-Employed,624,446188.64,154379.85,24,0.65,0
57,484250.44,Self-Employed,511,93055.32,16412.06,48,0.82,0
55,402558.62,Self-Employed,530,291100.97,51130.3,24,0.82,0
31,403432.59,Self-Employed,307,155685.65,20944.28,36,0.87,0
18,415971.72,Salaried,822,280659.6,63662.51,48,0.77,1
47,300917.22,Salaried,721,393080.85,151447.52,12,0.61,1
54,359796.06,Salaried,607,169444.72,59917.67,36,0.65,1
50,171045.2,Salaried,314,269370.43,50936.16,12,0.81,0
38,266776.3,Salaried,827,242120.53,55615.15,24,0.77,1
38,334028.88,Salaried,318,106726.92,15488.78,48,0.85,0
26,173853.86,Self-Employed,491,254424.82,78023.09,36,0.69,0
55,348565.52,Self-Employed,526,116829.11,45943.03,36,0.61,0
42,388069.41,Salaried,580,199190.76,42204.76,36,0.79,1
29,275770.55,Salaried,436,71937.49,9484.48,36,0.87,0
24,311498.48,Salaried,492,463192.32,168829.01,24,0.64,0
29,272312.5,Self-Employed,620,206103.96,21851.19,12,0.89,0
50,391320.01,Self-Employed,772,206866.03,75213.14,36,0.64,1
26,400252.04,Self-Employed,801,140449.64,54968.2,36,0.61,1
19,322125.0,Salaried,794,348726.54,64779.75,36,0.81,1
44,527685.48,Salaried,762,175347.23,64021.28,48,0.63,1
54,533989.78,Self-Employed,737,125278.33,23621.72,36,0.81,1
40,206477.32,Salaried,591,342392.39,99771.19,24,0.71,0
24,351907.99,Salaried,458,301742.05,87713.04,24,0.71,0
44,442770.25,Salaried,564,118142.92,17976.06,48,0.85,0
38,439713.09,Self-Employed,344,154561.56,21905.68,24,0.86,0
33,253522.77,Salaried,544,308996.57,41255.13,24,0.87,0
20,217147.74,Self-Employed,750,369624.19,37959.13,12,0.9,0
23,281797.68,Self-Employed,562,477634.38,154792.43,24,0.68,0
47,292056.4,Salaried,647,475235.23,131484.59,24,0.72,0
51,461571.42,Salaried,455,376227.92,62463.42,24,0.83,0
32,384812.33,Self-Employed,648,186257.14,34955.86,12,0.81,0
56,435227.48,Salaried,840,417520.5,117768.42,48,0.72,1
19,403036.38,Self-Employed,584,77201.96,24009.33,12,0.69,0
21,415800.25,Salaried,365,332250.56,93774.57,36,0.72,1
29,358336.72,Salaried,742,342227.25,49533.91,24,0.86,1
49,400228.33,Salaried,694,437021.75,119102.21,36,0.73,1
59,346684.58,Salaried,679,346802.92,80858.46,48,0.77,1
31,211637.55,Student,713,425400.79,106055.2,36,0.75,0
45,380448.2,Salaried,317,91061.3,15726.44,24,0.83,0
47,386712.72,Salaried,347,102901.6,36207.44,36,0.65,1
46,476356.58,Salaried,702,424688.51,135607.12,24,0.68,1
58,240826.61,Self-Employed,616,224178.23,29511.87,12,0.87,0
53,317634.22,Salaried,768,365493.26,44371.3,24,0.88,1
27,404853.36,Salaried,799,255996.4,83203.34,12,0.67,1
18,197044.86,Salaried,579,255375.54,75369.0,24,0.7,0
38,287226.34,Self-Employed,632,301003.11,40347.69,24,0.87,0
47,343898.18,Salaried,316,326680.42,119125.12,24,0.64,0
28,342458.94,Salaried,411,412278.19,108944.77,48,0.74,0
29,372505.63,Salaried,789,117213.55,20293.83,48,0.83,1
46,362498.47,Salaried,522,269873.64,102758.13,48,0.62,1
56,530068.52,Self-Employed,401,220136.74,32466.31,12,0.85,0
56,403070.59,Self-Employed,543,463258.52,135428.38,12,0.71,0
38,425947.59,Self-Employed,667,354380.47,133872.89,12,0.62,1
45,372855.26,Self-Employed,425,228165.27,50953.25,24,0.78,0
57,426504.69,Self-Employed,389,225109.16,78017.92,24,0.65,0
57,302617.88,Salaried,312,289491.02,73479.0,12,0.75,0
43,188493.62,Student,532,455335.33,143909.84,12,0.68,0
31,342521.22,Salaried,400,310100.48,101381.12,48,0.67,1
32,271840.1,Salaried,653,313570.5,71134.17,48,0.77,1
28,411283.78,Self-Employed,667,196595.94,58459.31,48,0.7,1
50,542892.67,Self-Employed,746,410826.35,68724.85,24,0.83,1
59,440480.61,Salaried,817,163135.89,61741.26,24,0.62,1
48,315783.29,Salaried,419,303828.21,93489.68,48,0.69,1
23,342348.12,Salaried,781,263830.76,89678.88,12,0.66,1
37,368893.33,Salaried,470,403611.59,134157.55,36,0.67,0
53,266437.08,Salaried,821,431146.46,172439.22,36,0.6,1
32,449270.17,Student,828,376937.74,109599.61,24,0.71,0
48,318528.21,Salaried,635,354961.04,136943.24,36,0.61,0
28,342697.97,Self-Employed,835,322979.08,43609.44,24,0.86,1
25,486702.27,Self-Employed,406,128803.71,48311.66,12,0.62,0
26,443175.56,Salaried,800,276799.24,45942.16,36,0.83,1
50,366383.01,Salaried,487,335142.91,112877.38,12,0.66,0
24,120000.0,Salaried,656,80331.11,21356.96,48,0.73,1
25,301533.02,Self-Employed,771,252270.39,93231.71,48,0.63,1
52,529305.28,Self-Employed,359,367505.63,119550.86,12,0.67,0
27,393800.38,Self-Employed,322,95044.77,9515.86,12,0.9,0
29,555923.32,Self-Employed,379,477583.84,143910.16,12,0.7,0
59,278913.49,Salaried,437,225683.02,70029.06,48,0.69,1
27,341467.89,Salaried,388,280602.45,93311.03,36,0.67,1
45,242086.55,Salaried,562,394079.45,46787.5,24,0.88,0
18,341034.04,Self-Employed,382,139727.93,37829.08,24,0.73,0
52,506280.3,Salaried,412,151620.5,39635.93,48,0.74,1
26,131162.12,Self-Employed,573,454482.63,78229.27,48,0.83,0
28,293174.09,Self-Employed,726,355161.64,37764.52,24,0.89,0
36,333996.1,Salaried,831,434603.42,132983.8,24,0.69,1
26,330446.18,Salaried,708,87400.52,27191.19,12,0.69,1
29,313458.29,Salaried,621,81783.09,30592.44,24,0.63,0
49,359060.16,Self-Employed,386,298690.03,35254.01,36,0.88,0
27,404951.29,Student,602,73853.51,16115.38,12,0.78,0
25,340968.31,Student,386,177500.62,19805.04,36,0.89,0
46,350323.55,Self-Employed,686,304100.11,81372.69,48,0.73,1
24,335511.75,Salaried,634,201890.62,35124.17,36,0.83,1
51,415331.32,Self-Employed,834,150982.52,33826.9,12,0.78,1
20,439865.83,Salaried,747,423815.01,82601.95,48,0.81,1
21,281645.01,Salaried,586,349092.03,42885.34,36,0.88,0
56,359826.11,Salaried,724,210733.27,46615.95,36,0.78,1
44,261834.35,Salaried,316,165785.44,33945.44,36,0.8,1
57,387427.91,Self-Employed,828,216286.12,25859.55,36,0.88,1
55,467328.91,Salaried,361,452237.53,78434.82,12,0.83,0
50,245506.7,Self-Employed,548,286449.79,50617.14,36,0.82,0
37,373864.8,Salaried,519,72927.85,15260.51,48,0.79,1
47,282576.46,Self-Employed,430,470991.55,76766.71,24,0.84,0
53,240508.01,Student,441,367050.42,90366.46,24,0.75,0
36,464036.49,Student,788,362412.89,47471.54,36,0.87,0
31,441356.82,Salaried,374,416301.17,158264.39,48,0.62,1
34,385012.33,Salaried,672,212359.56,54977.61,12,0.74,1
35,397990.77,Student,485,297127.85,31338.72,36,0.89,0
51,388304.37,Self-Employed,419,337563.22,46730.96,12,0.86,0
43,484246.45,Salaried,477,466337.7,128684.34,48,0.72,1
57,556237.96,Salaried,608,202441.52,71811.28,12,0.65,0
44,323170.34,Salaried,587,462717.15,176753.22,12,0.62,0
26,461099.28,Salaried,526,445818.87,87014.08,24,0.8,0
39,261090.48,Salaried,536,371179.42,58860.39,24,0.84,0
53,369449.67,Salaried,639,63737.06,19018.39,48,0.7,1
44,329987.8,Salaried,445,273654.92,35834.96,12,0.87,0
21,335659.42,Salaried,757,110673.58,34450.11,12,0.69,1
25,308515.72,Self-Employed,378,63743.66,10477.89,24,0.84,0
45,456948.77,Salaried,446,334254.2,128914.61,48,0.61,1
43,426574.08,Student,425,288500.92,92432.92,24,0.68,0
25,376424.55,Self-Employed,343,85143.5,19308.55,24,0.77,1
50,345070.24,Student,442,167142.58,60888.35,48,0.64,0
39,262510.1,Self-Employed,716,62568.55,12978.04,48,0.79,1
22,277842.04,Self-Employed,325,263250.94,72274.95,12,0.73,0
36,287251.56,Salaried,716,345035.85,78712.92,36,0.77,1
37,341736.63,Salaried,728,94347.94,10958.56,36,0.88,1
52,325816.92,Student,819,91664.84,14173.89,12,0.85,0
42,531860.08,Salaried,543,185762.57,69148.81,12,0.63,0
20,325941.1,Salaried,355,153131.39,45683.77,24,0.7,1
21,309018.22,Salaried,387,468254.18,135951.39,48,0.71,0
18,251160.9,Self-Employed,692,104954.46,32915.45,12,0.69,1
29,376020.62,Self-Employed,410,214735.95,83766.97,36,0.61,0
35,303888.63,Self-Employed,606,84368.71,23863.3,36,0.72,0
49,304133.5,Self-Employed,536,488360.26,69823.48,24,0.86,0
18,356684.59,Self-Employed,751,412357.49,94621.37,48,0.77,1
52,308256.39,Salaried,478,126468.15,47277.83,36,0.63,1
40,415943.12,Self-Employed,358,281407.97,112301.61,12,0.6,0
50,408574.53,Salaried,319,192069.72,48689.13,48,0.75,1
20,469664.39,Self-Employed,368,473585.46,186649.36,48,0.61,0
58,302532.02,Salaried,788,331575.53,105331.63,36,0.68,1
29,488259.62,Self-Employed,349,347520.63,39415.63,12,0.89,0
50,429881.66,Salaried,565,378861.4,104240.1,36,0.72,0
28,298902.75,Student,424,331147.87,77574.03,36,0.77,0
43,237948.42,Salaried,303,110487.4,33465.99,12,0.7,0
35,418281.7,Salaried,621,258277.44,93197.54,48,0.64,1
45,285532.13,Self-Employed,380,73356.99,11922.86,48,0.84,0
37,546747.58,Student,451,187659.61,24793.5,12,0.87,0
36,307486.91,Salaried,466,363483.34,113042.36,12,0.69,0
43,390345.96,Salaried,435,381118.71,76590.06,48,0.8,0
51,484053.1,Self-Employed,735,339848.27,72596.19,48,0.79,1
40,154938.58,Self-Employed,678,378229.6,135778.2,12,0.64,1
29,481401.31,Salaried,692,225975.2,88777.31,48,0.61,1
26,481757.22,Salaried,349,449424.59,105159.87,12,0.77,0
18,497150.14,Salaried,368,199099.49,37078.54,48,0.81,0
36,317128.73,Student,406,142871.4,49530.0,24,0.65,0
45,364186.72,Salaried,766,310076.26,105204.01,48,0.66,1
22,281494.07,Salaried,315,155059.34,56786.03,12,0.63,0
47,422796.35,Salaried,609,247009.95,85934.38,36,0.65,1
23,572865.88,Salaried,749,405273.94,137004.03,24,0.66,1
36,350288.74,Salaried,450,340743.03,60888.16,24,0.82,0
43,210605.86,Salaried,316,375965.24,149017.18,48,0.6,0
24,312510.21,Salaried,844,295620.91,85090.53,36,0.71,1
48,401307.69,Salaried,648,252234.39,31934.61,36,0.87,0
35,373864.54,Self-Employed,791,398190.4,91989.16,24,0.77,1
48,428874.39,Salaried,304,385128.97,151302.56,24,0.61,0
29,406386.36,Self-Employed,415,81015.75,24150.54,24,0.7,1
22,283920.2,Salaried,694,281871.05,70597.51,48,0.75,1
24,372663.52,Salaried,572,228501.4,25843.54,36,0.89,0
41,489445.93,Salaried,821,400797.51,117633.37,48,0.71,1
20,187988.03,Salaried,734,382540.6,52882.17,12,0.86,1
28,483253.21,Salaried,812,120295.74,39664.9,12,0.67,1
49,378668.64,Student,611,142372.92,53911.67,12,0.62,0
56,283594.33,Self-Employed,652,220083.97,75311.57,48,0.66,1
53,192735.28,Self-Employed,440,176439.39,29903.62,48,0.83,0
36,247062.67,Salaried,438,72098.39,24915.24,48,0.65,1
26,525191.99,Self-Employed,376,306488.65,67359.58,12,0.78,0
58,353976.45,Salaried,385,178748.46,52477.86,12,0.71,0
30,201433.84,Self-Employed,581,359972.24,43437.69,12,0.88,0
56,323646.82,Self-Employed,615,339799.65,34733.88,48,0.9,0
54,289229.16,Salaried,342,200148.35,62416.32,48,0.69,1
27,233316.45,Salaried,581,272376.59,96494.91,24,0.65,0
53,352292.22,Salaried,632,291265.55,72031.45,36,0.75,0
23,398532.21,Salaried,527,484110.69,122069.37,12,0.75,0
28,422108.78,Salaried,415,374095.25,92676.98,36,0.75,0
39,396821.74,Salaried,490,144164.91,43640.02,36,0.7,0
18,477817.97,Self-Employed,728,496687.33,74507.58,36,0.85,0
34,363081.93,Salaried,530,300750.59,52101.26,36,0.83,0
57,389752.93,Salaried,494,331876.89,85511.48,36,0.74,0
22,258119.66,Salaried,675,249278.44,88263.99,36,0.65,1
57,181011.59,Self-Employed,640,113261.71,41926.6,24,0.63,0
55,348876.87,Self-Employed,566,179266.11,62495.07,48,0.65,0
37,438819.65,Salaried,807,91213.82,33885.22,48,0.63,1
52,215107.29,Salaried,614,137978.36,32538.48,24,0.76,0
26,324874.2,Salaried,374,127059.11,17373.63,48,0.86,0
52,479712.48,Salaried,627,240897.89,76114.67,36,0.68,1
43,338619.23,Salaried,733,337392.69,50307.63,36,0.85,1
18,253226.56,Salaried,512,68556.5,10044.12,36,0.85,1
44,442826.09,Self-Employed,634,387152.72,144394.51,12,0.63,0
37,460507.48,Salaried,457,153557.88,42233.69,48,0.72,1
39,271240.75,Salaried,836,182286.47,28436.67,12,0.84,1
31,304335.98,Self-Employed,539,177882.0,43765.57,24,0.75,0
41,390366.19,Salaried,711,419881.6,66597.15,12,0.84,1
20,400222.81,Self-Employed,339,326228.93,41850.51,24,0.87,0
36,491954.92,Salaried,845,443515.7,160577.62,12,0.64,1
48,380107.97,Self-Employed,715,80028.88,17531.99,48,0.78,1
59,439455.72,Self-Employed,505,215354.21,52535.69,36,0.76,0
37,436831.87,Salaried,478,449515.74,93007.73,48,0.79,0
49,391102.13,Salaried,628,330032.56,42013.3,36,0.87,0
53,379198.0,Salaried,695,417144.0,135818.55,24,0.67,1
49,439101.41,Salaried,730,369057.23,106827.44,24,0.71,1
23,540524.68,Self-Employed,619,172551.72,19009.64,36,0.89,0
44,314544.32,Self-Employed,508,125614.5,28537.12,48,0.77,0
58,349538.99,Student,528,218971.78,42194.15,12,0.81,0
46,344209.64,Student,301,155430.68,31724.8,36,0.8,0
52,405482.57,Salaried,793,77338.24,8177.25,12,0.89,1
33,299556.72,Salaried,674,73103.92,14519.22,36,0.8,1
55,449169.07,Salaried,629,374326.57,54304.16,24,0.85,0
29,248274.73,Salaried,674,88221.21,34018.56,36,0.61,1
24,401459.39,Salaried,424,181308.84,64021.9,12,0.65,0
26,198805.86,Salaried,847,164961.01,53840.94,12,0.67,1
56,282310.32,Salaried,570,113102.4,28834.4,36,0.75,1
58,130052.49,Salaried,833,257252.68,82914.52,48,0.68,1
56,543916.75,Self-Employed,364,221956.76,36442.36,12,0.84,0
46,233520.36,Salaried,561,357957.62,125811.06,48,0.65,0
34,311037.23,Salaried,315,162389.6,36648.47,36,0.77,0
51,520640.69,Salaried,453,435644.19,117938.6,24,0.73,0
40,274256.07,Salaried,481,465056.84,141419.13,24,0.7,0
53,516064.27,Self-Employed,714,313761.68,119713.22,12,0.62,0
55,419921.74,Salaried,676,92182.03,30375.24,48,0.67,1
57,502385.69,Salaried,819,387975.07,72149.89,36,0.81,1
52,310175.03,Salaried,501,410806.86,103918.64,24,0.75,0
58,307316.34,Salaried,502,169023.56,65115.46,12,0.61,0
41,493128.1,Student,680,88767.9,24550.35,24,0.72,0
30,362420.55,Salaried,628,445269.31,153550.19,24,0.66,0
35,388339.09,Student,656,232209.31,45009.03,36,0.81,0
43,419485.21,Salaried,754,244032.2,57486.01,48,0.76,1
40,224281.51,Salaried,368,415408.55,85184.42,24,0.79,0
52,286130.76,Salaried,479,475627.25,75953.98,12,0.84,0
46,412258.28,Salaried,818,158485.73,34992.87,12,0.78,1
32,379307.1,Salaried,684,463173.54,51399.63,24,0.89,1
29,300944.6,Self-Employed,342,134090.69,45691.5,36,0.66,0
33,263267.47,Self-Employed,602,488342.17,98190.2,24,0.8,0
52,358241.81,Self-Employed,338,475491.72,52493.32,12,0.89,0
21,389486.01,Self-Employed,723,468933.93,91274.63,36,0.81,0
39,339803.35,Self-Employed,372,275634.22,73229.38,36,0.73,0
52,399762.47,Salaried,655,170978.58,57560.13,12,0.66,1
36,395021.94,Salaried,663,236811.11,29283.05,24,0.88,0
35,222543.34,Salaried,759,277985.58,83276.89,48,0.7,1
51,469347.98,Salaried,719,434849.33,78084.92,48,0.82,1
42,329260.39,Salaried,531,191225.55,66423.69,36,0.65,0
22,302915.84,Salaried,620,385088.74,48254.29,36,0.87,0
47,269280.12,Salaried,629,59443.34,18368.04,24,0.69,1
19,306954.9,Self-Employed,836,373418.13,68919.34,12,0.82,1
44,358533.51,Self-Employed,711,464117.91,72815.2,48,0.84,0
32,218314.77,Salaried,348,248225.35,50241.66,24,0.8,0
20,347507.33,Salaried,592,488523.31,105712.79,24,0.78,0
34,238056.14,Salaried,540,305012.54,81353.89,48,0.73,0
45,268469.47,Student,843,393767.42,46236.67,24,0.88,0
38,321047.63,Salaried,429,357310.72,63585.36,24,0.82,0
51,323723.93,Salaried,488,230837.91,50883.06,24,0.78,0
51,373031.29,Self-Employed,815,158801.32,20206.58,24,0.87,1
30,261291.76,Self-Employed,511,445729.78,137581.03,36,0.69,0
35,403775.25,Salaried,772,258572.7,38286.04,48,0.85,1
31,344054.33,Salaried,693,470287.35,66602.38,24,0.86,0
42,249177.84,Student,779,431043.4,91164.71,48,0.79,0
59,353409.31,Salaried,513,421106.86,107420.99,12,0.74,0
18,288400.6,Self-Employed,804,217507.74,85508.29,12,0.61,1
55,385429.71,Salaried,534,444498.47,138647.57,36,0.69,0
33,349461.87,Salaried,844,91970.1,29456.76,48,0.68,1
57,447065.86,Self-Employed,623,454786.07,121559.87,36,0.73,0
55,294981.81,Student,664,334683.51,90678.42,48,0.73,0
43,312812.3,Salaried,407,269866.11,53020.39,24,0.8,0
54,384130.75,Self-Employed,819,61452.18,14376.44,12,0.77,1
47,212270.04,Self-Employed,667,86677.79,15832.88,12,0.82,0
44,320303.05,Salaried,663,339751.37,56682.14,36,0.83,1
59,403432.24,Student,562,256784.12,31972.74,24,0.88,0
34,393879.21,Self-Employed,470,302986.8,95538.58,36,0.68,0
59,336180.22,Self-Employed,472,247448.23,36966.26,48,0.85,0
21,186646.03,Salaried,621,163379.15,64479.74,24,0.61,0
22,356594.45,Salaried,776,182886.38,47570.66,36,0.74,1
47,371441.23,Self-Employed,724,143928.94,50640.84,36,0.65,1
21,485251.9,Student,370,249876.1,40608.43,24,0.84,0
35,284327.82,Salaried,598,322436.51,112337.48,24,0.65,0
40,270176.21,Salaried,456,448318.62,161988.2,48,0.64,0
20,438188.61,Salaried,478,459027.6,56800.78,36,0.88,0
18,429743.16,Salaried,554,355742.59,140818.61,24,0.6,0
28,452611.12,Self-Employed,655,314285.62,49278.68,48,0.84,1
41,120000.0,Salaried,675,391737.81,48960.51,48,0.88,1
18,484154.78,Salaried,444,269238.82,52935.52,48,0.8,0
29,439853.85,Self-Employed,462,485028.31,81111.68,36,0.83,0
31,291551.83,Salaried,781,499089.86,188133.32,24,0.62,1
52,319051.2,Salaried,754,339365.41,69029.01,12,0.8,1
35,266070.41,Salaried,607,418753.98,73902.27,48,0.82,0
59,140980.08,Salaried,774,107751.07,27349.59,12,0.75,1
26,485583.01,Self-Employed,784,287932.25,102888.76,48,0.64,1
49,449524.19,Self-Employed,356,492459.78,79411.49,12,0.84,0
38,418143.19,Salaried,465,262652.02,50824.25,48,0.81,0
34,384833.72,Salaried,602,127293.25,47479.59,24,0.63,1
21,427805.2,Salaried,737,146895.3,36623.46,12,0.75,1
28,342341.34,Salaried,544,175897.66,29308.71,48,0.83,1
37,403378.77,Salaried,505,447294.07,104985.79,12,0.77,0
54,311318.31,Salaried,742,329014.49,35041.89,12,0.89,0
32,301488.6,Self-Employed,836,332436.92,46579.82,24,0.86,1
55,316779.34,Self-Employed,603,403868.91,121152.76,24,0.7,0
47,413740.02,Salaried,381,267466.74,75563.04,12,0.72,0
55,266937.07,Salaried,732,490036.09,136236.61,48,0.72,1
59,503481.34,Self-Employed,524,421781.56,135252.14,12,0.68,0
18,349892.08,Salaried,740,309365.77,45922.33,48,0.85,1
59,465659.81,Self-Employed,313,433667.66,116728.59,48,0.73,0
51,231247.44,Self-Employed,562,301475.79,50802.66,36,0.83,0
55,335285.16,Salaried,505,198811.3,23074.65,36,0.88,0
55,192839.06,Self-Employed,807,82461.84,17531.52,12,0.79,1
56,418068.64,Salaried,343,350669.31,58583.82,36,0.83,0
41,258434.84,Salaried,616,443925.2,119478.84,48,0.73,0
30,302535.84,Self-Employed,368,233145.22,92325.95,36,0.6,1
44,407610.26,Salaried,359,236865.21,26949.1,12,0.89,0
26,156741.16,Self-Employed,649,82707.4,27699.51,36,0.67,0
31,385291.82,Salaried,354,375665.87,127939.04,36,0.66,0
50,260307.1,Salaried,457,314019.41,121911.42,36,0.61,0
30,285069.16,Self-Employed,451,381146.96,83701.31,24,0.78,0
22,278092.18,Self-Employed,651,190226.41,72163.55,48,0.62,1
52,444743.33,Self-Employed,579,248789.13,46445.76,24,0.81,0
37,384723.13,Salaried,837,385538.32,116701.28,12,0.7,1
22,398006.01,Self-Employed,642,439473.97,156429.73,36,0.64,0
47,347557.9,Salaried,512,477690.4,102514.66,36,0.79,0
53,354959.88,Salaried,515,401372.71,112586.91,24,0.72,0
34,443456.74,Salaried,695,50426.63,19760.35,48,0.61,1
25,507171.17,Student,543,322767.09,91665.04,12,0.72,0
30,341070.64,Salaried,671,155830.56,55492.83,48,0.64,1
54,483386.74,Student,679,484515.0,51213.39,36,0.89,0
32,293260.08,Salaried,309,189839.45,65639.51,24,0.65,0
48,322307.41,Self-Employed,687,383878.29,102338.32,48,0.73,1
56,155217.47,Self-Employed,620,248905.49,51090.28,24,0.79,0
36,441591.12,Self-Employed,664,367336.87,72298.69,36,0.8,0
40,367820.68,Salaried,831,393307.63,156613.87,36,0.6,1
45,371195.17,Salaried,602,392793.61,92541.85,24,0.76,0
27,289257.41,Salaried,677,88899.39,23836.1,24,0.73,1
40,328060.87,Self-Employed,722,269967.01,71511.0,24,0.74,0
25,366690.6,Student,556,195843.48,65343.74,12,0.67,0
22,406434.02,Student,581,382447.8,141710.14,12,0.63,0
42,246655.84,Student,395,195722.52,58336.16,48,0.7,0
34,231176.51,Salaried,575,85759.14,17638.12,24,0.79,0
22,185805.52,Salaried,639,110364.62,26969.38,24,0.76,0
21,426934.16,Salaried,418,428784.45,43216.08,24,0.9,0
24,183196.24,Self-Employed,522,438499.35,95294.68,24,0.78,0
32,399148.63,Salaried,411,324074.12,87389.77,36,0.73,1
26,392144.1,Self-Employed,719,412429.32,127071.96,12,0.69,1
55,441474.67,Salaried,732,173517.22,49924.88,12,0.71,1
51,593924.97,Salaried,813,371322.61,58031.14,24,0.84,1
33,286953.06,Salaried,413,255032.12,64891.22,12,0.75,0
37,298010.69,Salaried,310,233871.78,86079.85,12,0.63,0
21,400089.35,Self-Employed,363,438801.95,96290.05,12,0.78,0
32,471708.42,Salaried,382,158491.7,27181.89,12,0.83,0
29,315616.44,Salaried,762,263822.24,98101.41,48,0.63,1
24,392986.7,Self-Employed,581,395119.12,111955.76,36,0.72,0
27,228757.89,Self-Employed,447,171356.11,48391.3,48,0.72,0
29,527237.66,Salaried,309,366893.48,124013.26,48,0.66,1
58,406699.09,Student,498,451155.26,56811.66,24,0.87,0
37,471143.55,Self-Employed,749,373452.79,38891.85,36,0.9,0
49,386979.24,Self-Employed,711,357687.1,60552.09,36,0.83,0
37,354979.44,Self-Employed,503,170279.5,46151.59,12,0.73,0
38,445806.94,Salaried,793,423457.76,113022.98,36,0.73,1
54,428663.25,Self-Employed,782,498138.72,54444.8,12,0.89,1
37,315633.59,Salaried,333,300691.88,106510.59,12,0.65,0
25,244793.2,Salaried,316,295224.37,42513.45,12,0.86,0
30,471186.56,Self-Employed,440,129161.68,42840.79,12,0.67,1
52,251018.87,Self-Employed,416,208014.19,60048.48,24,0.71,0
22,553358.03,Self-Employed,500,407902.67,113069.41,24,0.72,0
28,445761.89,Salaried,585,215961.18,26482.06,24,0.88,0
37,423039.53,Salaried,381,81411.37,22849.47,12,0.72,0
53,315455.47,Salaried,362,294234.71,55599.59,12,0.81,0
52,324911.3,Salaried,792,79937.51,11599.41,24,0.85,1
45,350616.82,Salaried,387,422488.55,57884.01,36,0.86,0
34,397263.68,Salaried,794,414592.05,77406.01,24,0.81,1
18,414813.19,Salaried,404,116092.95,17588.28,36,0.85,0
34,478856.43,Salaried,628,246188.51,59016.93,48,0.76,1
21,574387.71,Student,805,281764.86,44715.57,24,0.84,0
54,354425.24,Salaried,370,154332.68,58806.18,36,0.62,1
52,336599.47,Salaried,842,206122.83,69191.89,24,0.66,1
28,403802.8,Self-Employed,329,54364.72,21500.93,36,0.6,0
50,313982.71,Salaried,707,293408.25,37439.33,12,0.87,0
39,411160.9,Salaried,316,241715.53,58416.51,12,0.76,0
27,370489.97,Self-Employed,727,238486.48,70955.81,24,0.7,1
22,170617.58,Salaried,658,64154.82,11400.08,12,0.82,1
46,489701.21,Salaried,710,475040.85,140614.74,36,0.7,1
43,322331.64,Self-Employed,723,298557.62,92028.08,12,0.69,0
53,413805.17,Self-Employed,550,422952.93,130171.38,48,0.69,1
48,455894.35,Salaried,819,88648.56,22636.96,24,0.74,1
18,430667.49,Self-Employed,790,310135.7,49855.38,36,0.84,1
29,303327.29,Student,808,74258.91,9367.91,36,0.87,0
46,320245.02,Salaried,771,257518.15,57928.16,12,0.78,1
51,305165.14,Salaried,773,116974.77,30646.53,36,0.74,1
56,400221.53,Self-Employed,663,74306.8,22976.65,24,0.69,1
25,337045.37,Salaried,532,394894.4,107213.31,48,0.73,0
45,417200.58,Salaried,343,116337.4,32815.01,24,0.72,0
55,474259.36,Salaried,322,237852.34,73792.33,24,0.69,1
56,214245.29,Self-Employed,787,142884.51,19537.34,12,0.86,1
19,306723.28,Salaried,596,476947.16,121553.77,36,0.75,0
38,429058.85,Salaried,588,365587.24,65314.04,48,0.82,0
53,166064.09,Salaried,507,281993.97,29260.81,24,0.9,0
30,349826.88,Salaried,611,325801.43,99634.29,12,0.69,0
43,287534.45,Self-Employed,342,261711.66,47048.03,24,0.82,0
26,281940.37,Salaried,602,144823.22,21176.48,12,0.85,0
57,396072.75,Self-Employed,618,130735.21,46082.44,12,0.65,0
38,338455.29,Student,831,220975.24,22108.57,48,0.9,0
37,275903.14,Salaried,828,337908.79,133200.39,48,0.61,1
56,483153.61,Salaried,405,198676.33,41278.28,24,0.79,1
28,245671.12,Salaried,784,57165.29,14256.49,36,0.75,1
58,394846.59,Salaried,684,427459.62,133307.23,24,0.69,1
30,384570.57,Salaried,619,113859.4,40595.4,12,0.64,1
22,305547.38,Salaried,413,241720.55,56183.7,36,0.77,0
20,444501.33,Salaried,796,415503.78,81843.89,24,0.8,1
27,365187.28,Salaried,619,214490.16,52660.77,24,0.75,0
54,328417.08,Salaried,762,212808.81,49615.39,12,0.77,1
33,258404.68,Self-Employed,506,343169.22,106930.06,36,0.69,0
25,430090.06,Salaried,683,109470.64,35800.65,12,0.67,1
53,243472.54,Salaried,513,188571.51,66174.97,12,0.65,0
19,414981.99,Student,374,118315.17,45328.78,48,0.62,0
52,265611.77,Self-Employed,325,464063.58,120718.57,48,0.74,0
53,391764.67,Salaried,476,285036.34,45078.94,24,0.84,0
37,396805.46,Salaried,756,304244.52,102750.23,24,0.66,1
39,307269.68,Self-Employed,681,192910.25,25666.89,12,0.87,0
53,446219.08,Salaried,502,204784.57,28086.51,48,0.86,0
35,373603.91,Student,512,118953.26,28665.8,12,0.76,0
28,441935.44,Salaried,569,252731.65,66216.43,24,0.74,0
39,190089.67,Salaried,844,452603.82,98421.86,36,0.78,1
51,463260.97,Salaried,638,373421.12,69840.59,36,0.81,0
50,494932.66,Salaried,420,381787.94,94906.1,24,0.75,0
26,495940.44,Self-Employed,580,472803.36,127313.07,36,0.73,0
28,542228.18,Salaried,759,378318.64,53014.56,12,0.86,1
30,377159.19,Salaried,706,77564.82,30290.48,36,0.61,1
58,276260.73,Student,671,420561.01,67121.78,48,0.84,0
57,382615.31,Self-Employed,536,440921.64,117200.78,48,0.73,0
21,314456.69,Self-Employed,479,93110.4,33047.64,36,0.65,0
28,441046.45,Salaried,808,472908.43,80005.99,24,0.83,1
49,329296.79,Salaried,583,274102.29,61276.03,48,0.78,1
52,425306.84,Salaried,676,293662.93,68943.28,36,0.77,1
50,401039.65,Salaried,748,53958.82,9360.15,36,0.83,1
32,335037.75,Self-Employed,651,111234.5,36509.21,24,0.67,1
50,190646.76,Student,569,338820.69,88422.27,36,0.74,0
58,250835.88,Salaried,345,425843.13,132986.87,24,0.69,0
31,577157.04,Salaried,576,161326.62,51170.08,12,0.68,1
47,360246.48,Salaried,305,203191.59,30423.2,48,0.85,0
46,436681.3,Salaried,528,97000.04,24295.18,12,0.75,0
51,406594.42,Salaried,334,362722.79,114477.64,24,0.68,0
58,234546.0,Self-Employed,724,113844.76,19788.37,48,0.83,1
44,340956.63,Student,576,142818.8,47844.38,48,0.66,0
46,257530.01,Salaried,828,293342.29,56417.29,24,0.81,1
56,382071.23,Self-Employed,748,310326.41,107010.42,36,0.66,1
46,362035.52,Salaried,392,54341.42,15771.24,48,0.71,0
24,444830.12,Salaried,601,71888.35,17213.99,48,0.76,1
47,450672.0,Self-Employed,705,259683.73,87581.7,48,0.66,1
19,456945.77,Salaried,337,283252.65,33519.33,24,0.88,0
51,329974.53,Student,574,70439.05,12196.33,36,0.83,0
34,360895.53,Self-Employed,767,382097.84,88875.39,24,0.77,1
34,498897.6,Salaried,498,65393.94,14011.36,24,0.79,1
30,507550.17,Salaried,754,366652.39,45368.23,12,0.88,1
57,423846.62,Salaried,335,347950.41,70971.04,24,0.8,0
41,342971.36,Salaried,302,256679.03,42702.46,36,0.83,0
45,281803.9,Salaried,828,153726.24,36618.58,36,0.76,1
22,244248.55,Student,490,404390.31,131526.63,24,0.67,0
26,352283.38,Salaried,820,73913.66,15741.59,48,0.79,1
42,396068.74,Salaried,540,398799.1,69136.91,48,0.83,0
46,528722.18,Salaried,628,468393.24,145648.2,24,0.69,0
41,319898.29,Self-Employed,564,421129.63,82653.11,24,0.8,0
34,405176.57,Salaried,356,398751.45,144858.88,48,0.64,1
50,301869.08,Salaried,519,156920.77,49393.35,36,0.69,0
59,305330.83,Self-Employed,398,470252.46,110546.55,48,0.76,0
36,369868.53,Salaried,785,474264.3,155286.12,24,0.67,1
20,448041.66,Student,322,289803.06,55282.99,36,0.81,0
52,265936.86,Self-Employed,495,312526.08,43749.28,12,0.86,0
51,322654.81,Self-Employed,347,224670.18,60247.26,24,0.73,0
18,359637.76,Student,614,263310.61,30547.24,12,0.88,0
53,354658.91,Salaried,637,227222.06,78284.01,24,0.66,0
31,430911.08,Salaried,727,260046.14,89023.72,24,0.66,1
22,486498.74,Salaried,436,354119.73,45985.53,12,0.87,0
28,239770.76,Salaried,308,296713.52,34500.51,24,0.88,0
39,373089.2,Salaried,638,437746.43,111958.31,24,0.74,0
44,241104.16,Salaried,727,268059.29,43436.53,24,0.84,1
49,408300.26,Self-Employed,731,439823.41,175838.56,24,0.6,1
41,252605.03,Self-Employed,559,211832.23,71506.02,24,0.66,0
29,300352.37,Salaried,508,110353.7,17241.8,24,0.84,0
59,334345.6,Salaried,615,131279.13,44911.33,48,0.66,1
22,451558.36,Salaried,835,194232.96,31561.73,12,0.84,1
53,257319.27,Self-Employed,624,56041.77,11328.48,48,0.8,0
19,423760.69,Self-Employed,739,246369.31,35778.22,48,0.85,0
57,305750.82,Salaried,798,60905.27,16124.66,48,0.74,1
19,269291.34,Salaried,496,368456.8,60883.11,12,0.83,0
26,390791.68,Self-Employed,505,450409.51,174885.77,48,0.61,0
54,411359.87,Salaried,815,349252.39,115380.76,24,0.67,1
53,438449.11,Student,728,85250.75,24584.81,36,0.71,0
20,331429.45,Salaried,647,73960.37,28630.43,36,0.61,1
25,351572.05,Salaried,812,224726.63,33714.45,24,0.85,1
19,215910.19,Salaried,394,484639.96,159805.82,48,0.67,0
37,385933.93,Salaried,539,215813.1,77760.54,48,0.64,1
51,359595.0,Salaried,363,116942.64,44991.15,48,0.62,1
38,293942.02,Self-Employed,810,159605.91,19170.38,36,0.88,1
26,196677.63,Salaried,720,206159.86,33000.81,12,0.84,0
20,395658.41,Salaried,848,237257.36,39247.95,36,0.83,1
30,461510.2,Salaried,715,51392.3,13539.39,48,0.74,1
18,352093.01,Student,643,353096.84,52091.61,12,0.85,0
59,308144.77,Salaried,417,405547.45,77611.21,48,0.81,0
45,251604.77,Self-Employed,529,248099.05,77765.68,12,0.69,0
18,438095.24,Salaried,626,343603.22,84669.14,36,0.75,1
47,281320.02,Salaried,564,329812.23,75089.81,48,0.77,0
41,307445.0,Salaried,781,492597.81,89035.64,12,0.82,1
26,365670.77,Self-Employed,356,464737.63,56429.2,12,0.88,0
22,425368.91,Salaried,551,421047.74,129494.12,12,0.69,0
29,301929.25,Salaried,583,458220.07,115000.33,12,0.75,0
42,279785.88,Self-Employed,344,88806.71,31807.67,12,0.64,0
58,363164.4,Self-Employed,359,234296.29,64471.86,12,0.72,0
49,470419.32,Self-Employed,537,337838.76,47500.71,48,0.86,0
46,350683.31,Salaried,694,471601.3,112500.88,48,0.76,1
25,441920.38,Salaried,616,460251.32,115482.5,24,0.75,0
51,292774.4,Self-Employed,601,68289.84,17700.23,48,0.74,0
45,361410.81,Salaried,667,348369.69,74863.96,36,0.79,0
26,338539.86,Self-Employed,485,72959.42,11302.61,12,0.85,0
47,470319.74,Salaried,585,101114.95,34638.35,12,0.66,1
52,316730.1,Salaried,738,367763.91,97217.49,24,0.74,1
25,305804.19,Self-Employed,331,234354.28,67621.48,48,0.71,0
55,385883.52,Self-Employed,430,378322.47,87646.52,24,0.77,0
27,341346.16,Salaried,725,352778.84,68905.3,36,0.8,1
56,227526.34,Self-Employed,643,221387.01,75294.12,12,0.66,0
41,448130.56,Salaried,302,204739.39,30532.24,24,0.85,0
47,443691.55,Salaried,506,173841.35,56336.32,12,0.68,0
26,492463.66,Self-Employed,610,211299.87,22240.57,36,0.89,0
21,298122.55,Salaried,503,463229.07,111661.8,12,0.76,0
58,315684.88,Self-Employed,518,485651.68,49942.2,48,0.9,0
27,370107.95,Salaried,364,266575.95,72447.35,48,0.73,1
48,505468.79,Salaried,450,394087.6,153723.19,36,0.61,1
41,438564.65,Salaried,321,229349.84,48410.65,12,0.79,0
45,393230.58,Salaried,349,465827.48,127439.6,48,0.73,0
56,370764.27,Salaried,315,129053.52,47691.08,24,0.63,1
58,274520.65,Salaried,662,213105.99,54166.02,24,0.75,1
38,313498.12,Salaried,513,320556.08,124447.48,24,0.61,0
56,280151.81,Student,375,495906.53,83122.02,12,0.83,0
51,464907.89,Salaried,497,234488.89,37158.59,12,0.84,0
27,578258.6,Salaried,801,413427.32,135180.7,48,0.67,1
21,377980.45,Self-Employed,598,134874.1,48117.22,48,0.64,0
47,409441.37,Self-Employed,492,283237.59,97866.51,36,0.65,0
41,370964.23,Self-Employed,842,128037.41,20640.41,36,0.84,1
31,361870.97,Student,737,207299.59,22522.79,24,0.89,0
51,216494.83,Salaried,569,332248.09,52119.73,48,0.84,0
37,520310.5,Salaried,499,202576.86,72103.83,24,0.64,1
44,380128.15,Student,440,471228.52,74422.18,36,0.84,0
56,340605.77,Self-Employed,637,337863.91,107213.3,12,0.68,0
58,401996.3,Salaried,468,432522.98,70305.39,24,0.84,0
34,280476.2,Salaried,682,169993.6,33594.53,48,0.8,1
21,308495.17,Salaried,515,201744.34,61590.73,36,0.69,0
37,376376.93,Student,361,479248.01,177897.3,36,0.63,0
48,393147.26,Salaried,523,225000.26,37029.95,12,0.84,0
19,415757.4,Salaried,660,206294.89,31699.98,48,0.85,1
33,485568.62,Self-Employed,445,384020.07,82916.65,12,0.78,0
27,479861.39,Salaried,612,281945.22,66759.69,36,0.76,1
37,292425.68,Salaried,560,189432.85,28464.11,48,0.85,0
29,295895.38,Salaried,848,371899.91,65888.17,24,0.82,1
57,120000.0,Student,444,218968.57,86441.8,36,0.61,0
51,384658.49,Self-Employed,466,483212.68,110356.56,24,0.77,0
32,250321.82,Salaried,588,478813.21,165685.81,48,0.65,0
46,566702.46,Salaried,488,344563.59,59414.21,24,0.83,0
49,360253.0,Self-Employed,427,274160.33,81467.98,24,0.7,0
37,295728.76,Salaried,768,331912.38,124126.21,48,0.63,1
27,586586.71,Salaried,413,216941.35,64007.62,36,0.7,0
30,341923.95,Salaried,377,86802.92,27608.6,12,0.68,0
55,150845.36,Salaried,674,461096.67,177342.79,36,0.62,1
47,249765.99,Student,831,441504.6,92426.43,24,0.79,0
32,290137.96,Salaried,834,174767.64,19723.51,48,0.89,1
55,433555.78,Salaried,412,224689.86,35186.24,36,0.84,0
18,182136.06,Self-Employed,393,414595.27,95173.17,12,0.77,0
54,166477.88,Self-Employed,320,108617.47,11084.46,24,0.9,0
34,309628.47,Salaried,375,456531.68,152178.38,24,0.67,0
43,280714.15,Salaried,826,374103.03,55893.97,48,0.85,1
28,241025.07,Salaried,397,337848.66,84277.53,48,0.75,0
30,280005.31,Self-Employed,837,181283.61,28114.68,48,0.84,1
42,274031.97,Student,323,68964.25,16495.35,24,0.76,0
21,387440.38,Salaried,722,325222.35,46076.41,48,0.86,1
19,335830.66,Salaried,823,370215.67,138640.34,36,0.63,1
45,377851.46,Salaried,679,430328.52,126893.26,48,0.71,1
37,388580.78,Salaried,614,447427.16,167177.36,36,0.63,0
23,457604.08,Salaried,357,458648.81,47947.34,36,0.9,0
36,451336.38,Salaried,593,326604.75,64142.08,48,0.8,0
31,367427.36,Student,753,413479.04,77503.06,12,0.81,0
21,221268.57,Salaried,360,476544.25,65819.54,12,0.86,0
24,320533.94,Self-Employed,732,391121.93,128975.47,36,0.67,1
41,441097.11,Self-Employed,416,433449.37,94266.3,12,0.78,0
49,335266.97,Salaried,460,330001.99,47384.02,12,0.86,0
29,311415.62,Salaried,774,488706.08,90380.64,24,0.82,1
58,336924.88,Salaried,808,238764.35,36538.16,48,0.85,1
47,420457.22,Student,639,376571.67,59818.37,12,0.84,0
24,340928.18,Salaried,630,415523.14,53469.29,12,0.87,0
53,255515.12,Salaried,742,149183.81,15919.94,24,0.89,1
19,262103.52,Student,502,392284.9,77765.57,24,0.8,0
48,387722.38,Student,808,301143.37,42883.92,36,0.86,0
30,393029.11,Salaried,726,489246.96,76670.38,36,0.84,1
27,432968.9,Self-Employed,809,472093.66,151022.54,12,0.68,1
28,417577.68,Salaried,693,297461.86,57806.63,12,0.81,0
37,637162.17,Salaried,554,198426.94,74900.04,24,0.62,1
26,275977.28,Self-Employed,659,224086.08,64124.7,36,0.71,1
43,464303.21,Self-Employed,724,155655.23,42709.96,24,0.73,1
23,413491.47,Self-Employed,572,199899.56,69615.56,12,0.65,0
23,337262.21,Self-Employed,545,129263.15,22598.15,36,0.83,0
43,291684.56,Salaried,710,493142.47,162973.21,36,0.67,1
31,344668.48,Student,646,300699.43,83197.77,48,0.72,0
36,386412.56,Salaried,718,439481.11,74968.37,12,0.83,1
47,483500.4,Self-Employed,663,139898.73,30177.51,36,0.78,1
41,382438.67,Self-Employed,674,168588.01,43846.94,36,0.74,1
28,518844.83,Salaried,822,231906.25,31439.5,36,0.86,1
56,256689.38,Salaried,593,496731.25,177756.34,12,0.64,0
28,426663.68,Salaried,538,168993.59,56533.45,12,0.67,0
30,414738.56,Salaried,684,245380.13,79303.35,24,0.68,1
39,263531.45,Salaried,840,59431.03,7445.11,24,0.87,1
52,253604.67,Salaried,308,223366.36,61064.33,36,0.73,0
38,221031.03,Salaried,460,203884.81,69204.5,36,0.66,0
58,368998.55,Student,827,84411.18,22143.77,36,0.74,0
33,347641.56,Self-Employed,786,421077.77,121404.82,24,0.71,1
45,238366.29,Salaried,729,272557.73,38478.03,48,0.86,1
27,427473.55,Self-Employed,301,387185.19,125445.73,24,0.68,0
19,343235.0,Self-Employed,646,199121.85,43829.1,24,0.78,0
23,402514.85,Salaried,396,114664.63,42713.29,24,0.63,1
59,333275.54,Salaried,555,328086.92,77792.13,12,0.76,0
25,291970.17,Self-Employed,664,460097.42,167953.99,48,0.63,0
33,120327.45,Salaried,490,478590.3,183481.37,12,0.62,0
57,375946.09,Salaried,798,235368.93,90760.01,12,0.61,1
51,407075.51,Salaried,620,171747.7,38107.98,36,0.78,1
29,273009.74,Salaried,334,415442.96,105947.64,24,0.74,0
32,335158.47,Salaried,786,177185.86,68501.91,36,0.61,1
36,420490.58,Salaried,530,404528.11,122833.13,12,0.7,0
59,269356.5,Student,664,288211.59,54801.91,48,0.81,0
46,341029.77,Self-Employed,776,381521.81,110139.99,12,0.71,1
59,139568.77,Salaried,697,202224.61,34169.05,36,0.83,0
41,255990.11,Self-Employed,380,83766.7,22222.89,12,0.73,0
21,191681.78,Self-Employed,639,444387.98,126043.44,48,0.72,0
29,299169.99,Self-Employed,507,287283.41,66345.43,48,0.77,0
56,453713.67,Self-Employed,413,155865.6,55799.15,48,0.64,0
52,296715.96,Self-Employed,475,352948.49,68470.0,12,0.81,0
26,396845.97,Salaried,315,480285.62,154212.69,12,0.68,0
28,474005.72,Salaried,460,147257.92,16630.08,24,0.89,0
18,306553.66,Self-Employed,406,418537.05,165858.52,36,0.6,0
51,486373.43,Salaried,498,110067.68,26702.05,36,0.76,0
28,200281.15,Salaried,425,469226.16,170816.75,12,0.64,0
35,339906.41,Salaried,651,438656.57,157246.68,48,0.64,1
19,232471.05,Self-Employed,389,77473.14,24986.83,48,0.68,0
29,410026.78,Salaried,743,393456.48,57319.59,12,0.85,1
35,344718.82,Self-Employed,678,215616.82,47114.37,24,0.78,0
53,210446.99,Salaried,477,495349.08,113827.34,24,0.77,0
45,362050.64,Student,469,105774.06,36107.14,24,0.66,0
18,352669.23,Salaried,311,405123.33,90221.55,24,0.78,0
38,251429.78,Salaried,394,157946.72,18598.67,48,0.88,0
58,367965.2,Student,784,70084.0,20974.5,48,0.7,1
56,627131.39,Salaried,323,120244.93,25426.98,24,0.79,1
25,368214.61,Salaried,761,289694.27,70646.3,24,0.76,1
57,428497.18,Salaried,810,462555.22,54675.76,24,0.88,1
21,452098.91,Salaried,689,313874.33,84666.05,48,0.73,1
43,450103.03,Salaried,349,132336.79,35876.97,24,0.73,1
51,407623.41,Student,730,387161.68,69676.17,36,0.82,0
19,240254.92,Self-Employed,451,373104.25,72205.52,36,0.81,0
35,284121.55,Salaried,642,394944.37,81841.43,24,0.79,0
39,306503.4,Self-Employed,477,68429.64,17462.99,12,0.74,0
42,281866.21,Salaried,572,211581.96,34806.29,36,0.84,0
44,585641.28,Self-Employed,479,245181.85,55652.63,36,0.77,0
30,355242.38,Salaried,414,451464.65,128458.66,36,0.72,0
57,640010.16,Salaried,473,130209.21,20525.76,48,0.84,1
30,254469.41,Student,792,432892.82,92375.46,36,0.79,0
48,388974.29,Salaried,660,165446.05,65394.85,24,0.6,1
30,308529.41,Salaried,341,415920.93,145808.07,24,0.65,0
34,413066.08,Self-Employed,597,143660.63,25786.74,24,0.82,0
26,250340.24,Student,453,50561.19,19346.61,36,0.62,0
40,499484.05,Self-Employed,570,290363.76,97371.01,48,0.66,0
32,240120.16,Salaried,489,138887.62,37529.22,12,0.73,0
43,311357.57,Self-Employed,472,322795.42,124286.36,36,0.61,0
54,407858.66,Salaried,734,195112.78,76732.54,36,0.61,1
27,369528.72,Salaried,697,408281.09,86711.28,24,0.79,1
43,577010.8,Student,826,424913.82,103197.73,48,0.76,0
49,265039.03,Salaried,739,97994.31,29977.03,12,0.69,1
55,315081.25,Salaried,833,303093.53,50598.16,36,0.83,1
50,120000.0,Student,693,106472.36,32666.8,36,0.69,0
39,346300.83,Salaried,317,340259.61,90447.35,48,0.73,1
36,342000.51,Salaried,598,173230.42,27892.82,12,0.84,0
51,351580.49,Salaried,316,288774.76,29220.7,36,0.9,0
47,178049.13,Salaried,369,274598.39,55993.94,48,0.8,0
44,364804.62,Salaried,535,117261.9,43302.25,36,0.63,0
38,377137.73,Salaried,424,257835.65,33324.34,12,0.87,0
57,319895.41,Salaried,714,254714.18,92272.7,48,0.64,1
57,256647.2,Salaried,337,271185.91,79854.91,24,0.71,0
33,585926.84,Salaried,686,185171.45,66052.03,12,0.64,1
52,333171.04,Student,754,450527.58,171473.73,48,0.62,0
22,274556.02,Salaried,539,94676.3,25803.36,24,0.73,1
33,411281.98,Self-Employed,752,261836.98,77219.5,12,0.71,1
27,232343.9,Salaried,564,325084.15,108826.87,36,0.67,0
51,437896.75,Salaried,667,201208.86,37603.39,48,0.81,1
24,325943.3,Student,561,360771.24,49351.73,48,0.86,0
53,388552.82,Student,537,153766.39,50666.81,12,0.67,0
49,320380.11,Self-Employed,329,205708.64,63945.13,24,0.69,0
39,448136.6,Salaried,477,436977.35,104865.86,24,0.76,0
24,409593.25,Salaried,587,414040.17,63544.74,48,0.85,0
36,299253.06,Student,802,337437.26,124396.25,48,0.63,1
35,551224.32,Salaried,470,487074.44,164409.56,48,0.66,0
22,400040.04,Student,391,114698.9,11792.23,24,0.9,0
43,169311.28,Self-Employed,346,251080.53,86317.9,12,0.66,0
23,220357.66,Salaried,391,287980.24,37450.08,12,0.87,0
44,325328.75,Self-Employed,532,93669.22,11000.87,24,0.88,0
49,333313.62,Student,654,87188.88,15926.64,24,0.82,0
18,422248.34,Salaried,456,239680.31,76454.85,12,0.68,0
35,467880.28,Salaried,511,57104.77,8447.6,24,0.85,1
56,532011.85,Salaried,503,302706.54,33149.5,24,0.89,0
31,247673.9,Salaried,811,485317.58,65671.2,24,0.86,1
