years_in_business,industry_type,annual_revenue,net_profit,requested_amount,owner_credit_score,dscr,approved
2,Hospitality,9738902.99,2143754.28,2206019.0,739,3.89,1
4,Retail,4074099.84,932308.41,2364316.24,482,1.58,1
26,Hospitality,9213589.89,1202220.75,288155.85,310,16.69,1
9,Retail,3052466.68,779827.4,1823375.66,668,1.71,1
10,Hospitality,4650314.8,1542891.74,1589744.32,553,3.88,1
9,Manufacturing,520159.63,60572.49,1157416.54,486,0.21,0
19,Retail,871560.49,303571.86,4773923.7,304,0.25,0
5,Manufacturing,9052946.25,2773181.8,1784946.37,312,6.21,1
6,IT,4792702.3,1588162.5,577487.63,562,11.0,1
21,Hospitality,9070564.69,3131020.49,1231664.31,410,10.17,1
2,IT,1602897.78,141153.2,2231293.05,805,0.25,0
24,Manufacturing,1047888.94,163984.62,4547013.54,611,0.14,0
4,IT,9294625.8,762104.3,3133777.47,726,0.97,0
24,Healthcare,9816001.5,1495215.44,2089799.87,475,2.86,1
18,Hospitality,6036592.28,991012.61,945317.45,749,4.19,1
2,Hospitality,5739968.19,1461854.49,2159745.15,597,2.71,1
17,Retail,7948942.08,539339.44,4138688.64,774,0.52,0
28,Retail,2620774.28,493109.51,3171066.82,786,0.62,0
7,Manufacturing,9389424.43,1396779.83,1053132.92,496,5.31,1
12,Healthcare,867152.68,154804.79,3795275.67,834,0.16,0
21,Healthcare,3817591.89,365262.07,4981806.93,622,0.29,0
24,Healthcare,7726876.82,691699.28,4022776.82,635,0.69,0
3,Healthcare,9393614.17,922217.0,2472471.4,588,1.49,1
1,Healthcare,7903476.86,845390.67,2762019.83,770,1.22,1
13,Manufacturing,1429469.44,412663.45,1739989.67,663,0.95,0
9,Healthcare,2317846.28,473057.19,465852.26,398,4.06,1
9,Hospitality,6185112.6,506031.41,3952916.0,621,0.51,0
21,Manufacturing,6195904.86,560612.86,4218530.89,668,0.53,0
26,Retail,6115399.28,1694015.47,1551778.68,621,4.37,1
28,Retail,6123432.21,1134742.26,393051.82,572,11.55,1
8,Healthcare,8528889.47,663411.57,2626967.64,669,1.01,1
16,Manufacturing,7387626.11,755506.57,1138917.8,689,2.65,1
27,IT,2076897.85,313000.39,3599650.07,620,0.35,0
16,Manufacturing,5662917.67,678126.14,4932622.89,432,0.55,0
28,Retail,5833220.64,725234.75,3122745.98,384,0.93,0
6,Retail,6658949.7,1657920.08,531181.52,516,12.48,1
15,Retail,7016410.71,2093053.19,3701679.98,809,2.26,1
5,Retail,8120884.32,891270.78,3285678.9,654,1.09,1
13,Hospitality,5319312.28,1579526.61,1080284.14,572,5.85,1
26,Hospitality,5173455.75,953966.34,1831047.94,633,2.08,1
18,Manufacturing,3678491.59,290504.07,4746135.12,446,0.24,0
10,Hospitality,7872060.2,1445028.71,3781680.45,756,1.53,1
1,Manufacturing,3824579.35,413985.59,4341894.51,845,0.38,0
22,Retail,8770645.17,2001851.18,287967.73,391,27.81,1
16,Manufacturing,6887662.61,1092991.66,623181.26,766,7.02,1
10,Healthcare,9273207.77,2723800.84,3167329.65,333,3.44,1
4,Retail,3022937.5,840533.4,1787642.47,606,1.88,1
20,Manufacturing,3841473.91,253534.52,4858309.82,387,0.21,0
23,IT,4177254.87,300743.22,305819.25,832,3.93,1
27,Manufacturing,5153831.32,374890.2,3507240.23,405,0.43,0
19,IT,8150738.51,567786.84,2682147.83,596,0.85,0
28,IT,9997364.76,515963.19,247040.45,364,8.35,1
6,Hospitality,8805921.16,2604898.66,3560957.49,530,2.93,1
13,Retail,8069375.2,2714337.38,3482194.2,782,3.12,1
1,Healthcare,7139020.83,1071866.92,458400.12,399,9.35,1
29,Hospitality,1010702.03,166252.03,2051232.87,734,0.32,0
22,Hospitality,7571871.96,1531266.7,2467598.22,704,2.48,1
28,Healthcare,1238111.89,358481.53,1769358.62,329,0.81,0
2,Hospitality,1595102.91,387585.67,2009608.1,498,0.77,0
13,Retail,6254361.9,1595282.77,828162.42,485,7.71,1
12,Retail,3564202.7,767550.91,2620857.07,335,1.17,0
19,Manufacturing,9415982.71,1098519.17,1664510.58,399,2.64,1
12,Retail,2623076.29,371014.29,2003901.13,410,0.74,0
18,IT,580494.95,120918.94,4501149.4,823,0.11,0
10,IT,3941783.73,1300650.58,1907028.0,724,2.73,1
28,IT,3853710.24,254669.72,3416150.86,411,0.3,0
2,Manufacturing,9239508.28,2517967.68,1837519.9,706,5.48,1
13,Retail,8346060.81,1484197.34,677688.12,452,8.76,1
14,Hospitality,7225806.07,443272.04,783213.93,369,2.26,1
13,Retail,4955749.81,518891.1,582037.87,761,3.57,1
4,Healthcare,6413701.61,1931301.94,3796535.28,603,2.03,1
25,Hospitality,4809506.73,590866.48,4936439.91,693,0.48,0
9,Healthcare,2959905.05,576476.62,1071925.83,446,2.15,1
10,Retail,8063435.95,1274737.11,2297940.18,622,2.22,1
19,Hospitality,5790796.35,1065308.67,4570944.51,599,0.93,0
26,IT,6070761.25,630466.42,3819593.5,689,0.66,0
9,Retail,6746179.89,480357.54,1743680.65,821,1.1,1
12,IT,7488062.03,2467080.19,1034239.91,780,9.54,1
1,Hospitality,8321490.81,1798871.35,4503396.58,542,1.6,1
24,Healthcare,8519409.97,1770419.93,3722725.62,503,1.9,1
12,Retail,5307360.5,939394.89,2689533.23,407,1.4,1
4,Manufacturing,9208926.84,949396.69,575536.32,601,6.6,1
19,Manufacturing,4787551.56,427436.03,4838353.42,321,0.35,0
17,Retail,3975110.51,1100750.42,1685155.38,351,2.61,1
7,IT,8185729.48,2376325.01,1176844.08,566,8.08,1
17,Manufacturing,8702498.31,2488522.47,931464.77,773,10.69,1
3,Manufacturing,9036063.04,1538612.55,115024.76,794,53.51,1
28,IT,4371147.92,1238790.49,4360560.48,592,1.14,1
11,Manufacturing,1502544.12,479952.16,1554297.53,367,1.24,0
20,Hospitality,6932330.38,2077984.65,3839538.96,423,2.16,1
19,Hospitality,7013336.04,1863801.57,282989.13,355,26.34,1
29,IT,2508419.47,561316.27,3157122.46,822,0.71,0
9,Hospitality,8658842.41,1527498.41,2854483.65,644,2.14,1
28,Healthcare,3460296.05,830927.64,1726954.86,731,1.92,1
27,Hospitality,5822523.55,913633.5,4078714.98,500,0.9,0
4,Manufacturing,8295180.04,1972587.44,3932120.77,529,2.01,1
14,Hospitality,6489446.25,803007.29,1282730.79,439,2.5,1
22,Retail,7203583.02,1974400.52,4657772.69,559,1.7,1
22,Hospitality,7861183.07,604362.28,3677367.68,558,0.66,0
10,Retail,8978608.83,2665376.34,160330.01,698,66.5,1
13,IT,4344530.08,445633.76,415190.77,303,4.29,1
5,Manufacturing,5555860.44,1077942.11,1635691.09,452,2.64,1
2,IT,3993368.25,256380.06,1290164.37,828,0.79,0
14,Manufacturing,7169586.64,586704.97,2829257.19,542,0.83,0
12,Healthcare,6219326.5,630994.38,2306613.91,710,1.09,1
12,Hospitality,1820748.64,134167.68,784822.25,556,0.68,0
13,IT,5173388.81,1396371.92,1704855.33,410,3.28,1
5,IT,9624694.07,1553564.1,2366456.21,489,2.63,1
10,Healthcare,2164031.39,431083.61,823769.98,767,2.09,1
24,Manufacturing,8637083.9,2870599.39,2683939.64,397,4.28,1
23,IT,7284925.49,869538.52,3959874.17,402,0.88,0
28,Manufacturing,949465.65,69025.5,618212.44,627,0.45,0
28,Manufacturing,4566631.89,764614.53,1569092.99,720,1.95,1
6,Retail,1718787.82,363928.01,3565634.47,450,0.41,0
24,IT,9524557.83,1824384.11,636947.96,755,11.46,1
11,Manufacturing,4163648.2,1042805.4,251631.47,321,16.58,1
28,Hospitality,1454366.84,384030.37,4860834.67,480,0.32,0
6,Retail,9055378.14,2124687.64,3495886.42,371,2.43,1
1,Manufacturing,9536904.04,1626255.98,2326695.8,408,2.8,1
4,Hospitality,716755.38,84020.53,2608334.38,827,0.13,0
8,Hospitality,8985156.11,1856899.9,1798203.02,318,4.13,1
29,Healthcare,5139169.63,1216026.74,1711408.47,823,2.84,1
14,Healthcare,1539655.23,234524.57,2885151.94,822,0.33,0
28,Hospitality,8293090.81,718066.48,1972333.72,439,1.46,1
10,Retail,4218021.2,576245.54,4099343.29,486,0.56,0
6,Manufacturing,5424032.92,996160.42,4923269.31,515,0.81,0
14,Healthcare,6495063.49,1734507.21,3635938.17,551,1.91,1
8,Healthcare,6672302.76,1757161.86,2648097.6,374,2.65,1
24,Retail,4867142.78,1104273.88,1304165.94,645,3.39,1
25,Healthcare,4629846.83,658347.37,438875.94,694,6.0,1
25,Hospitality,1029203.33,203407.99,4697613.07,690,0.17,0
17,Healthcare,2643665.28,487434.54,1173626.76,768,1.66,1
15,Healthcare,3378386.52,1068895.41,4768838.09,666,0.9,0
3,Healthcare,9166163.27,2613918.74,4967358.21,842,2.1,1
4,Retail,689995.17,194047.31,2991198.34,602,0.26,0
21,Retail,4600180.35,473689.68,4899297.93,609,0.39,0
1,Healthcare,5277258.59,1086751.67,2743257.26,765,1.58,1
9,Retail,5526961.0,894838.74,149858.97,846,23.88,1
28,Hospitality,9470160.23,2336290.16,2603113.03,655,3.59,1
1,IT,3407841.08,1063570.13,3173732.22,563,1.34,1
15,Hospitality,7498817.81,826434.13,224018.45,372,14.76,1
10,Healthcare,7664507.75,731801.92,2020281.51,567,1.45,1
27,Healthcare,3282505.31,853033.6,4818848.7,509,0.71,0
1,IT,9804771.03,708622.65,2802658.42,413,1.01,0
25,Hospitality,9094034.08,882466.63,3554989.09,634,0.99,0
5,Healthcare,1444694.79,173475.5,1515839.16,729,0.46,0
28,Hospitality,3541167.91,342543.49,4142337.24,810,0.33,0
18,Retail,3053133.68,861228.51,3947347.73,836,0.87,0
14,Healthcare,1448823.67,481800.84,2669314.37,553,0.72,0
17,IT,5511367.26,1438299.75,1718998.14,842,3.35,1
24,Retail,4655387.39,433050.93,1575818.33,736,1.1,1
26,IT,2079664.39,180714.09,1261345.35,661,0.57,0
19,Manufacturing,7476719.04,789288.77,1602968.97,307,1.97,1
11,Healthcare,8449176.59,2164898.13,2768387.82,700,3.13,1
27,IT,6228991.23,1365557.95,2421290.62,353,2.26,1
24,IT,3875901.06,543630.02,835098.79,433,2.6,1
23,Healthcare,7930003.1,1860233.45,122912.56,719,60.54,1
11,Manufacturing,1274998.37,137678.81,1866514.91,436,0.3,0
13,Healthcare,1804629.0,586780.32,3412838.62,571,0.69,0
2,Manufacturing,1545266.65,390420.12,1998111.14,848,0.78,0
21,Healthcare,2127728.44,657919.18,240109.41,454,10.96,1
19,Healthcare,2076207.42,493273.31,1537480.74,765,1.28,1
7,Healthcare,2754409.53,671711.63,3382035.46,602,0.79,0
25,Healthcare,6699187.49,883558.62,3089647.58,457,1.14,1
19,Retail,6694854.44,1233495.07,2565372.17,457,1.92,1
14,IT,1126707.08,391210.35,2223196.82,623,0.7,0
28,Hospitality,3383411.66,273443.18,3783910.61,406,0.29,0
3,Retail,8539381.4,604133.31,4298441.0,776,0.56,0
8,Hospitality,7779506.99,1516505.0,1635959.04,621,3.71,1
3,Hospitality,7910986.06,687354.37,2665023.48,721,1.03,1
4,Retail,4491118.56,894951.82,1952281.8,683,1.83,1
16,IT,3425837.4,834226.87,3287218.4,676,1.02,1
11,Hospitality,4833629.76,548944.65,2275421.29,807,0.96,0
3,Hospitality,9031303.4,2727655.76,2854931.08,437,3.82,1
27,IT,9085605.25,1363340.48,4742395.71,785,1.15,1
7,Healthcare,1084423.06,329645.77,3299282.16,440,0.4,0
2,IT,6009974.89,1967956.42,4752820.87,685,1.66,1
12,Healthcare,838419.31,246688.92,1057397.46,637,0.93,0
7,IT,3055527.25,301865.23,2899723.39,836,0.42,0
16,Healthcare,9255036.64,3078207.88,3560007.54,562,3.46,1
4,Healthcare,8183813.26,2061280.99,107488.77,487,76.71,1
12,Healthcare,539975.24,153224.4,3521091.31,592,0.17,0
27,Healthcare,3766838.91,1287082.11,2695897.19,376,1.91,1
29,Hospitality,8557649.25,2456867.23,3414032.42,688,2.88,1
7,Healthcare,3733497.65,595111.77,360458.29,719,6.6,1
8,IT,9439139.84,3074677.87,1131351.11,606,10.87,1
21,IT,4268194.75,1028609.26,501827.03,311,8.2,1
21,IT,8531040.05,446560.49,4969492.61,790,0.36,0
10,IT,1909306.83,280369.36,4399337.56,712,0.25,0
26,Manufacturing,8600446.72,2519981.62,260788.09,418,38.65,1
3,Manufacturing,7386357.81,669558.28,898424.26,577,2.98,1
8,Hospitality,1721330.51,512428.64,4743219.4,787,0.43,0
28,Hospitality,3014198.15,903036.61,4465726.79,816,0.81,0
26,Hospitality,8998700.32,808252.34,3943830.57,557,0.82,0
22,IT,5002912.58,1710950.57,2987505.85,511,2.29,1
6,Retail,9640538.18,3121960.45,366846.76,303,34.04,1
2,IT,6390196.13,433924.09,2491707.39,625,0.7,0
22,Retail,4613670.87,649085.55,595582.81,550,4.36,1
17,Retail,3025379.62,919654.64,2163224.93,459,1.7,1
3,Hospitality,3255879.04,908611.02,654544.57,664,5.55,1
8,Retail,6607561.33,1761381.51,4618298.26,564,1.53,1
29,IT,3591437.59,1197299.11,3552996.93,837,1.35,1
1,Retail,7973606.06,534732.77,2106100.32,844,1.02,1
7,Retail,9973927.23,2967401.15,344353.09,691,34.47,1
24,Retail,4109161.82,1429801.67,196002.96,444,29.18,1
19,Retail,1561262.68,101960.18,4269572.07,577,0.1,0
9,Hospitality,830391.6,264941.28,1294618.68,730,0.82,0
23,Manufacturing,2872935.56,636352.79,1050326.39,693,2.42,1
28,Hospitality,3971502.69,1376905.39,4873968.59,495,1.13,1
5,Manufacturing,3966403.78,625901.56,2237093.28,660,1.12,1
19,Healthcare,3343760.91,427831.98,4211130.22,644,0.41,0
22,Retail,3928426.26,1118265.06,819764.38,546,5.46,1
14,Manufacturing,5092033.57,1403891.56,4683790.65,341,1.2,1
16,Hospitality,5533297.67,1670056.17,1560201.22,384,4.28,1
1,Manufacturing,1664555.51,574453.32,2384225.64,417,0.96,0
2,Healthcare,7177011.6,2141310.91,447055.62,319,19.16,1
24,IT,7739242.67,2535375.93,4714795.48,406,2.15,1
17,Hospitality,6357240.77,2192164.08,3857846.57,440,2.27,1
22,Hospitality,1512803.12,154008.31,2019475.9,573,0.31,0
12,IT,7763627.81,1252409.06,713491.06,765,7.02,1
4,Healthcare,1225327.71,361474.37,594528.85,668,2.43,1
22,Retail,7951211.04,2278487.01,2651951.62,738,3.44,1
26,IT,8236322.18,866735.45,897440.08,743,3.86,1
25,Healthcare,2070848.17,564289.58,2047955.12,433,1.1,1
20,Manufacturing,8201592.31,2684886.15,1060548.09,808,10.13,1
2,Retail,9281217.33,516399.24,3366552.69,666,0.61,0
11,Healthcare,4027454.6,434917.23,2955461.67,712,0.59,0
15,Hospitality,4419508.47,489897.64,898742.49,346,2.18,1
6,Hospitality,8652435.14,865687.19,4530502.75,360,0.76,0
11,Retail,3494437.06,414536.33,436710.74,549,3.8,1
17,Manufacturing,9671921.34,713079.52,111784.77,403,25.52,1
17,Healthcare,7615154.98,1668064.13,1554775.89,536,4.29,1
24,Healthcare,5912291.53,1164689.26,4947368.81,626,0.94,0
24,Retail,5176716.9,1557787.87,805780.24,722,7.73,1
1,Manufacturing,9282393.15,2840654.37,2907648.76,312,3.91,1
8,Hospitality,3347427.01,861553.83,2979928.29,448,1.16,1
24,IT,724476.08,61097.83,192674.4,762,1.27,1
5,Healthcare,5749960.47,665010.48,3441847.75,375,0.77,0
16,IT,5707776.91,1195912.44,4480121.18,448,1.07,1
17,IT,7622436.54,2527267.39,185564.05,467,54.48,1
10,IT,6533094.65,1637833.08,858484.76,534,7.63,1
26,Healthcare,8595663.41,2095724.79,821809.94,646,10.2,1
15,Manufacturing,4242604.53,469184.87,789036.06,304,2.38,1
25,Hospitality,7267574.22,1435457.43,4847296.76,404,1.18,1
19,IT,1220133.02,380116.17,4682425.55,601,0.32,0
1,Hospitality,6420252.37,823211.74,1450972.29,716,2.27,1
27,IT,6282785.09,1357443.6,1119237.02,550,4.85,1
10,Retail,566968.19,44907.83,3818153.62,300,0.05,0
15,Healthcare,2597274.72,254972.84,3017147.16,530,0.34,0
2,Retail,7626322.25,405845.69,1056239.45,326,1.54,1
13,Healthcare,1463895.53,501164.01,4190760.21,622,0.48,0
25,Manufacturing,6102894.06,1626981.1,2372240.62,551,2.74,1
25,Retail,4703256.83,693976.14,2743699.18,786,1.01,1
24,Hospitality,3581990.14,915439.21,3554449.6,743,1.03,1
8,IT,3476345.14,540756.53,119785.81,809,18.06,1
6,Hospitality,7577252.37,1910400.33,1245868.92,779,6.13,1
19,Hospitality,6274804.9,1692629.24,970837.68,348,6.97,1
3,Healthcare,4156893.12,369556.99,2921090.25,403,0.51,0
20,Healthcare,3002388.23,884246.54,2304503.78,629,1.53,1
17,Hospitality,8459943.7,839290.96,4226186.53,333,0.79,0
23,IT,3388573.38,1090794.33,613776.99,738,7.11,1
3,Healthcare,3075526.71,1022751.71,3834729.17,643,1.07,1
19,IT,6693474.46,923641.2,1987022.13,480,1.86,1
6,Hospitality,5371446.98,1017453.66,424491.2,393,9.59,1
2,Retail,6892605.39,1758147.92,2527517.17,308,2.78,1
15,Retail,1010403.21,119452.45,3487969.2,706,0.14,0
6,Healthcare,1929587.77,106142.16,3425260.77,571,0.12,0
29,Hospitality,1202146.14,283059.97,2922769.17,595,0.39,0
7,Healthcare,8806893.22,2776232.79,1310133.47,514,8.48,1
6,Retail,3367051.96,1090200.38,2137579.47,469,2.04,1
5,Healthcare,1604126.18,113182.12,2444189.71,372,0.19,0
4,Retail,1353718.73,382594.22,171165.09,419,8.94,1
27,Healthcare,3586556.26,808070.9,675769.53,531,4.78,1
2,Manufacturing,5375753.74,1032895.0,330505.72,469,12.5,1
26,Retail,3330085.21,395445.02,2963095.83,832,0.53,0
5,Manufacturing,3958534.21,1214301.21,4448285.16,655,1.09,1
11,IT,3071372.42,731901.72,2377128.8,735,1.23,1
14,Hospitality,2729710.38,410245.03,1972862.08,697,0.83,0
13,Healthcare,9000153.1,1618138.98,3371878.43,669,1.92,1
25,Manufacturing,6056525.86,1905658.3,287852.68,817,26.48,1
9,Manufacturing,3210807.89,648637.71,4765399.01,549,0.54,0
15,Hospitality,7803687.28,2487083.43,4594659.02,356,2.17,1
29,Manufacturing,8901375.14,3110590.05,899128.69,420,13.84,1
15,IT,8820262.8,1810443.12,4788708.69,448,1.51,1
20,Healthcare,6256823.14,1672785.22,3881679.39,757,1.72,1
14,Hospitality,4254646.35,877518.27,278402.41,455,12.61,1
16,Healthcare,2129772.1,649524.53,2970565.85,376,0.87,0
22,Hospitality,4920845.01,1653043.78,1779644.11,728,3.72,1
11,IT,5727344.38,685005.73,3108720.5,531,0.88,0
12,IT,1000430.47,110359.0,2255101.47,325,0.2,0
22,Hospitality,1721552.4,276225.79,2956382.88,730,0.37,0
7,Healthcare,9244930.68,878037.24,1578583.51,552,2.22,1
8,IT,9736295.64,2259550.71,538726.49,459,16.78,1
26,Healthcare,7199684.13,1119870.47,2524997.31,653,1.77,1
7,Retail,6750371.3,865736.96,333004.47,415,10.4,1
28,Hospitality,4265957.17,1241549.55,4627896.9,776,1.07,1
2,Healthcare,4405452.58,745198.66,1286955.81,601,2.32,1
9,IT,7932016.52,928205.55,1961531.09,561,1.89,1
9,Healthcare,8396270.62,1803866.79,245916.69,701,29.34,1
5,Healthcare,6165575.93,899752.53,192024.63,720,18.74,1
3,Manufacturing,6985366.65,1484155.39,4221660.88,798,1.41,1
3,Hospitality,1029869.89,217523.48,639662.6,765,1.36,1
7,Healthcare,3972059.1,1033918.32,2215725.47,583,1.87,1
2,Manufacturing,8014928.87,748597.79,2194336.42,592,1.36,1
17,Manufacturing,2447232.36,470749.6,1468754.73,722,1.28,1
7,Healthcare,3338318.48,938685.37,4387025.47,429,0.86,0
1,Hospitality,2354985.7,756782.11,2382699.69,805,1.27,1
22,Healthcare,5125992.88,1495793.06,877602.43,522,6.82,1
28,Manufacturing,9491839.52,2351209.74,4563094.71,656,2.06,1
13,Manufacturing,2888388.63,810609.76,2862453.49,306,1.13,1
2,IT,1988660.34,153889.6,1538042.6,342,0.4,0
4,IT,7314931.8,569210.36,1340771.55,626,1.7,1
6,Hospitality,8947382.09,2329780.67,4584120.41,812,2.03,1
10,Retail,2539203.82,267693.03,997869.8,582,1.07,0
21,Manufacturing,7294823.85,1967702.2,1641280.35,759,4.8,1
27,Healthcare,6092050.77,326731.97,567721.36,827,2.3,1
2,Manufacturing,8923258.62,1845767.98,3149044.12,688,2.34,1
27,Healthcare,5734246.46,1378835.4,3660264.74,375,1.51,1
24,Manufacturing,6797821.77,1971583.78,1155527.42,650,6.82,1
24,Healthcare,4210825.75,1056926.08,1706337.92,437,2.48,1
18,Manufacturing,6201371.0,1127953.59,3846863.98,572,1.17,1
21,Manufacturing,7109829.59,541373.4,2787896.21,774,0.78,0
25,Manufacturing,2962593.7,649124.69,3553920.83,704,0.73,0
9,Hospitality,8326277.92,1291482.55,1555708.04,823,3.32,1
14,Retail,8733452.14,3013688.09,3861887.84,371,3.12,1
11,Retail,5351583.44,1681638.4,4989379.42,335,1.35,1
13,Hospitality,6127438.75,1275948.32,2563513.72,649,1.99,1
14,Retail,3062436.09,423048.95,1331624.67,524,1.27,1
27,Hospitality,8340320.85,2229103.84,543192.37,764,16.41,1
7,IT,2439074.06,806123.06,1604217.72,648,2.01,1
13,Retail,9830023.63,1607491.72,4124173.35,401,1.56,1
10,Healthcare,6853513.16,928397.17,2964160.84,545,1.25,1
15,Healthcare,9298627.59,1664931.34,4038210.08,823,1.65,1
14,Manufacturing,5381980.6,1399859.53,4347053.28,614,1.29,1
1,Manufacturing,6582315.56,1468518.25,2034532.02,409,2.89,1
28,Retail,5963748.02,901718.22,1175154.76,828,3.07,1
18,IT,3697027.29,556082.6,4699474.83,656,0.47,0
23,Manufacturing,1485707.82,501016.6,114469.97,731,17.51,1
13,IT,3855584.22,239382.54,2033567.15,311,0.47,0
17,Retail,4433856.43,1034291.47,4662198.49,837,0.89,0
15,Manufacturing,4060332.1,834043.82,3605430.73,650,0.93,0
12,IT,4914969.12,717905.6,3795123.41,678,0.76,0
27,Hospitality,1498817.82,347735.32,4794125.75,405,0.29,0
4,Retail,3301759.34,309218.52,3701199.95,794,0.33,0
23,Manufacturing,1591084.43,190611.29,1876507.72,393,0.41,0
9,Manufacturing,6144239.03,1081382.91,4982578.41,653,0.87,0
5,Healthcare,5129657.04,1522021.95,193715.48,348,31.43,1
13,Hospitality,9195522.9,1673513.12,4513495.75,421,1.48,1
28,Manufacturing,2656238.51,507527.66,3791775.58,470,0.54,0
6,Healthcare,7320092.01,2108666.16,3294833.69,690,2.56,1
10,Healthcare,8903804.07,1124406.27,4737592.78,621,0.95,0
29,Manufacturing,9839067.8,1655418.3,455579.42,608,14.53,1
6,Manufacturing,4504945.66,820863.21,3725205.93,621,0.88,0
7,Manufacturing,3430607.54,1170759.67,1263436.05,520,3.71,1
19,Hospitality,5903855.97,1843063.19,2210346.58,324,3.34,1
8,Retail,5652851.31,770827.39,3614972.96,638,0.85,0
22,Healthcare,6035294.36,1135661.25,4397801.05,753,1.03,1
7,Manufacturing,4733423.49,641157.12,523507.31,841,4.9,1
22,Retail,769458.43,160153.28,2555479.22,657,0.25,0
12,Healthcare,6131327.32,1951561.41,791408.35,735,9.86,1
25,Healthcare,5771622.12,1045281.5,226435.16,682,18.47,1
20,Manufacturing,581255.84,130101.07,508666.13,838,1.02,1
14,Retail,7377669.51,794573.82,4013830.22,721,0.79,0
28,Manufacturing,9183249.52,1450789.25,2465866.4,364,2.35,1
19,Retail,3550224.45,536335.35,4552239.05,591,0.47,0
8,IT,7735950.69,542694.32,3738312.55,540,0.58,0
11,IT,2903635.02,915027.23,1093080.73,515,3.35,1
11,Healthcare,4304500.44,351460.57,1472053.17,504,0.96,0
13,Retail,3353876.45,807586.62,4415731.65,513,0.73,0
2,Hospitality,7833882.51,2332364.7,3004639.37,390,3.11,1
1,Healthcare,4479947.38,993686.63,4334656.06,446,0.92,0
23,Healthcare,7659506.7,507534.32,696678.37,303,2.91,1
28,Healthcare,9791654.03,3195465.98,3342378.77,381,3.82,1
4,Healthcare,6866931.9,851432.96,4833795.94,773,0.7,0
4,Manufacturing,9767153.14,1439852.02,4797257.59,548,1.2,0
23,Healthcare,1263758.98,188737.8,3932506.29,472,0.19,0
2,Manufacturing,5695031.4,992879.32,2627293.7,784,1.51,1
17,Hospitality,6916120.16,1808398.88,4009981.78,382,1.8,1
26,Hospitality,869536.02,155358.91,4740619.0,525,0.13,0
3,IT,2328081.37,469463.0,3334105.26,541,0.56,0
5,Healthcare,5203695.12,1435405.54,1708953.7,364,3.36,1
5,Healthcare,1807207.15,131367.38,1751803.53,388,0.3,0
14,Retail,2329158.41,425276.42,835371.12,820,2.04,1
20,Hospitality,5475432.9,1824425.82,4406118.3,519,1.66,1
4,Hospitality,8327695.14,1037027.67,534454.11,508,7.76,1
13,Retail,503166.09,64801.29,3114120.38,594,0.08,0
13,Healthcare,2362821.99,703203.44,2655074.75,570,1.06,0
24,Retail,6588026.69,906277.32,1816110.13,711,2.0,1
12,Retail,4900348.17,1031275.51,4123780.8,589,1.0,1
8,Manufacturing,7339287.91,1984514.62,3430764.5,456,2.31,1
16,Healthcare,6770024.71,580978.67,857788.91,516,2.71,1
13,Healthcare,8667942.95,2270392.73,3525357.65,716,2.58,1
7,Manufacturing,2271187.03,723995.66,3157031.95,558,0.92,0
2,IT,4953176.25,692132.8,2644126.75,766,1.05,1
1,Retail,7702259.59,1063554.84,3290189.15,481,1.29,1
6,IT,1188434.72,292457.87,4273427.29,603,0.27,0
4,Manufacturing,2484064.51,157007.01,3011305.66,705,0.21,0
5,Manufacturing,2159749.62,305125.66,1122798.62,345,1.09,0
24,Retail,9178984.78,3126646.81,113758.95,754,109.94,1
26,Retail,2860215.46,743491.35,586006.14,797,5.07,1
21,Hospitality,5536273.15,1805883.78,2938542.48,452,2.46,1
17,IT,6205748.66,1141537.3,1252837.59,619,3.64,1
11,Manufacturing,7500860.75,1250109.39,4839896.0,477,1.03,1
9,Healthcare,6038884.32,1071281.14,618955.51,514,6.92,1
21,Hospitality,1956619.77,141825.58,1240800.05,360,0.46,0
7,Manufacturing,1635290.6,254698.17,1531371.6,501,0.67,0
25,Hospitality,7624137.44,452291.99,3834828.89,828,0.47,0
21,Retail,8103117.71,671409.65,523602.14,440,5.13,1
28,Manufacturing,2897222.32,518829.53,2594792.64,694,0.8,0
28,Hospitality,8447365.89,1241994.48,1235747.06,423,4.02,1
28,Healthcare,8371260.31,713672.66,3126093.05,519,0.91,0
20,Healthcare,2365757.91,412340.04,1740715.63,632,0.95,0
7,Retail,1571395.82,169605.79,4955643.3,820,0.14,0
3,Healthcare,7457866.5,1176297.53,2492701.95,560,1.89,1
8,Hospitality,4143023.53,260193.12,3277357.21,467,0.32,0
29,Hospitality,8084897.68,1442745.68,2167017.16,643,2.66,1
29,Retail,9277080.46,2009946.01,4091981.76,818,1.96,1
25,Retail,8119031.43,1410437.7,3042936.44,742,1.85,1
2,Healthcare,4762283.34,890356.05,1542633.63,329,2.31,1
10,Retail,9130642.59,2450749.94,1956194.83,382,5.01,1
16,Hospitality,8220459.45,2827248.56,2561572.15,441,4.41,1
12,Healthcare,6964664.54,454600.03,4556456.67,844,0.4,0
25,IT,3584129.39,680866.27,2661642.43,444,1.02,1
27,Healthcare,4428776.54,1408575.28,3015542.95,762,1.87,1
28,Healthcare,2299969.85,160419.58,4791690.76,723,0.13,0
16,Retail,561883.94,171513.39,4040290.3,548,0.17,0
5,Hospitality,9930124.27,1363093.86,399124.35,798,13.66,1
24,Healthcare,1983022.03,175328.23,1959384.1,333,0.36,0
12,Hospitality,1882346.12,261952.44,173924.56,657,6.02,1
5,IT,8312996.99,2852962.66,1470940.33,475,7.76,1
16,Manufacturing,8696926.2,1379140.04,1022430.28,631,5.4,1
6,Healthcare,4079446.15,1062716.65,2199748.12,396,1.93,1
21,Healthcare,1630272.46,205452.65,3113318.54,517,0.26,0
10,Hospitality,4758239.37,567847.6,3802840.61,744,0.6,0
16,IT,5981959.21,354343.9,2588308.72,687,0.55,0
20,Retail,4148772.62,1261196.54,3098361.65,626,1.63,1
23,Retail,1969343.57,402472.55,2775809.98,461,0.58,0
11,Manufacturing,4229022.11,417739.92,634818.41,343,2.63,1
13,Retail,4647383.06,847252.85,2857708.13,388,1.19,1
27,Manufacturing,5067154.96,1183641.95,1646478.56,434,2.88,1
25,Manufacturing,4443841.98,1464541.59,781499.54,610,7.5,1
10,Hospitality,9098062.03,2931171.72,263486.72,724,44.5,1
25,IT,7684001.13,966745.76,1912578.5,805,2.02,1
5,Manufacturing,4615519.23,547533.23,4825490.69,574,0.45,0
13,IT,6729002.13,2049865.7,4156892.48,592,1.97,1
15,Healthcare,3572555.29,608124.43,1209214.86,466,2.01,1
5,Retail,507127.87,81787.07,475678.72,488,0.69,0
6,Manufacturing,3605015.41,934032.93,3642606.98,481,1.03,1
20,Retail,8283597.81,1672211.61,1210290.01,842,5.53,1
23,Healthcare,853402.08,107746.71,3346680.81,553,0.13,0
14,Manufacturing,9999154.8,1262719.53,3330644.39,695,1.52,1
23,Retail,8090904.97,2124823.54,3666486.94,324,2.32,1
26,Manufacturing,1413652.5,165250.7,4011334.81,580,0.16,0
25,Retail,9829290.44,1024567.26,1773624.55,594,2.31,1
28,Manufacturing,6087137.99,1650236.89,4463919.95,511,1.48,1
2,Healthcare,4640335.63,312360.34,4411991.75,501,0.28,0
29,Retail,1621150.54,504016.32,4340147.95,467,0.46,0
26,Retail,6284035.44,1880725.07,3042727.75,359,2.47,1
22,Healthcare,4340041.58,1226275.91,2738098.68,675,1.79,1
1,IT,1394292.16,325828.86,4650681.09,543,0.28,0
5,Healthcare,1632251.24,442466.84,2627634.06,803,0.67,0
6,Manufacturing,9319008.38,2071421.94,2505913.32,743,3.31,1
9,Retail,8337882.46,630065.98,3351342.86,505,0.75,0
11,Healthcare,3972631.02,699813.08,828942.95,633,3.38,1
22,Hospitality,5194103.05,1647373.52,2247306.0,838,2.93,1
9,Hospitality,6601004.96,399072.13,3294554.31,371,0.48,0
27,Retail,9447222.33,1222817.38,1609598.15,566,3.04,1
4,IT,4914851.19,938601.36,2589915.97,815,1.45,1
18,Hospitality,639041.4,192835.97,3982641.8,333,0.19,0
24,IT,9351551.87,1965352.66,949347.29,742,8.28,1
15,IT,6726750.12,569823.67,196688.93,848,11.59,1
2,IT,1205814.7,238812.7,4206585.4,409,0.23,0
22,Retail,3325139.43,341809.23,1386611.53,332,0.99,0
23,Retail,3577551.55,972486.45,2196822.14,379,1.77,1
21,Hospitality,4416063.12,512833.4,1896773.73,341,1.08,0
1,Hospitality,8966403.57,652782.35,3722126.22,665,0.7,0
14,Manufacturing,2631705.85,894976.9,1324888.81,717,2.7,1
14,Manufacturing,942248.05,192379.27,2388195.85,745,0.32,0
11,Hospitality,7552941.46,1795669.22,2456283.33,373,2.92,1
11,Retail,4684700.58,921646.94,2970532.75,553,1.24,1
28,Retail,2548425.88,318888.86,4639637.67,537,0.27,0
20,Manufacturing,1973165.01,109811.93,2926557.75,700,0.15,0
17,Healthcare,2850179.11,167480.01,2759075.34,477,0.24,0
3,Manufacturing,1992892.55,474037.96,3325438.58,308,0.57,0
29,IT,3331272.06,523261.15,495448.13,331,4.22,1
6,Retail,9043543.94,2988897.15,2766806.17,786,4.32,1
27,Manufacturing,3119226.62,738270.05,1579071.73,633,1.87,1
27,Hospitality,6976581.26,936022.77,3124174.58,396,1.2,1
14,Healthcare,3972214.19,376607.51,3495169.98,458,0.43,0
29,Hospitality,581996.39,122398.61,4094389.23,319,0.12,0
25,Manufacturing,9805557.95,1275235.87,3071407.78,669,1.66,1
15,Retail,8200945.7,971774.56,733845.55,552,5.3,1
12,Healthcare,7423255.07,865401.44,863146.02,531,4.01,1
27,Healthcare,7883169.4,2385379.48,4549016.15,522,2.1,1
3,Retail,9003591.67,1499921.94,4508510.33,395,1.33,1
16,Retail,9104183.14,1819094.14,1201662.12,628,6.06,1
16,Retail,3400334.33,1118172.7,2645799.95,522,1.69,1
11,IT,6926192.35,1030028.08,4015390.83,822,1.03,1
23,Healthcare,2552274.15,871625.22,4216031.01,568,0.83,0
14,Hospitality,4542727.35,759428.52,847707.02,583,3.58,1
25,Retail,9377374.47,2998199.88,1558381.84,442,7.7,1
9,IT,7844285.64,1673562.17,2610669.32,361,2.56,1
26,Hospitality,9487278.81,2213729.54,2315210.43,363,3.82,1
2,Hospitality,7096143.13,1431255.23,4825992.6,406,1.19,0
27,Retail,7741485.52,1799035.74,432361.82,642,16.64,1
25,Hospitality,1415419.31,362322.92,1766353.27,375,0.82,0
28,Hospitality,5854759.6,620580.59,2020254.62,595,1.23,0
16,Hospitality,6106112.94,1603433.93,425917.63,339,15.06,1
2,IT,4819701.24,1442488.66,4624448.11,391,1.25,1
27,Manufacturing,5635879.2,344762.67,2758716.91,790,0.5,0
9,IT,8755828.75,1239200.25,610303.84,831,8.12,1
20,Hospitality,8570412.72,922450.27,1313400.96,583,2.81,1
29,IT,4682954.72,856188.92,598728.25,779,5.72,1
29,Healthcare,6889492.7,1473291.07,1464269.13,468,4.02,1
28,Hospitality,7913698.97,445700.69,3154673.03,324,0.57,0
3,Hospitality,2083802.44,682616.36,3557052.36,311,0.77,0
9,Hospitality,1416712.14,416299.55,102808.08,647,16.2,1
28,IT,591377.6,148856.48,3144523.31,597,0.19,0
21,IT,8435784.05,852089.83,4974006.31,455,0.69,0
26,Hospitality,9677362.29,1370097.08,3302410.52,300,1.66,1
19,Retail,3860126.22,234524.55,1791641.11,519,0.52,0
3,IT,5688801.48,580625.91,1868613.93,574,1.24,0
18,Retail,871566.34,206258.07,4044080.96,818,0.2,0
21,Manufacturing,5027221.13,1204009.58,2523552.11,464,1.91,1
12,Retail,6667587.91,956423.52,3019827.26,634,1.27,1
2,Manufacturing,6817249.09,2291557.69,368469.28,566,24.88,1
27,Retail,4518722.39,493022.05,4875444.74,797,0.4,0
16,Retail,2587773.07,800406.12,2896330.61,658,1.11,1
16,Healthcare,2268389.26,354777.99,4807855.12,394,0.3,0
4,Retail,9078975.14,2736142.03,2802847.06,538,3.9,1
4,IT,2926369.28,639000.63,1505159.33,816,1.7,1
25,IT,9320369.64,2724220.18,2101430.99,564,5.19,1
25,Manufacturing,9589306.78,2380417.52,1292918.15,491,7.36,1
7,Manufacturing,2047742.27,125655.61,2914831.43,396,0.17,0
29,Retail,4039148.11,424110.97,1707205.99,436,0.99,0
27,IT,8668925.62,445038.22,3813180.84,645,0.47,0
29,IT,7102765.2,704792.3,3625315.29,808,0.78,0
12,Hospitality,6932709.98,753751.01,3985650.79,432,0.76,0
2,Retail,575187.17,68645.64,3121324.17,646,0.09,0
4,IT,2272052.97,631343.79,2325309.52,717,1.09,1
26,Manufacturing,657476.78,201995.52,2049822.39,328,0.39,0
11,IT,6146486.43,1863279.63,4943339.36,371,1.51,1
21,Hospitality,5397706.64,1778086.92,347487.06,502,20.47,1
6,Manufacturing,9202247.71,698805.8,4792062.78,819,0.58,0
8,Healthcare,5799040.94,1087591.26,3719329.33,388,1.17,1
20,IT,7189692.93,1707146.55,3488584.57,819,1.96,1
14,Healthcare,9646261.47,1968658.41,1212609.95,564,6.49,1
12,Healthcare,6575856.1,2240681.8,1309444.17,797,6.84,1
27,Healthcare,2965437.08,245983.15,559710.26,322,1.76,1
27,Manufacturing,5563319.91,664905.84,3948256.91,341,0.67,0
25,IT,5359098.75,711130.23,4831852.52,793,0.59,0
3,Manufacturing,2796503.79,362763.88,388025.58,689,3.74,1
13,Manufacturing,9114416.9,2364838.27,3373041.15,330,2.8,1
28,Healthcare,4628864.49,732814.14,4735867.99,343,0.62,0
22,Retail,3242484.9,633778.33,715287.97,442,3.54,1
24,Manufacturing,3762967.9,1078071.71,2476545.24,543,1.74,1
10,Healthcare,5273336.41,1821028.14,3391449.59,637,2.15,1
17,Manufacturing,4110215.6,584748.73,2885840.58,557,0.81,0
28,IT,3864040.58,412061.79,845613.53,807,1.95,1
13,Manufacturing,7390220.62,1671449.67,517386.66,396,12.92,1
6,Manufacturing,4887804.04,1228304.14,227701.68,735,21.58,1
6,Hospitality,4246003.6,1281193.4,3321158.68,734,1.54,1
21,Hospitality,4497414.76,768315.97,2691906.85,703,1.14,1
12,Healthcare,5852548.03,667896.47,860035.69,772,3.11,1
5,Manufacturing,617022.28,94537.05,1639827.89,611,0.23,0
20,Healthcare,8632819.27,474092.23,1557006.45,474,1.22,0
29,Retail,3003601.35,384737.81,4706323.84,716,0.33,0
14,Retail,4605796.31,736296.55,562482.34,549,5.24,1
21,Hospitality,5953856.24,1865995.62,4369354.68,445,1.71,1
6,Hospitality,6363023.7,375108.54,1906560.0,740,0.79,0
12,Retail,4046969.16,1058400.02,2976307.31,432,1.42,1
29,Hospitality,558620.98,139697.51,1001622.67,619,0.56,0
1,Hospitality,4754886.65,904113.31,4066931.02,558,0.89,0
14,Retail,3535729.19,330866.14,1268146.29,600,1.04,0
4,Retail,2907297.36,242368.07,4172181.1,678,0.23,0
11,Hospitality,4384830.68,1426730.27,2478846.28,563,2.3,1
15,IT,9963737.65,3083677.4,2566666.92,591,4.81,1
24,Manufacturing,4433012.5,799936.86,248216.05,332,12.89,1
25,Healthcare,2640930.55,516059.02,1639889.07,776,1.26,1
24,IT,2857997.8,256808.54,3653128.1,618,0.28,0
27,Hospitality,6029329.52,1222568.64,3262714.65,730,1.5,1
21,Retail,8512047.21,2897420.48,1773589.88,328,6.53,1
10,Retail,1802020.86,629975.21,1574372.42,579,1.6,1
28,Manufacturing,7634872.75,1350167.27,230341.13,350,23.45,1
9,Healthcare,7024875.24,1660106.17,1104281.55,592,6.01,1
26,Healthcare,7562602.05,574586.49,1463127.81,773,1.57,1
9,Hospitality,1956195.06,496838.7,2548832.05,515,0.78,0
12,Manufacturing,3660775.29,826652.87,1950502.47,840,1.7,1
8,Manufacturing,8889347.61,995514.41,2230133.11,311,1.79,1
24,Healthcare,7382808.23,1811399.09,4073680.83,357,1.78,1
24,Hospitality,1358871.4,201854.4,2610798.75,463,0.31,0
8,Healthcare,5678041.59,637805.37,193834.13,362,13.16,1
9,Retail,9855871.17,2335906.81,672863.34,550,13.89,1
29,Retail,1077851.95,233447.08,2361905.81,598,0.4,0
13,IT,2680081.29,731834.52,3245324.77,738,0.9,0
1,IT,6921022.23,1294483.88,1885774.08,425,2.75,1
21,Retail,4781017.83,1442936.94,780707.23,334,7.39,1
19,Retail,8188908.14,1513501.73,2330483.33,717,2.6,1
17,Hospitality,1740514.32,567096.41,828261.89,418,2.74,1
14,Healthcare,5005909.91,1204581.82,3023214.71,581,1.59,1
14,Healthcare,4940725.15,1102944.65,854748.58,547,5.16,1
28,Hospitality,6453462.19,439664.22,1280897.23,343,1.37,1
23,Hospitality,3892392.79,386282.43,4823911.15,845,0.32,0
26,Healthcare,3279303.21,819634.75,907846.98,445,3.61,1
24,IT,6230267.64,1014654.67,798772.56,508,5.08,1
2,Manufacturing,2397028.86,568915.77,3891010.04,440,0.58,0
12,Manufacturing,1180957.95,238604.5,2544006.76,352,0.38,0
28,Hospitality,3948692.22,347760.96,2253688.68,658,0.62,0
3,Manufacturing,6659849.21,1680237.99,1267258.03,685,5.3,1
13,Manufacturing,5609496.5,508772.05,1266366.35,347,1.61,1
9,Manufacturing,2822994.38,514645.46,368357.17,689,5.59,1
18,Manufacturing,2491033.46,169245.8,1061767.08,791,0.64,0
3,Hospitality,1210187.99,273169.88,1028687.68,467,1.06,0
16,Hospitality,1192979.15,390797.17,4713949.05,581,0.33,0
7,Hospitality,7129312.4,1396855.04,2666671.85,611,2.1,1
2,Manufacturing,9480104.62,2567118.58,162698.34,574,63.11,1
3,Healthcare,6575386.17,1473502.16,3127688.56,728,1.88,1
25,Manufacturing,5646431.51,1193177.8,4604719.81,473,1.04,1
5,IT,5773344.55,459779.6,1309050.07,377,1.4,1
18,Hospitality,7248222.56,2449751.4,539336.8,492,18.17,1
12,Manufacturing,5926841.91,540435.98,2895248.55,434,0.75,0
12,Healthcare,6295016.28,1523660.09,2947760.62,408,2.07,1
14,Retail,2132188.5,713301.96,4163935.69,311,0.69,0
8,Hospitality,5956397.1,1774716.61,1899793.88,615,3.74,1
27,IT,7500406.68,1650082.26,247938.44,405,26.62,1
24,Retail,8266515.07,2045032.3,1326866.15,448,6.16,1
20,Hospitality,2987095.36,1003432.65,2505681.79,600,1.6,1
20,IT,1748200.57,483865.69,4386422.8,358,0.44,0
20,Manufacturing,3386875.81,436571.26,2355407.6,822,0.74,0
7,Manufacturing,9553433.22,2857970.01,2411405.68,304,4.74,1
14,Retail,4784266.94,529383.75,2701667.6,766,0.78,0
15,Healthcare,3065077.25,568487.6,3897485.34,391,0.58,0
11,Retail,6434695.15,1800590.73,244027.16,786,29.51,1
28,Retail,8321031.99,2090691.0,2239216.69,403,3.73,1
26,Healthcare,5410742.1,1097940.71,703137.32,565,6.25,1
1,IT,8216585.22,454987.13,2418416.35,533,0.75,0
13,Healthcare,9338465.78,3001804.14,2678198.56,625,4.48,1
5,Healthcare,5443717.16,1862562.07,154287.69,354,48.29,1
11,Manufacturing,2234277.61,551503.96,3944665.04,319,0.56,0
3,IT,6712857.66,984831.2,410969.15,312,9.59,1
15,Healthcare,1351802.13,330006.87,381543.47,593,3.46,1
24,Retail,3138288.9,992165.28,3206770.63,635,1.24,1
19,IT,1628407.92,144041.94,2456164.42,525,0.23,0
29,Healthcare,7684530.77,1941280.02,3107838.5,694,2.5,1
27,Hospitality,7424513.18,1886652.03,1010118.17,355,7.47,1
21,Retail,4201816.26,533390.34,169055.55,489,12.62,1
8,Healthcare,6881251.84,1381599.68,1491071.25,621,3.71,1
5,Manufacturing,3922543.77,682611.55,491629.19,463,5.55,1
25,Manufacturing,6368562.38,1504200.76,4148613.93,682,1.45,1
14,IT,2994898.4,478108.43,4783905.36,848,0.4,0
29,Healthcare,8219904.05,553789.39,4464224.31,696,0.5,0
18,Retail,7581687.41,2118904.04,992924.22,752,8.54,1
12,Healthcare,7765468.46,2163968.6,4399590.43,332,1.97,1
6,IT,5520676.23,1358427.08,1634931.02,760,3.32,1
23,Healthcare,5179791.67,1198594.19,3950242.23,397,1.21,1
4,IT,8548390.2,1445738.38,2014741.11,521,2.87,1
21,Manufacturing,8058907.55,923361.46,1758474.12,635,2.1,1
26,Healthcare,6345592.15,1094014.79,1619671.6,657,2.7,1
3,IT,4956214.39,1208767.61,3600957.76,783,1.34,1
22,Healthcare,6595204.46,1719927.74,1912808.49,494,3.6,1
27,Hospitality,3984393.77,583476.2,3437394.06,645,0.68,0
8,Healthcare,8931289.01,3085287.09,2652807.9,770,4.65,1
15,IT,9620023.58,1014109.48,470330.24,307,8.62,1
20,Hospitality,6201263.67,1402730.27,2937604.71,400,1.91,1
22,Hospitality,4007381.26,1198926.17,4098924.13,319,1.17,1
13,Hospitality,839266.95,192208.6,127641.54,614,6.02,1
9,Manufacturing,8788774.57,2849909.85,2638663.32,647,4.32,1
6,Hospitality,1901883.46,530898.35,3136646.0,460,0.68,0
25,Healthcare,2907510.81,484704.48,3237631.62,337,0.6,0
6,IT,8843034.43,2114297.93,701845.78,549,12.05,1
26,IT,7495694.28,2150846.1,2813583.37,381,3.06,1
21,Manufacturing,6694918.73,774088.29,4943703.12,376,0.63,0
10,Manufacturing,4153023.87,1142646.68,4193283.83,584,1.09,1
14,Healthcare,5191848.36,833416.71,2277513.62,778,1.46,1
28,Hospitality,4186679.03,1318328.08,352629.77,363,14.95,1
17,IT,2572561.62,241597.29,3523976.12,833,0.27,0
25,Healthcare,9581866.68,611848.97,3141708.54,477,0.78,0
10,Manufacturing,7561535.02,1804443.27,4776529.32,447,1.51,1
28,IT,1999702.29,163089.19,2395735.58,473,0.27,0
22,Healthcare,4817742.66,375822.33,4710299.11,570,0.32,0
29,IT,2938034.45,547478.34,1676198.58,488,1.31,1
25,Manufacturing,9700039.31,1508948.01,384339.02,749,15.7,1
29,IT,4437907.75,1027192.53,2274575.87,468,1.81,1
25,Retail,6748132.44,686739.06,574568.65,788,4.78,1
14,IT,908479.98,189186.75,4556229.8,622,0.17,0
17,Hospitality,4356242.6,495746.56,4207072.9,346,0.47,0
4,IT,9491948.46,805191.94,1486145.21,658,2.17,1
21,Manufacturing,1300184.94,76838.9,2603447.46,550,0.12,0
29,IT,6464325.97,1422056.93,2372475.93,415,2.4,1
16,IT,6218745.34,1863524.85,1264153.54,576,5.9,1
19,Manufacturing,945106.93,295065.35,1632557.43,644,0.72,0
10,Manufacturing,1655747.08,349361.79,1975664.1,808,0.71,0
17,IT,8357459.04,2838440.51,1983186.94,817,5.73,1
3,Healthcare,1188977.74,259829.08,4713752.03,599,0.22,0
5,Manufacturing,2172334.72,273900.84,3628410.07,462,0.3,0
18,IT,4195479.78,1312538.5,2165692.24,485,2.42,1
20,IT,600622.29,50533.63,3146227.38,761,0.06,0
16,Hospitality,5960235.98,1017938.55,703680.6,430,5.79,1
15,Manufacturing,5146842.87,947607.77,3428045.9,453,1.11,1
21,Hospitality,4690289.84,1224256.52,4062880.01,628,1.21,1
20,Hospitality,5434239.57,876306.63,4312768.72,329,0.81,0
9,Retail,3649364.14,635878.03,2879873.85,715,0.88,0
28,Hospitality,8289699.19,1727945.71,1676078.84,520,4.12,1
9,IT,3066564.36,490750.1,3227116.63,751,0.61,0
18,Manufacturing,6872343.05,2147092.84,4483507.68,466,1.92,1
10,Manufacturing,6751663.25,1231760.79,2618965.29,534,1.88,1
27,Manufacturing,1952826.39,297634.8,814233.19,431,1.46,1
18,Healthcare,3294090.25,268475.37,4737085.27,834,0.23,0
5,IT,8320334.02,1471688.17,937704.31,583,6.28,1
10,Retail,6036544.56,1079705.27,3130158.3,633,1.38,1
12,Manufacturing,5734159.06,791191.38,991223.57,684,3.19,1
25,Retail,5034240.08,607522.88,1777989.25,743,1.37,1
15,Retail,2873495.4,473305.07,2679272.69,375,0.71,0
2,Hospitality,1967637.4,180566.7,199508.56,575,3.62,1
8,Healthcare,2972867.22,467562.72,4020739.42,419,0.47,0
22,Manufacturing,7889463.79,533956.44,445613.95,705,4.79,1
26,Retail,3068411.55,438805.54,4541833.95,609,0.39,0
8,Retail,1521700.63,407320.54,2752564.26,624,0.59,0
9,Healthcare,3976335.99,1095670.07,101525.46,528,43.17,1
8,IT,1885031.91,279420.18,4655170.0,756,0.24,0
15,Hospitality,3847112.32,621867.53,4083478.22,558,0.61,0
7,Healthcare,2211444.7,635796.94,3569645.07,454,0.71,0
22,Retail,3374264.91,968215.24,313165.33,471,12.37,1
16,Retail,4693466.26,529279.3,2297417.28,799,0.92,0
21,Healthcare,8889864.74,793788.44,4333419.9,563,0.73,0
12,Retail,8873290.49,2041360.02,3238685.06,528,2.52,1
15,Hospitality,7348742.26,2144781.12,541515.69,314,15.84,1
8,Manufacturing,7789365.96,2291011.27,385296.67,533,23.78,1
8,Manufacturing,3232216.94,1063641.63,1208127.47,319,3.52,1
4,Healthcare,8127741.08,2070203.45,1182513.85,826,7.0,1
18,Manufacturing,4053031.12,994646.52,2526186.95,813,1.57,1
22,Retail,5930478.29,1713307.38,1117344.87,570,6.13,1
2,Hospitality,1054245.84,298915.1,3203196.91,378,0.37,0
10,Retail,2754994.75,419912.39,1331930.58,704,1.26,1
27,IT,9024578.96,808501.82,206372.58,454,15.67,1
8,Manufacturing,4330553.26,734899.01,256434.46,301,11.46,1
7,Manufacturing,5394960.91,352020.14,1551404.58,409,0.91,0
10,Retail,9310217.34,1357425.59,207389.88,658,26.18,1
4,Manufacturing,8236592.9,1623410.92,1916659.66,693,3.39,1
20,Manufacturing,4514449.53,1062759.38,2758063.23,703,1.54,1
2,Hospitality,3734681.66,1168302.69,3171000.15,343,1.47,1
25,Retail,7365710.38,2488368.48,3781415.61,830,2.63,1
15,Manufacturing,3606735.79,887622.04,660622.98,787,5.37,1
5,Healthcare,2410985.01,735454.96,2342439.54,572,1.26,1
12,Hospitality,8587803.47,1424227.41,4267953.21,616,1.33,1
29,Healthcare,3450275.75,994432.73,4326169.39,398,0.92,0
16,Retail,4999081.66,1644362.14,1557548.74,533,4.22,1
10,Healthcare,3945823.01,1087949.17,2005803.02,420,2.17,1
26,Manufacturing,5325441.01,865367.47,3193653.04,793,1.08,1
6,Hospitality,8308933.33,1128549.33,773253.43,735,5.84,1
18,IT,1461768.64,154018.87,1016077.08,470,0.61,0
14,Manufacturing,6605816.37,1592274.35,308021.59,300,20.68,1
25,Hospitality,1719085.69,460890.0,1044690.99,774,1.76,1
26,Retail,717820.32,247326.45,2023095.96,414,0.49,0
19,IT,9321231.03,2274223.63,842195.78,423,10.8,1
23,Manufacturing,3509697.56,851181.59,100310.32,300,33.94,1
28,Healthcare,4924186.72,1335115.72,2391786.49,719,2.23,1
7,IT,5287224.55,595063.34,1769059.87,513,1.35,1
26,Hospitality,5377502.01,872707.14,2761478.78,340,1.26,1
16,IT,6118810.73,1662156.91,1357195.6,459,4.9,1
2,Retail,2818909.21,781459.38,4037490.29,820,0.77,0
24,Healthcare,6940648.54,2200714.87,1644909.94,686,5.35,1
7,IT,2635205.62,677609.06,4992028.8,756,0.54,0
5,IT,6207361.69,441503.9,2132446.6,825,0.83,0
29,Retail,3558866.16,380247.27,3311754.38,734,0.46,0
20,Manufacturing,2865385.2,208915.63,2718401.6,639,0.31,0
16,IT,4000571.32,478485.54,1138516.11,567,1.68,1
2,Hospitality,8229584.11,1044912.25,4167885.99,761,1.0,1
3,Manufacturing,7191776.7,1239171.81,4803281.52,327,1.03,0
28,Manufacturing,6644299.81,1541762.01,4592020.03,554,1.34,1
15,Manufacturing,3947546.83,856950.2,1766233.5,463,1.94,1
8,Retail,2862676.21,948279.56,1811982.83,627,2.09,1
2,Hospitality,6657630.3,1336096.18,2047862.43,848,2.61,1
6,Retail,2995611.05,444229.22,2326852.35,652,0.76,0
28,Healthcare,6325212.14,1122834.09,3453904.64,597,1.3,1
14,Retail,1567131.48,88212.52,919373.45,819,0.38,0
28,Healthcare,6470191.27,1573406.07,1499887.65,807,4.2,1
24,IT,6687547.08,2263016.47,3140368.05,562,2.88,1
1,Manufacturing,960533.3,218331.37,1110226.35,492,0.79,0
6,Healthcare,5370322.65,1734094.04,1948087.78,447,3.56,1
19,Healthcare,3312961.49,782294.81,1911917.31,706,1.64,1
27,Retail,6945888.48,611304.29,3736954.73,353,0.65,0
14,Hospitality,6692939.69,1171854.99,2454162.35,804,1.91,1
3,Hospitality,6340885.3,1375361.78,4681571.14,667,1.18,0
7,Healthcare,9037642.93,2176399.2,1071615.6,818,8.12,1
23,Manufacturing,9041109.28,1741636.13,3989147.28,375,1.75,1
19,Manufacturing,3729412.88,686791.31,3130997.94,478,0.88,0
9,Healthcare,4994576.24,1095577.2,129103.87,475,33.94,1
8,Healthcare,8250462.39,2079076.96,372226.31,804,22.34,1
28,IT,2355543.68,318607.5,3408235.33,841,0.37,0
2,Retail,605706.97,63845.76,2227045.8,474,0.11,0
17,Hospitality,7645846.61,1121474.8,3920304.46,657,1.14,1
14,Manufacturing,4569559.05,1291815.49,3266329.76,545,1.58,1
24,Retail,8019278.04,1313323.83,765040.93,569,6.87,1
3,Hospitality,4126733.63,511884.88,1988419.76,442,1.03,0
17,Hospitality,6404665.3,981116.51,2009819.7,522,1.95,1
26,Retail,8278095.4,728309.91,4438999.28,654,0.66,0
24,IT,5798402.47,593745.71,4819456.79,831,0.49,0
11,Hospitality,8936978.7,582591.42,294412.6,709,7.92,1
26,Healthcare,6970253.34,397660.0,138773.21,717,11.46,1
27,Hospitality,1716921.03,252090.88,2769115.99,500,0.36,0
26,Hospitality,6866018.02,858850.61,1351544.77,391,2.54,1
18,Manufacturing,5853072.7,834034.94,808943.95,786,4.12,1
12,Hospitality,4775233.97,926982.53,123877.46,498,29.93,1
25,Healthcare,6978434.62,1646125.71,4851152.0,649,1.36,1
2,Retail,954565.84,228212.03,3347188.18,764,0.27,0
12,Hospitality,1651530.26,411976.22,2981230.13,495,0.55,0
13,Manufacturing,6558780.61,1522279.14,3038308.12,813,2.0,1
18,Healthcare,7892554.54,2091354.32,3700845.49,327,2.26,1
11,Hospitality,2202384.8,352319.39,4866382.9,719,0.29,0
10,Retail,2478240.6,706084.43,3001401.89,469,0.94,0
23,IT,9352552.65,2770780.72,543485.88,451,20.39,1
18,Hospitality,9888349.27,1967169.03,434809.43,344,18.1,1
25,Hospitality,2232614.94,213229.94,4012644.01,815,0.21,0
16,Hospitality,4677831.4,1088898.82,4451137.7,373,0.98,0
11,IT,9313822.99,1689821.63,4903553.31,385,1.38,1
10,IT,3878654.1,1177151.75,1055210.83,785,4.46,1
24,Manufacturing,502737.74,158762.28,4838169.7,673,0.13,0
13,Retail,2840822.3,428201.32,2689616.39,791,0.64,0
10,IT,5400738.18,1243037.2,727199.19,667,6.84,1
27,Retail,5954640.93,782333.03,1224082.73,607,2.56,1
3,Healthcare,3825461.54,401700.62,4692557.84,548,0.34,0
18,IT,3060188.07,334826.66,3470393.3,463,0.39,0
11,Manufacturing,8684975.44,2375159.35,3415085.59,747,2.78,1
6,Manufacturing,9578488.8,2963055.08,1982022.59,475,5.98,1
2,Hospitality,9248345.33,1183568.02,932669.26,672,5.08,1
13,Manufacturing,502019.8,128552.65,1722352.24,535,0.3,0
3,Healthcare,1138690.65,101690.06,4302935.88,516,0.09,0
24,Manufacturing,5284359.21,1732385.49,3861572.8,784,1.79,1
16,Healthcare,3307089.06,1132627.91,2830652.71,367,1.6,1
29,Hospitality,9667214.14,2999499.21,4332809.7,693,2.77,1
25,Hospitality,3097478.31,965432.5,275762.09,449,14.0,1
7,IT,8826212.27,3018788.92,3900885.4,320,3.1,1
10,IT,4822946.02,1683319.2,2715925.7,740,2.48,1
7,Retail,7680531.87,723752.52,218881.28,541,13.23,1
29,IT,7871498.05,2606139.84,4461277.21,506,2.34,1
27,Healthcare,7836088.57,807577.44,2768737.85,365,1.17,0
4,Manufacturing,9948131.08,2809486.33,360305.64,697,31.19,1
22,Manufacturing,7529650.05,789365.41,803247.14,843,3.93,1
26,Hospitality,6338371.25,1962653.52,1593529.26,618,4.93,1
15,Healthcare,1653008.76,365174.48,2569942.99,775,0.57,0
6,Manufacturing,3458346.1,969510.25,888619.26,406,4.36,1
28,Manufacturing,739885.82,236522.41,1842102.45,746,0.51,0
19,Retail,3901123.57,573435.72,3010157.45,701,0.76,0
16,Retail,8868073.2,866965.22,1414282.51,349,2.45,1
2,Healthcare,3917740.88,1017395.14,1019429.64,323,3.99,1
12,Retail,5804386.48,469435.69,4498370.14,574,0.42,0
29,Hospitality,7276966.3,2487435.29,4234623.09,727,2.35,1
28,Retail,7277539.32,773441.56,3019840.43,782,1.02,1
4,Hospitality,5660685.02,1310669.45,4528649.98,685,1.16,1
5,Retail,7436912.97,1286462.13,2218654.95,388,2.32,1
27,Healthcare,3868723.43,983934.99,3034865.61,480,1.3,1
12,Hospitality,7007738.23,1245306.13,4871178.29,415,1.02,0
5,Retail,3302579.32,353667.49,201999.12,584,7.0,1
3,Hospitality,1107519.0,268296.22,2764872.52,336,0.39,0
3,Hospitality,5238309.03,1459784.71,806738.61,651,7.24,1
21,Hospitality,7049888.38,1248328.63,2219353.43,586,2.25,1
10,Retail,4042327.69,855003.29,4716312.61,449,0.73,0
18,Healthcare,618395.38,101440.07,4953847.52,680,0.08,0
13,IT,5908628.8,1652463.31,1710878.74,620,3.86,1
3,Manufacturing,3011343.83,639073.25,2603319.84,599,0.98,0
7,IT,9125404.94,1024104.68,3254338.08,698,1.26,1
23,Hospitality,4425292.88,1492725.48,3366125.77,679,1.77,1
29,Hospitality,8728312.38,2938381.36,2109490.91,487,5.57,1
21,Manufacturing,3969868.29,1048891.4,1715793.77,343,2.45,1
2,Hospitality,5658644.3,474026.83,4545510.97,640,0.42,0
7,Healthcare,1622769.3,516783.68,3251519.27,761,0.64,0
24,Hospitality,4551093.11,1432495.01,1673709.81,698,3.42,1
23,Healthcare,8319998.87,1690345.69,3648374.86,577,1.85,1
3,IT,1825674.08,296145.12,1776207.29,598,0.67,0
19,IT,5112565.67,365626.08,731442.45,506,2.0,1
8,Hospitality,5556224.14,309611.72,130184.0,570,9.51,1
17,IT,1776986.39,510242.68,4958951.89,817,0.41,0
29,Retail,2997469.59,456251.19,3549754.61,716,0.51,0
14,Retail,8224735.99,1020116.41,4778404.72,510,0.85,0
5,Healthcare,7645762.3,713313.5,1985778.47,760,1.44,1
20,Manufacturing,2026268.16,234864.86,1024109.06,407,0.92,0
7,Retail,6802756.15,1453141.01,714963.64,709,8.13,1
29,Hospitality,8935433.51,842389.22,2287464.61,343,1.47,1
16,Healthcare,8689819.61,1298277.92,451210.85,714,11.51,1
25,Hospitality,624434.01,122879.25,4140471.33,560,0.12,0
2,Retail,7314384.12,1292861.3,1592954.06,431,3.25,1
13,Hospitality,4788863.79,950799.32,2877869.89,344,1.32,1
14,IT,1772344.53,215997.45,449875.74,615,1.92,1
20,Hospitality,1605242.44,325021.66,2060744.13,315,0.63,0
24,IT,5729058.76,1718024.35,2797417.28,830,2.46,1
20,Hospitality,8416587.48,2780506.82,4685852.3,574,2.37,1
10,Healthcare,5235153.5,602807.28,4885998.73,341,0.49,0
28,Retail,9437328.37,2317102.71,4526662.83,434,2.05,1
24,Healthcare,5392087.98,314381.73,3806303.08,594,0.33,0
28,IT,8932658.77,1022011.81,3736524.24,375,1.09,0
10,Hospitality,5632394.03,1867246.7,3768113.49,796,1.98,1
1,IT,2115837.54,307592.74,1385034.44,684,0.89,0
2,Manufacturing,9707501.22,1145552.03,3499378.56,326,1.31,1
13,IT,4632034.11,770490.18,1139928.14,721,2.7,1
8,Hospitality,4101528.03,1015715.94,3353263.61,313,1.21,1
21,Retail,4744237.87,1040140.97,3170094.66,470,1.31,1
28,Retail,6501634.88,392216.48,4765084.58,643,0.33,0
6,Retail,4885261.12,988365.94,208153.48,527,18.99,1
8,IT,1853773.56,632486.78,1074913.97,318,2.35,1
13,Retail,6577175.79,2093970.84,366546.46,735,22.85,1
15,IT,6517354.49,340097.36,2551924.23,679,0.53,0
11,Healthcare,7276999.93,1845152.0,1252647.96,572,5.89,1
19,Hospitality,5576235.91,1853834.1,1609237.81,425,4.61,1
5,Retail,5724357.47,1141407.97,281329.84,460,16.23,1
15,Hospitality,7283205.15,616963.82,3042477.91,762,0.81,0
3,IT,878326.19,54313.87,2126284.9,813,0.1,0
22,Manufacturing,3204995.28,1111857.06,4629860.66,470,0.96,0
18,Manufacturing,5383483.98,638986.02,1300979.28,597,1.96,1
12,Hospitality,5121279.25,1707709.88,390098.15,426,17.51,1
14,Healthcare,8590785.57,852338.96,1902571.98,840,1.79,1
19,Healthcare,2984922.2,704745.3,1267148.02,325,2.22,1
3,Retail,3792397.92,1202446.08,2567058.85,830,1.87,1
8,Manufacturing,7740608.53,1472267.47,313858.64,496,18.76,1
7,Manufacturing,7166305.81,2042208.81,4197281.76,437,1.95,1
20,Retail,9546227.26,2459041.91,4152333.13,333,2.37,1
14,Manufacturing,2087356.33,425485.63,4093190.25,497,0.42,0
4,Healthcare,9438388.23,3295019.19,4632445.81,642,2.85,1
1,Retail,875265.67,278769.51,599521.01,553,1.86,1
20,Healthcare,9952600.19,2149521.35,1492708.62,593,5.76,1
8,Hospitality,601080.88,94015.49,2194253.07,626,0.17,0
1,Retail,5629572.42,1655737.42,473254.13,414,13.99,1
4,IT,8103346.75,2688199.18,1370419.32,563,7.85,1
6,Healthcare,6493359.11,1199745.41,3559666.02,440,1.35,1
22,Hospitality,6601201.34,1494283.52,600284.81,310,9.96,1
26,Hospitality,8690145.19,2322174.56,1305965.23,355,7.11,1
6,Manufacturing,6279207.75,1532051.92,4714001.32,833,1.3,1
12,IT,4222106.45,1251308.13,2493997.51,723,2.01,1
26,Healthcare,6815239.86,2237807.87,717023.27,647,12.48,1
9,Manufacturing,656502.9,205574.23,4833453.72,838,0.17,0
15,IT,764067.72,58108.04,111273.21,634,2.09,1
5,Hospitality,8515823.9,1149151.84,140582.16,517,32.7,1
8,Hospitality,1891636.4,104382.46,859919.32,540,0.49,0
13,Hospitality,7669764.34,535358.11,4062221.86,818,0.53,0
10,IT,9303552.4,3200389.95,2520922.22,603,5.08,1
19,Retail,4110397.5,432303.29,3415648.87,372,0.51,0
3,IT,3619104.67,652352.93,3907011.42,504,0.67,0
10,Hospitality,9454870.85,940050.92,812041.73,384,4.63,1
22,Hospitality,2004514.63,374921.45,1397055.02,300,1.07,1
22,Hospitality,4434150.64,1358144.98,2945202.9,329,1.84,1
16,Healthcare,1721369.09,296907.09,3956281.21,352,0.3,0
3,Healthcare,3280452.92,310384.04,2100856.2,607,0.59,0
29,Hospitality,9810969.92,2502884.73,773265.83,686,12.95,1
6,Manufacturing,7633332.9,1161737.2,2043487.28,457,2.27,1
5,Manufacturing,8344330.83,2375017.84,3731712.64,590,2.55,1
22,Healthcare,4669410.45,494284.16,362186.83,389,5.46,1
13,Healthcare,2999246.42,968914.77,1920068.01,536,2.02,1
1,Retail,2468580.54,461710.48,2822968.69,467,0.65,0
15,Manufacturing,1193454.64,401450.8,4731793.19,495,0.34,0
15,Retail,4376178.77,705157.42,3499579.09,516,0.81,0
21,Hospitality,1055105.98,250683.75,242300.55,760,4.14,1
8,Hospitality,4610728.37,733064.27,3335143.36,652,0.88,0
8,Healthcare,6134884.39,873554.71,2683758.39,361,1.3,1
6,IT,1865163.15,605489.68,2093274.19,340,1.16,1
16,Hospitality,3101736.25,755160.81,3969019.15,707,0.76,0
15,IT,8059491.03,672854.21,4113936.39,677,0.65,0
1,Hospitality,2733305.59,954226.01,3134830.71,525,1.22,0
9,Hospitality,8622838.21,2807390.56,193624.6,471,58.0,1
14,Manufacturing,7348308.42,1008649.57,265163.21,361,15.22,1
9,Hospitality,1516749.56,452762.57,3964700.65,437,0.46,0
14,Hospitality,8127599.85,1660903.01,957050.55,352,6.94,1
14,Healthcare,9703795.78,3171467.74,3653216.75,620,3.47,1
29,Hospitality,5129302.54,1649823.19,199018.22,323,33.16,1
28,IT,5372032.82,424561.97,4492634.73,525,0.38,0
6,Retail,5080913.82,279753.99,149890.67,723,7.47,1
21,IT,7103561.08,1430944.47,1395496.46,629,4.1,1
6,Hospitality,1282597.05,206241.62,1292353.49,604,0.64,0
16,Manufacturing,1662913.0,128164.9,4150610.36,669,0.12,0
5,Manufacturing,3191773.9,584712.15,4034967.83,738,0.58,0
3,Hospitality,1368965.2,389599.4,2893714.59,605,0.54,0
4,IT,3084459.73,257499.36,2452742.34,711,0.42,0
3,IT,2032499.6,614952.35,1034312.05,709,2.38,1
13,IT,3291521.91,166495.71,4409708.1,348,0.15,0
26,IT,7547639.98,994122.84,3980436.61,798,1.0,0
3,Retail,9600748.14,752860.05,3955269.12,441,0.76,0
19,Manufacturing,2796624.06,660275.38,831027.22,741,3.18,1
26,Retail,6002454.7,2017045.67,3959643.01,702,2.04,1
25,Manufacturing,7173202.73,1502544.53,2863147.27,558,2.1,1
23,IT,8551996.53,1064655.83,4255973.77,313,1.0,1
10,Retail,1016949.72,167887.28,1148256.17,492,0.58,0
14,Healthcare,7143457.88,1149844.74,4993024.37,547,0.92,0
24,Hospitality,4699581.66,967773.51,3434813.79,706,1.13,1
20,IT,5681786.37,1173453.72,3031618.8,467,1.55,1
23,Hospitality,8847716.77,1902032.08,2430760.04,645,3.13,1
19,Healthcare,7747074.17,1908624.23,3383601.09,785,2.26,1
4,Healthcare,2871102.62,618946.15,1852048.51,574,1.34,1
17,Healthcare,2606935.83,543741.96,711262.0,759,3.06,1
17,Manufacturing,9906521.04,2516450.91,655888.01,562,15.35,1
7,IT,2700915.5,706082.64,2143050.61,787,1.32,1
10,IT,6465276.92,1034923.89,4588922.32,543,0.9,0
24,Healthcare,5975836.89,1045410.04,3467057.9,641,1.21,1
26,IT,4867035.72,1246527.44,3006333.25,652,1.66,1
22,Retail,1313848.94,208285.43,3145874.43,456,0.26,0
14,Hospitality,4289459.93,1168429.35,2169081.96,725,2.15,1
6,Healthcare,4244245.33,431604.27,340641.77,592,5.07,1
8,Manufacturing,2875641.07,975643.52,4728169.02,450,0.83,0
19,Manufacturing,3934999.72,1174689.82,3671461.96,569,1.28,1
10,Hospitality,6053063.77,358027.44,1640280.48,508,0.87,0
14,Healthcare,2082367.85,445002.23,2192914.99,365,0.81,0
28,IT,8097239.11,2144926.6,861341.85,481,9.96,1
2,Manufacturing,1302199.18,271647.01,4425529.21,320,0.25,0
24,Healthcare,6876204.69,1090598.99,1998731.8,630,2.18,1
1,IT,5609621.46,450841.64,1083387.86,608,1.66,1
6,Retail,638444.18,160533.57,4441443.9,316,0.14,0
27,Retail,5610845.49,380044.06,3905319.26,540,0.39,0
29,IT,7719944.61,676403.42,3912968.8,657,0.69,0
16,IT,5415227.79,1293373.82,1946285.28,645,2.66,1
10,Hospitality,7389595.89,1912566.14,2317245.93,730,3.3,1
7,Retail,2227968.31,572698.22,1099684.38,529,2.08,1
8,IT,6776248.32,1359458.14,2055383.38,564,2.65,1
10,Manufacturing,612302.15,123445.16,2023819.05,534,0.24,0
7,Manufacturing,6757143.8,2113450.28,3631224.6,357,2.33,1
24,Retail,8548215.9,2964778.18,2587197.34,774,4.58,1
20,Hospitality,9258352.22,2499186.58,4381236.03,632,2.28,1
9,Hospitality,5188756.94,780467.97,714206.63,462,4.37,1
4,IT,9487048.56,1987933.39,3553494.71,566,2.24,1
8,IT,3035655.22,710331.53,1400153.04,732,2.03,1
3,IT,4361051.58,382201.98,4949738.65,420,0.31,0
6,Hospitality,6940871.16,371744.78,123629.29,464,12.03,1
20,IT,6989285.46,2078357.66,2135946.27,799,3.89,1
15,Hospitality,5686656.68,1963228.26,4431516.8,552,1.77,1
26,Hospitality,4206591.49,332708.29,4203734.24,367,0.32,0
5,IT,4107627.01,310318.86,801249.97,358,1.55,1
29,IT,9763771.24,1614729.85,3150721.3,373,2.05,1
20,Retail,4751850.31,1105717.58,3895129.06,300,1.14,1
22,Retail,3572602.03,333516.34,1646113.07,484,0.81,0
13,IT,2242191.5,167851.21,908348.26,542,0.74,0
28,IT,6060097.11,1750779.52,4150239.9,313,1.69,1
4,IT,9902738.6,1161533.52,4509613.39,700,1.03,1
16,Retail,9617613.28,606589.14,1059945.55,618,2.29,1
26,Retail,3893127.03,397428.71,3766221.98,693,0.42,0
11,Retail,1954081.28,204275.7,1303207.47,412,0.63,0
16,Retail,6885701.01,1907413.24,2178523.29,305,3.5,1
22,Healthcare,6976813.03,391141.16,746220.1,623,2.1,1
22,Hospitality,5738049.74,1151169.12,4016872.58,522,1.15,1
15,Hospitality,3840935.15,312863.04,353121.6,420,3.54,1
13,Hospitality,4246330.65,505219.12,120184.51,403,16.81,1
26,IT,8753251.53,1659631.67,2401058.14,611,2.76,1
22,IT,7137647.05,1142610.85,3658711.03,676,1.25,1
28,Hospitality,5813520.76,1820386.36,289672.96,360,25.14,1
3,Retail,7217562.24,874700.7,3193061.98,496,1.1,0
13,Healthcare,3449355.98,574548.51,2478233.3,772,0.93,0
12,Manufacturing,7641027.6,1065368.08,3791307.96,326,1.12,0
23,Manufacturing,4378694.19,1092173.44,526071.8,784,8.3,1
29,Retail,3571358.53,271382.09,4864818.39,516,0.22,0
22,Retail,3783216.05,805407.02,4406720.67,405,0.73,0
1,Healthcare,6323118.51,507191.2,3191896.86,772,0.64,0
11,Retail,8317535.68,2149248.04,2252310.73,308,3.82,1
1,IT,8947823.49,477549.59,3313737.23,571,0.58,0
10,Manufacturing,6137443.08,545641.86,2237280.5,402,0.98,0
19,Hospitality,9392764.54,513323.64,4048400.44,654,0.51,0
24,Retail,5603647.32,393445.23,853592.64,472,1.84,1
29,IT,8547613.76,907072.66,609737.48,304,5.95,1
23,Hospitality,8018235.52,2317370.92,1164153.13,799,7.96,1
18,Healthcare,8910364.99,500126.78,4714827.27,510,0.42,0
15,Healthcare,8738189.0,2385914.28,2988042.91,634,3.19,1
9,Healthcare,5059488.25,1151809.04,4183753.46,462,1.1,1
15,Hospitality,8783122.7,1642553.69,2937356.51,400,2.24,1
6,Manufacturing,1031963.23,175935.42,4986130.24,457,0.14,0
17,IT,4295472.87,404975.49,4837019.15,744,0.33,0
26,Retail,1879390.46,203942.86,4883597.88,753,0.17,0
10,Healthcare,1815044.7,169004.62,1177475.21,678,0.57,0
27,Healthcare,5696916.51,1138357.32,3984171.1,574,1.14,1
6,Hospitality,5113771.22,1185071.56,673554.23,303,7.04,1
28,Healthcare,4384146.05,1313728.21,478429.32,783,10.98,1
7,Hospitality,2221751.06,277180.76,1961035.61,503,0.57,0
18,Hospitality,876536.11,233510.38,114732.51,763,8.14,1
27,Retail,7072934.23,882120.34,3984989.24,720,0.89,0
8,Hospitality,3829398.22,663278.25,2934263.36,346,0.9,0
7,Retail,6289270.0,1913063.83,2305338.4,733,3.32,1
25,Healthcare,9622291.57,3259152.04,3087579.55,630,4.22,1
24,Hospitality,4648240.62,475111.05,1724511.77,653,1.1,0
9,Healthcare,2674597.8,203960.42,3050809.83,626,0.27,0
25,Manufacturing,5489570.97,347472.36,2710918.86,789,0.51,0
19,Manufacturing,9120762.89,688782.11,4331361.92,673,0.64,0
16,Hospitality,6200055.51,972442.37,1201774.55,821,3.24,1
22,Manufacturing,1675100.96,296424.87,2143386.12,849,0.55,0
7,Manufacturing,4003221.42,1257855.93,1460933.8,581,3.44,1
13,Manufacturing,8953634.13,503127.51,790476.9,354,2.55,1
11,Manufacturing,621034.73,155493.21,3048362.51,374,0.2,0
24,Retail,7799472.63,824446.99,728571.14,566,4.53,1
28,Manufacturing,4162166.13,350647.66,1513866.22,828,0.93,0
8,IT,4069713.24,356289.88,2478659.12,687,0.57,0
14,Manufacturing,9942807.54,1818771.73,3960746.37,421,1.84,1
2,Retail,3400235.84,1003484.95,1939380.98,350,2.07,1
21,Retail,6247505.61,2040660.77,4029177.01,580,2.03,1
13,IT,2289135.76,350244.19,703007.6,350,1.99,1
18,Hospitality,5171693.82,715229.49,3192881.75,462,0.9,0
8,Manufacturing,6180995.62,1252101.19,2152977.37,814,2.33,1
21,Retail,3837793.57,220783.33,656239.81,518,1.35,1
20,Manufacturing,7027571.56,1441638.97,1817363.81,594,3.17,1
29,Healthcare,9074638.92,2874482.76,3179312.96,488,3.62,1
10,Healthcare,3656219.13,902267.81,3159258.04,457,1.14,1
25,IT,4893981.25,1161025.97,186916.49,497,24.85,1
15,Hospitality,8304591.51,1372219.06,1813699.78,536,3.03,1
7,Hospitality,7084989.84,678114.31,865818.93,786,3.13,1
10,Healthcare,5936326.72,921829.05,1957396.64,848,1.88,1
25,Healthcare,5222167.07,997658.34,174100.76,560,22.92,1
17,Manufacturing,1740586.31,360725.53,4220801.8,415,0.34,0
9,Retail,1764636.59,240501.15,3361727.95,304,0.29,0
20,IT,6648533.65,1704262.23,3256638.49,555,2.09,1
16,Manufacturing,660629.49,107377.1,2585573.1,690,0.17,0
13,Retail,2947161.52,674437.77,2078902.49,690,1.3,1
20,Retail,7991157.91,1492035.69,1868705.86,696,3.19,1
10,Healthcare,8351033.62,2026413.66,566095.77,838,14.32,1
3,Hospitality,8483323.05,1560270.74,1985793.15,697,3.14,1
18,Manufacturing,5042981.94,997920.75,1332495.97,667,3.0,1
4,Healthcare,2294191.99,171056.3,2910449.61,490,0.24,0
12,IT,9258829.02,3111786.17,2108728.98,659,5.9,1
26,Hospitality,4224055.05,562474.15,3010752.28,750,0.75,0
28,Healthcare,5926853.98,1773350.04,352565.16,765,20.12,1
5,Healthcare,6291185.68,2076398.71,1315024.28,688,6.32,1
11,Retail,5477221.37,1319243.98,2638488.17,780,2.0,1
1,Hospitality,3972880.42,996410.84,592220.56,364,6.73,1
11,IT,5676631.95,1303081.99,540399.34,813,9.65,1
8,Manufacturing,4148287.17,1389569.05,2700449.92,426,2.06,1
8,IT,2474469.61,297415.31,2597079.58,765,0.46,0
25,Retail,5639208.45,703032.09,3582463.9,841,0.78,0
5,Manufacturing,3912405.16,590776.67,1069261.52,769,2.21,1
28,Manufacturing,3027188.92,760710.63,400596.37,562,7.6,1
7,IT,2719026.29,683645.61,4567539.28,503,0.6,0
9,Retail,4807011.54,1064650.06,4004946.01,798,1.06,1
11,Healthcare,9976972.89,3215648.27,2046703.11,473,6.28,1
22,Manufacturing,4897824.55,1669976.1,425718.15,610,15.69,1
3,Manufacturing,6351626.19,2132473.83,285141.4,497,29.91,1
17,Retail,1738486.95,586499.7,1237670.06,779,1.9,1
1,Retail,1799146.03,439170.65,111013.5,352,15.82,1
27,IT,2088762.81,557487.19,4060473.59,312,0.55,0
12,IT,1856632.09,171184.7,4786369.62,834,0.14,0
28,IT,6254011.07,1032446.83,4389414.41,628,0.94,0
16,Healthcare,5635465.33,1604466.49,2159544.6,815,2.97,1
28,Hospitality,8238306.25,1146554.69,2918143.45,759,1.57,1
19,Manufacturing,4671616.57,721221.26,3054464.77,308,0.94,0
4,Hospitality,2927142.25,934523.95,948560.37,417,3.94,1
20,Retail,5312641.35,1657432.64,700120.76,360,9.47,1
21,Hospitality,1570407.05,485560.6,377237.22,728,5.15,1
1,Retail,3337604.02,269955.06,2305233.69,390,0.47,0
21,Healthcare,3584707.52,724548.02,3720169.67,756,0.78,0
1,Manufacturing,8415323.66,455333.55,2198304.15,396,0.83,0
28,Hospitality,9924679.78,1833994.68,3712091.24,702,1.98,1
9,Manufacturing,7160951.78,1027565.48,3460308.75,425,1.19,0
6,Hospitality,7331924.06,407523.44,1442111.06,810,1.13,1
9,Healthcare,4103536.24,781214.12,3296814.74,758,0.95,0
22,Manufacturing,1499423.96,423838.68,4867022.83,441,0.35,0
19,Retail,2059935.81,330830.84,564577.85,695,2.34,1
27,Retail,5550598.59,1786507.63,210159.7,663,34.0,1
3,Manufacturing,1166478.89,245250.76,2677584.36,603,0.37,0
5,Retail,6053568.71,1294995.35,3931313.13,481,1.32,1
24,IT,5541875.55,1874453.4,3878005.29,449,1.93,1
23,Hospitality,8817673.51,2024626.31,3251606.49,702,2.49,1
11,IT,567987.86,38493.78,3931508.03,782,0.04,0
3,Manufacturing,7651319.08,1283250.85,105715.74,787,48.55,1
13,IT,6140546.36,1669739.77,522633.77,781,12.78,1
10,Healthcare,1214965.16,213800.13,2846304.9,701,0.3,0
23,IT,9814783.12,1085707.08,3599940.09,536,1.21,0
26,Retail,878890.29,74946.22,3519044.68,801,0.09,0
20,Hospitality,1812956.8,162987.83,4772761.32,391,0.14,0
25,Hospitality,5925573.44,1842742.55,648547.95,582,11.37,1
3,Retail,2069401.78,183211.46,4530031.07,463,0.16,0
16,IT,4030379.83,870681.93,649970.04,436,5.36,1
13,Healthcare,4703599.42,460815.09,3604892.77,729,0.51,0
17,Retail,4695224.45,1007811.79,3655065.24,389,1.1,1
23,Manufacturing,9867109.14,1365723.78,1070286.62,471,5.1,1
15,Manufacturing,659624.87,168856.6,114196.89,567,5.91,1
5,Healthcare,6560165.83,1271037.89,1024414.36,788,4.96,1
1,IT,6266293.42,1536411.93,1676950.48,632,3.66,1
22,IT,7925188.5,2433244.63,3824261.47,784,2.55,1
27,Healthcare,1668927.12,90887.02,4748227.33,761,0.08,0
4,Healthcare,6706610.61,1674808.0,4920307.93,683,1.36,1
12,Healthcare,1402640.18,136102.59,3788882.82,409,0.14,0
29,IT,7269479.31,2320907.33,3827039.24,310,2.43,1
21,IT,3408168.37,544151.88,2408684.59,350,0.9,0
19,Hospitality,2981561.3,673676.51,1824161.5,467,1.48,1
24,Retail,2423726.21,696102.09,3638674.58,413,0.77,0
29,Hospitality,3485653.7,271430.16,4472590.64,592,0.24,0
25,Hospitality,1539166.27,344298.31,1381102.58,387,1.0,0
8,Manufacturing,1149071.53,254744.98,4001605.98,521,0.25,0
14,Manufacturing,4558100.63,1052236.15,4738615.29,723,0.89,0
20,Manufacturing,8844524.81,539432.62,1824157.01,813,1.18,1
6,IT,4093213.37,917966.34,3558107.51,808,1.03,1
12,Manufacturing,1824525.48,116229.71,392182.19,757,1.19,1
15,Healthcare,7894032.07,1837759.27,3063506.21,405,2.4,1
4,Hospitality,9216464.65,2801489.7,979072.95,645,11.45,1
6,Hospitality,8700689.95,1633734.84,3356663.28,499,1.95,1
22,Healthcare,6408168.14,1714430.27,400247.98,591,17.13,1
27,Hospitality,2136952.11,356295.55,371500.08,388,3.84,1
11,IT,2239894.04,570495.06,2422148.8,507,0.94,0
9,Retail,4260705.3,540000.85,3221118.91,600,0.67,0
11,IT,3072878.01,171733.81,4415586.88,589,0.16,0
15,Healthcare,3977566.39,777761.96,3454428.5,650,0.9,0
29,Retail,2797133.76,889102.54,2601635.97,838,1.37,1
12,Healthcare,6712487.44,938893.48,3440823.66,522,1.09,1
14,Healthcare,2134546.84,257766.33,4939598.88,643,0.21,0
12,Retail,6155671.97,471012.91,332694.93,749,5.66,1
28,Retail,3319172.19,772648.9,4445172.99,456,0.7,0
16,Hospitality,5320150.29,1121105.49,226983.48,708,19.76,1
9,Retail,6760061.94,1213141.3,1609006.95,703,3.02,1
24,Retail,7331486.27,2120001.72,2746440.79,501,3.09,1
6,Hospitality,3788754.69,1190024.72,2700827.4,762,1.76,1
27,Manufacturing,7776479.24,756849.77,3434467.76,767,0.88,0
1,Manufacturing,6873049.1,2016727.63,1433718.14,833,5.63,1
18,Hospitality,4371070.22,377986.84,4753189.39,733,0.32,0
16,Manufacturing,2385582.84,637387.54,3831224.99,370,0.67,0
25,IT,6325055.12,627984.51,145825.64,466,17.23,1
28,Retail,1503467.71,109290.67,3352232.56,309,0.13,0
10,IT,7823395.9,904096.91,570052.91,520,6.34,1
5,Retail,1633054.92,319655.83,3560638.79,623,0.36,0
15,IT,6477078.86,1579276.08,4215332.67,713,1.5,1
8,IT,3844629.56,912901.7,1571295.53,774,2.32,1
24,Manufacturing,4870340.13,1266077.43,1052766.74,728,4.81,1
1,Hospitality,4241579.4,682715.68,3370184.37,689,0.81,0
28,Hospitality,9038667.79,1503809.42,2003046.98,326,3.0,1
12,Manufacturing,8902181.87,550441.42,2872464.92,335,0.77,0
11,Retail,9580280.22,2606901.24,2710534.6,446,3.85,1
20,Manufacturing,1948344.96,638026.18,4537831.93,302,0.56,0
18,Manufacturing,9316271.81,704656.62,1338127.53,704,2.11,1
16,Retail,3496353.49,911692.27,426311.5,441,8.55,1
9,Manufacturing,3209687.94,685242.27,1530018.92,752,1.79,1
24,Manufacturing,1260112.27,129561.68,3485184.68,346,0.15,0
13,Healthcare,3746038.35,639002.9,1076737.06,767,2.37,1
21,Manufacturing,5475024.83,1728975.38,496427.25,692,13.93,1
27,Healthcare,5771455.18,876830.59,1358017.89,649,2.58,1
7,Hospitality,3018686.34,983086.75,2024675.03,623,1.94,1
12,Hospitality,3494691.73,565336.78,4716575.62,676,0.48,0
28,Healthcare,5709974.38,946472.01,1924759.95,770,1.97,1
25,Hospitality,1853970.73,316162.87,1259030.45,630,1.0,1
16,Hospitality,8691035.45,2588556.29,622242.77,339,16.64,1
26,Healthcare,9951120.56,3320068.45,3213102.07,302,4.13,1
12,Hospitality,1765623.84,533632.35,426667.86,786,5.0,1
16,Manufacturing,4661914.88,908765.33,2993920.97,388,1.21,1
22,Manufacturing,1853619.92,475300.47,4169777.7,689,0.46,0
23,Manufacturing,768300.0,143693.43,4843342.95,781,0.12,0
24,Hospitality,6901302.64,2351495.55,2622038.25,706,3.59,1
9,IT,6899704.74,2244107.72,176024.43,744,51.0,1
9,Hospitality,6840277.13,1795482.98,4386830.95,510,1.64,1
28,Retail,4162184.05,1257510.23,3678883.11,567,1.37,1
14,Manufacturing,848959.73,90104.25,2075090.19,398,0.17,0
24,Hospitality,868155.42,248099.18,386336.41,614,2.57,1
25,Retail,7731449.68,2546260.73,1705720.26,828,5.97,1
15,IT,6844732.84,1443158.15,4425633.39,466,1.3,1
13,Manufacturing,6888665.11,909496.31,2657776.44,384,1.37,1
14,Manufacturing,7494428.63,1967331.1,430286.56,374,18.29,1
24,IT,1642658.19,381206.79,4177784.01,365,0.36,0
8,Healthcare,3455058.61,1187268.82,3304200.65,599,1.44,1
22,Hospitality,9483074.16,2489810.74,1606770.31,536,6.2,1
24,Hospitality,5456766.25,851660.84,1519263.78,688,2.24,1
25,Hospitality,4908220.61,401706.78,3755383.48,604,0.43,0
29,Hospitality,4810614.93,385901.54,3854540.55,537,0.4,0
15,Hospitality,1247656.31,142352.01,1159967.89,651,0.49,0
26,Hospitality,9250518.72,1548905.59,1207877.1,543,5.13,1
23,IT,7362947.16,1080575.55,576733.8,519,7.49,1
29,Retail,3546238.26,329849.96,1388609.96,494,0.95,0
7,IT,4647613.75,1532356.5,2274219.67,553,2.7,1
24,Healthcare,1601515.14,179088.56,1862828.86,331,0.38,0
12,Hospitality,553348.16,184719.25,2285755.94,329,0.32,0
24,IT,5117670.64,828838.36,4009466.42,431,0.83,0
10,IT,5037363.56,616939.29,4733960.17,845,0.52,0
20,IT,6809578.76,2297872.38,2721049.94,783,3.38,1
5,Healthcare,1841192.38,445637.2,4248892.01,642,0.42,0
13,Manufacturing,2032618.47,109511.52,514904.62,765,0.85,0
25,Manufacturing,2330838.99,662887.56,3758178.83,404,0.71,0
29,Retail,6439673.7,1527820.04,2063804.13,734,2.96,1
18,Hospitality,3507109.97,743917.73,4649526.9,652,0.64,0
16,Manufacturing,7435873.51,1474591.46,2137923.63,758,2.76,1
11,IT,3400579.09,426927.64,1181854.88,604,1.44,1
3,Healthcare,2924943.82,998350.97,4440420.29,635,0.9,0
24,Retail,8150084.17,1394583.24,3756426.28,530,1.49,1
21,Hospitality,8347492.91,742380.75,1898940.72,758,1.56,1
19,Healthcare,6441393.44,1116645.54,4497234.91,839,0.99,0
20,IT,6449393.64,1697796.36,2141758.03,448,3.17,1
7,IT,8923406.68,3060342.44,4962978.82,693,2.47,1
4,Hospitality,5456188.99,1536728.19,1170730.89,319,5.25,1
12,Manufacturing,847793.37,198313.19,2507608.81,306,0.32,0
27,Hospitality,9903293.17,1326214.45,4154783.02,397,1.28,1
25,Manufacturing,3737072.53,1138461.32,1532877.82,487,2.97,1
27,Healthcare,1827954.13,223571.38,3428185.28,780,0.26,0
9,Hospitality,4171206.17,492525.28,2524326.82,703,0.78,0
23,Retail,5100866.63,972203.59,2212870.59,683,1.76,1
28,Retail,6323667.77,401256.34,191335.31,300,8.39,1
6,Retail,1587772.85,477129.02,851043.58,385,2.24,1
29,Retail,4461239.77,1145800.82,2965862.11,808,1.55,1
21,Healthcare,8525632.63,1889016.45,2798173.22,694,2.7,1
1,Healthcare,4476770.67,1407469.18,1956933.98,804,2.88,1
6,Retail,4385462.52,294092.61,2453659.18,377,0.48,0
17,Hospitality,5580365.63,1575465.44,3430700.91,689,1.84,1
29,Healthcare,6271504.21,1487331.32,4499650.9,620,1.32,1
24,Healthcare,2660703.9,655751.24,4726680.14,418,0.55,0
7,Manufacturing,6435920.92,1582438.16,3639386.64,399,1.74,1
5,Healthcare,8257996.69,1571807.98,1251437.38,786,5.02,1
5,Manufacturing,6740102.2,1799539.56,1948629.87,815,3.69,1
28,Manufacturing,5598429.09,351726.19,495922.3,420,2.84,1
17,Manufacturing,4790539.92,493736.25,3957875.53,632,0.5,0
20,IT,5642520.93,610533.17,542606.77,382,4.5,1
4,Retail,8775189.16,2186141.59,4257625.25,795,2.05,1
4,Manufacturing,1546530.92,300863.4,769020.63,566,1.56,1
25,IT,5548221.67,605403.96,2578608.49,359,0.94,0
19,IT,1098520.3,155878.35,1325205.78,513,0.47,0
26,Hospitality,4400508.48,863210.81,322035.99,541,10.72,1
14,Manufacturing,2973466.31,531422.38,4308530.57,775,0.49,0
12,Manufacturing,5649786.46,1959165.92,1002798.28,564,7.81,1
12,IT,3604838.15,315147.84,2287341.83,504,0.55,0
15,Retail,8635711.9,557658.26,3862950.15,784,0.58,0
19,Hospitality,4954295.0,1259680.14,3345910.58,550,1.51,1
7,Manufacturing,9144076.25,3175293.74,2085238.17,393,6.09,1
17,Healthcare,7438407.46,1467299.53,3145976.84,390,1.87,1
11,Healthcare,9618900.11,2464157.59,4285841.39,538,2.3,1
17,Retail,2091868.64,592666.21,3315187.77,392,0.72,0
6,Manufacturing,3362756.96,436354.11,4844569.98,837,0.36,0
28,Manufacturing,6646194.17,1951436.66,1348977.79,571,5.79,1
2,Manufacturing,3364784.03,1082589.87,2128990.23,414,2.03,1
1,Healthcare,3406716.95,268090.48,497456.96,682,2.16,1
14,Healthcare,5034566.29,1135396.24,2793272.34,830,1.63,1
20,IT,9876086.8,1246526.97,4032398.04,543,1.24,0
7,Retail,1778069.49,522575.68,2464373.18,592,0.85,0
17,Hospitality,4466239.03,340049.71,4064111.29,721,0.33,0
6,Retail,3594628.88,1092639.89,2017567.26,812,2.17,1
4,Manufacturing,8110402.89,703328.34,711540.81,757,3.95,1
18,Healthcare,5941449.33,884622.06,1293909.31,500,2.73,1
24,Manufacturing,9242338.6,546903.94,3993629.3,329,0.55,0
11,Manufacturing,4275890.18,565324.67,829764.11,718,2.73,1
1,Hospitality,9073564.36,833860.0,136256.8,600,24.48,1
20,Hospitality,2818579.04,209903.3,2363742.85,704,0.36,0
4,Hospitality,2482694.19,513553.06,3364185.7,635,0.61,0
5,IT,8516242.54,2465056.78,2504263.57,697,3.94,1
6,Healthcare,1938933.94,587838.89,1635619.36,534,1.44,1
6,Manufacturing,7003241.78,1062303.86,3449151.42,805,1.23,1
28,Healthcare,1456657.01,247280.64,1266450.04,610,0.78,0
24,Hospitality,7141742.12,781406.42,3791263.0,827,0.82,0
18,Retail,9205219.73,1855390.0,2599857.6,478,2.85,1
4,Manufacturing,8437802.9,2686269.86,4914590.54,739,2.19,1
29,Hospitality,6071464.39,725013.55,1454880.76,675,1.99,1
6,Healthcare,4853553.52,1521500.23,3689655.03,838,1.65,1
15,Manufacturing,7110148.41,680308.41,4253143.64,497,0.64,0
4,Retail,1652434.96,376543.09,385494.57,585,3.91,1
7,Healthcare,3121411.82,562821.95,1260642.07,833,1.79,1
2,Hospitality,8914974.02,1029209.79,609497.6,586,6.75,1
5,Retail,2716360.06,722548.7,3655171.99,682,0.79,0
19,Hospitality,3985886.73,472502.05,974922.05,569,1.94,1
12,Hospitality,7657420.04,1094703.31,2055409.42,644,2.13,1
3,Hospitality,5658817.56,1777225.55,2711818.82,657,2.62,1
18,Healthcare,3310316.28,172582.97,102939.12,591,6.71,1
6,Manufacturing,7985987.55,629222.5,3149416.33,730,0.8,0
8,Healthcare,5489445.21,1912307.37,4243455.98,497,1.8,1
16,Manufacturing,3227632.08,617764.46,4704841.04,356,0.53,0
25,Manufacturing,7698380.68,2643190.21,476703.68,359,22.18,1
18,IT,7506957.32,1850391.94,1489514.54,363,4.97,1
3,Hospitality,649756.34,129623.26,714860.79,343,0.73,0
5,Hospitality,2668968.66,474986.58,3284078.69,593,0.58,0
24,Healthcare,4880407.97,1191963.69,1308082.59,684,3.64,1
29,Healthcare,3342572.39,502045.22,2756639.57,677,0.73,0
18,Manufacturing,2343461.27,711882.29,1686996.89,543,1.69,1
7,Retail,8181677.64,1935398.93,958919.08,827,8.07,1
2,Manufacturing,4369520.9,1160273.31,2109009.23,709,2.2,1
29,Hospitality,2154892.47,737212.41,3002278.99,341,0.98,0
13,Manufacturing,1215893.98,222560.11,545531.67,542,1.63,1
24,Manufacturing,7026524.87,1907123.91,825375.47,759,9.24,1
26,Hospitality,6481018.07,1677702.54,4026701.94,546,1.67,1
11,Hospitality,3651038.54,1138772.05,2822236.28,421,1.61,1
17,Hospitality,9642051.16,747508.09,805750.06,656,3.71,1
2,Hospitality,1868773.1,451825.93,4533618.42,390,0.4,0
18,Hospitality,2357914.18,786385.01,827600.55,528,3.8,1
25,Healthcare,1989275.45,271023.45,1760964.85,591,0.62,0
20,IT,956694.63,138488.88,2338209.87,387,0.24,0
1,Healthcare,5225854.42,443554.37,756027.1,802,2.35,1
29,Retail,1113788.33,326912.18,2551817.7,591,0.51,0
14,Manufacturing,8410512.84,1546405.11,3238695.36,318,1.91,1
10,Retail,4638587.27,483960.0,1624284.66,834,1.19,1
27,IT,8891027.46,2160453.31,3561485.49,531,2.43,1
22,Manufacturing,3600938.97,669596.2,4411358.35,598,0.61,0
16,IT,3150248.27,825096.97,271112.58,430,12.17,1
12,Hospitality,7799520.52,496078.15,3358435.15,704,0.59,0
23,Healthcare,3658333.75,1130071.06,2998298.27,682,1.51,1
14,Hospitality,5049139.44,1330048.61,3035732.31,422,1.75,1
24,IT,4720941.85,1451406.12,1637871.13,721,3.54,1
2,Hospitality,9608313.4,3063472.41,3160158.39,405,3.88,1
6,Retail,7102707.8,777762.71,2888927.29,557,1.08,1
14,Healthcare,7724592.34,1340878.83,4092943.36,333,1.31,1
15,IT,2061177.6,246732.03,1727863.16,764,0.57,0
20,Hospitality,1385536.53,344487.75,1150845.02,593,1.2,1
9,Manufacturing,6003479.11,988625.28,3755038.81,335,1.05,0
1,Retail,4422072.76,1131452.82,4970745.3,665,0.91,0
28,IT,7808468.93,1051924.75,2131976.18,483,1.97,1
9,Retail,4037705.93,245339.5,4825537.76,384,0.2,0
4,IT,7680351.62,2429769.4,922542.79,364,10.54,1
7,Retail,2295375.11,745609.47,576257.44,579,5.18,1
11,Hospitality,9050174.47,1038085.73,2510833.51,790,1.65,1
24,Manufacturing,3575248.07,494607.59,460935.19,694,4.29,1
2,Retail,8828729.38,1774033.85,3571802.98,421,1.99,1
17,Manufacturing,7636670.06,2323599.84,4968391.53,614,1.87,1
11,IT,715910.03,124640.04,4349015.48,419,0.11,0
27,Hospitality,7863409.0,1485782.68,2913368.2,663,2.04,1
17,Healthcare,9277916.22,2750078.74,2358123.47,543,4.66,1
8,Healthcare,9381975.72,1690776.96,1379423.21,735,4.9,1
23,Manufacturing,6348695.86,1142983.87,1897509.11,683,2.41,1
7,Retail,3447146.83,728445.93,2566438.62,491,1.14,0
7,IT,6732868.11,838049.96,2818658.81,822,1.19,1
20,Retail,6992381.11,1570318.18,3876152.75,695,1.62,1
4,Manufacturing,4632920.9,788044.85,712080.14,739,4.43,1
25,Retail,4680271.56,322795.21,899260.41,561,1.44,1
17,Retail,551270.75,32694.44,4613718.45,647,0.03,0
17,IT,2425244.64,217937.11,1709038.59,574,0.51,0
12,Retail,8291433.97,2207017.71,2007288.28,543,4.4,1
1,Healthcare,9820450.48,847374.31,2673522.65,729,1.27,1
16,Manufacturing,3662727.31,814147.63,4129845.63,524,0.79,0
19,Healthcare,3101636.83,874696.9,1998229.21,734,1.75,1
13,Hospitality,9121069.52,2944651.15,4508902.06,530,2.61,1
3,Retail,7012837.26,1214972.09,4060754.51,335,1.2,0
20,Manufacturing,9770632.75,2692067.62,3493291.16,693,3.08,1
20,Retail,6790032.24,1475832.62,3172255.56,632,1.86,1
5,IT,2087073.88,640075.88,3088394.21,776,0.83,0
23,Hospitality,8324366.74,510458.59,4680412.31,814,0.44,0
12,Healthcare,2407326.46,162951.56,2024853.42,763,0.32,0
10,Manufacturing,791321.41,227359.73,4202072.13,557,0.22,0
21,Hospitality,882327.34,71632.99,1517186.92,304,0.19,0
19,Manufacturing,1328256.45,373597.57,2305671.27,389,0.65,0
11,Healthcare,8492806.49,921190.64,4039849.86,806,0.91,0
24,IT,1822846.59,586745.5,2738959.99,811,0.86,0
13,Hospitality,5932101.69,437717.34,3946632.36,844,0.44,0
18,Hospitality,1050841.59,124868.69,3552706.17,499,0.14,0
7,Manufacturing,3897558.49,887589.1,1292563.4,770,2.75,1
25,Healthcare,9626732.1,1620300.08,3795169.56,695,1.71,1
23,Hospitality,9028479.87,889029.73,3368248.34,630,1.06,1
29,Manufacturing,8245312.01,1651083.63,3775113.42,707,1.75,1
21,Healthcare,3583252.27,359681.18,1466549.87,559,0.98,0
14,Manufacturing,7865982.84,2091336.55,249905.4,563,33.47,1
6,Healthcare,1104803.97,59601.85,2599301.94,514,0.09,0
16,Manufacturing,8545791.98,1324648.09,4476670.43,488,1.18,1
13,Hospitality,9259735.09,596604.68,3655515.92,616,0.65,0
2,Hospitality,9472444.58,2529857.05,2843554.43,458,3.56,1
11,Retail,5890299.89,843425.17,701807.76,530,4.81,1
3,Healthcare,6472963.86,1975705.12,4654455.27,374,1.7,1
8,Healthcare,2249546.1,541912.11,1295664.85,361,1.67,1
22,Healthcare,3668862.89,374927.79,2238626.73,728,0.67,0
24,Manufacturing,1817505.62,401643.7,875088.71,780,1.84,1
14,Manufacturing,1215920.6,292716.39,4435838.61,824,0.26,0
25,Manufacturing,8635507.96,3017787.84,1257788.0,372,9.6,1
29,IT,6502044.8,2102770.71,4906243.35,373,1.71,1
21,Retail,2486710.06,451278.78,2844954.97,496,0.63,0
18,IT,3844056.49,1190619.4,2227636.4,731,2.14,1
25,Manufacturing,888004.12,227555.33,701995.38,518,1.3,1
6,Retail,7000174.64,1809211.24,374052.37,710,19.35,1
6,IT,6672785.12,655613.5,431861.05,733,6.07,1
18,Retail,9063781.33,594640.43,2984855.61,409,0.8,0
28,Retail,4504599.91,1342195.28,911252.85,383,5.89,1
5,Manufacturing,4452426.64,1078481.13,1498335.95,762,2.88,1
18,Hospitality,5098917.73,1224918.61,3210381.9,340,1.53,1
25,IT,6873802.83,488554.92,826380.72,559,2.36,1
14,Retail,1608533.65,168677.28,548070.23,769,1.23,1
21,Retail,9671629.56,2146531.36,3290135.97,671,2.61,1
19,IT,3946756.86,437670.4,4056225.34,794,0.43,0
26,IT,8454242.04,2307297.86,1248499.38,592,7.39,1
10,Retail,5443187.37,1810064.17,3146975.64,362,2.3,1
6,Healthcare,6843049.67,1308231.48,4111473.65,788,1.27,1
17,Manufacturing,3289783.31,1143735.04,4309264.21,733,1.06,1
16,Retail,4952993.19,1617171.34,2729345.28,428,2.37,1
23,Retail,5436953.2,1612413.96,1863605.14,496,3.46,1
5,Retail,6879710.58,1469517.81,4231110.81,331,1.39,1
2,Retail,6098206.29,1231972.05,1544517.17,805,3.19,1
22,Healthcare,8196338.67,2832953.78,4250911.52,701,2.67,1
20,Manufacturing,4441949.69,521595.86,1438423.09,516,1.45,1
3,Hospitality,6205942.95,881393.25,275041.93,569,12.82,1
14,Healthcare,7435955.84,877030.6,2877384.83,360,1.22,0
28,Retail,7596334.54,832012.01,3194048.16,835,1.04,1
26,IT,9683576.1,1707304.88,4866104.19,319,1.4,1
7,Retail,2105120.64,412023.46,2649302.83,744,0.62,0
26,Manufacturing,6538568.12,1404738.22,4831321.26,421,1.16,1
19,Hospitality,3244444.48,903499.23,1135810.83,849,3.18,1
21,Manufacturing,7900003.81,1279799.13,2853818.67,754,1.79,1
8,Hospitality,9733336.29,2169561.28,3518190.99,481,2.47,1
16,Hospitality,2078477.83,389622.99,3706019.32,375,0.42,0
20,Healthcare,6259957.82,1756893.92,4363005.0,606,1.61,1
13,Hospitality,8990469.56,1113386.17,4385073.26,464,1.02,0
29,IT,6681637.89,836962.84,3451495.5,372,0.97,0
19,Manufacturing,7169872.76,1284639.33,3031351.83,329,1.7,1
22,IT,1992951.72,253818.44,4496078.69,436,0.23,0
18,Hospitality,8815905.2,1665063.23,4233834.94,647,1.57,1
8,Manufacturing,7911188.08,2570651.29,3452298.2,443,2.98,1
27,Hospitality,3792647.86,1210354.16,951933.34,830,5.09,1
24,Manufacturing,8212831.98,2454130.24,2049952.72,558,4.79,1
24,Retail,5054540.1,1464528.92,2216320.93,607,2.64,1
14,Hospitality,1600837.44,495476.88,2507113.35,622,0.79,0
14,Manufacturing,4886032.29,1536291.71,3109304.53,380,1.98,1
8,Hospitality,9337004.74,3247451.23,3787331.85,338,3.43,1
18,IT,2770299.9,252559.89,2883959.34,367,0.35,0
14,IT,1443978.0,194555.02,1775299.49,647,0.44,0
8,Hospitality,6782155.03,1487971.4,2415238.91,622,2.46,1
9,IT,6859906.03,2286364.57,1970937.59,428,4.64,1
1,Hospitality,3326073.98,447266.65,3961003.11,423,0.45,0
24,Hospitality,7587842.36,1771325.76,4999941.08,495,1.42,1
28,Manufacturing,6335305.38,323973.71,2613627.17,384,0.5,0
24,Hospitality,3697436.49,891732.25,3358449.1,709,1.06,1
2,Healthcare,2644107.36,358070.96,987513.26,445,1.45,1
17,IT,2926140.76,316123.39,1705616.19,385,0.74,0
29,Healthcare,506537.21,117038.59,4327480.9,452,0.11,0
10,Manufacturing,9253308.95,1661223.5,3100188.73,322,2.14,1
27,Healthcare,5250089.27,1634504.39,200990.97,467,32.53,1
18,Healthcare,7837580.41,2564304.55,2014133.42,544,5.09,1
29,IT,3937864.91,1164169.24,1597863.08,808,2.91,1
11,Healthcare,2403466.0,372702.81,3239430.35,592,0.46,0
26,Manufacturing,9908087.3,2200119.03,799577.42,795,11.01,1
