age,annual_income,credit_score,employment_tenure_years,car_type,car_price,loan_amount,loan_term_months,approved
29,842541.88,571,15,New,3478130.61,2664053.39,84,0
50,906615.59,480,9,New,2527949.11,2146561.92,48,0
54,422337.73,314,3,New,2673096.55,2276160.6,72,0
38,300000.0,301,11,New,1654507.41,1171724.88,72,0
34,998831.62,382,3,Used,2319414.67,1686956.93,60,0
22,1076026.19,400,6,New,554218.13,412031.66,36,1
24,1003725.49,483,8,New,3348760.37,2889425.42,48,0
60,1521948.89,491,18,New,3160203.05,2624076.11,60,0
33,511652.94,805,1,New,1127308.22,876449.54,72,1
22,767142.31,734,1,New,791127.45,711311.95,48,1
32,802200.79,549,16,Used,3396523.32,2819138.04,60,0
43,1138452.73,717,2,New,1720843.14,1510088.59,48,1
32,510899.73,827,17,New,999974.42,792288.96,60,1
52,956681.84,417,17,Used,2847633.05,2496502.6,60,0
59,899163.66,438,9,New,1577609.05,1361559.35,84,1
32,309536.3,328,6,Used,1873256.9,1441880.79,36,0
29,1016622.69,317,19,New,600767.96,472524.45,48,1
32,1063107.23,345,8,New,3656784.36,3287426.01,72,0
26,1193978.37,841,9,Used,660905.03,555656.99,48,1
30,362324.37,625,2,Used,3614492.4,2967866.82,60,0
56,656343.01,464,18,Used,2158777.97,1688746.35,48,0
58,300000.0,498,7,New,3489451.77,2985518.41,60,0
51,710382.48,799,8,New,3032511.97,2569723.73,36,0
42,881653.18,836,5,Used,2770661.54,2212359.71,72,1
33,640075.69,635,16,Used,836439.48,719240.81,36,0
45,417171.14,536,4,New,2495687.58,2026006.71,36,0
34,300000.0,620,5,New,3948827.23,3188222.19,84,0
53,635115.05,763,8,New,3040277.68,2606208.29,60,0
62,1123031.24,654,11,Used,3036551.84,2570447.58,48,0
50,994157.78,799,11,New,2058055.33,1794675.04,60,1
22,950465.82,344,15,Used,3620741.02,2849104.93,36,0
37,1506858.83,820,11,Used,3612472.36,2995429.06,48,1
37,460111.81,486,6,New,818773.74,617712.7,60,1
57,742650.59,470,5,New,1858658.27,1570401.87,72,0
58,646947.14,720,12,New,1712343.84,1306235.29,84,1
63,421518.41,832,18,New,3668332.25,2791417.33,72,0
61,663782.79,456,17,New,2149074.65,1875367.86,84,0
55,377949.74,447,13,Used,1098627.69,890894.4,36,0
62,1163948.67,471,3,Used,1986933.91,1440809.88,48,0
39,912266.01,802,15,Used,3239041.26,2825851.76,48,0
64,517703.25,828,19,New,1282433.58,1023774.29,48,1
60,599855.05,409,6,Used,1695696.87,1210986.31,60,0
63,437451.74,463,12,New,981178.8,843356.03,84,1
46,619073.61,809,19,New,2599547.99,2075003.19,84,1
37,643346.11,556,4,New,1675324.01,1453430.82,60,0
40,750649.68,812,0,New,1724361.96,1479755.29,48,1
40,565812.18,754,16,New,1873076.61,1584917.76,60,0
64,1584227.67,376,19,New,803820.56,686007.35,36,1
35,961339.41,798,18,New,2410630.09,1803220.79,72,1
40,500155.96,624,8,Used,1188190.06,1001091.68,84,1
61,300000.0,822,17,New,1566747.61,1122489.17,72,0
60,300000.0,532,4,Used,2128898.45,1872394.4,72,0
31,912960.09,616,8,Used,2930824.7,2240103.03,72,1
50,721620.46,800,7,New,1475874.87,1304368.12,36,0
57,579533.25,607,9,Used,1822814.15,1483385.29,84,0
51,701409.45,840,0,New,1721750.44,1431517.74,48,0
22,668411.35,326,17,Used,938507.84,664083.37,36,0
64,661930.95,849,13,New,767964.62,543068.78,84,1
56,356380.68,769,8,Used,2700037.5,2172578.07,60,0
58,1053282.51,375,8,New,1958169.36,1578589.78,84,1
44,518698.27,735,11,New,1792634.08,1339314.73,84,1
62,1313419.9,435,6,Used,1110150.72,939022.13,72,1
27,701394.7,307,18,Used,1377731.93,1060406.75,36,0
28,1046872.36,440,9,New,2111984.42,1513754.73,84,1
37,749706.03,527,8,New,1077380.53,783231.36,48,1
33,597858.44,656,1,New,1366931.66,1101489.98,36,0
28,1053873.97,304,1,Used,1107201.6,778018.4,60,1
33,867669.85,848,15,Used,2451643.73,1845960.51,72,1
55,912348.63,432,9,New,3239007.51,2724668.62,84,0
54,763979.91,389,9,New,2051234.14,1690398.98,36,0
39,565371.81,474,13,Used,2814951.97,2210838.84,48,0
41,434180.11,501,14,Used,896496.05,749197.14,84,0
56,1378673.85,571,12,New,3179238.13,2536533.33,72,1
44,983513.44,487,9,New,777951.2,633546.3,36,1
47,1059281.5,783,2,New,3910085.29,2782198.4,48,0
26,757700.53,513,18,New,3377090.52,2609136.57,36,0
57,694966.1,443,7,New,1309076.68,965097.48,36,0
60,714708.23,356,1,New,994444.34,889104.52,48,0
27,533902.76,601,10,New,1085654.0,957235.29,60,1
23,300000.0,426,7,New,1833662.51,1617672.05,84,0
62,782556.88,558,15,New,2870075.18,2031739.69,72,0
59,1103997.41,790,2,Used,2932123.94,2070930.01,48,1
55,564672.02,529,12,New,567478.16,416918.74,60,1
26,809544.18,545,7,New,970584.68,802705.99,84,1
54,1075593.29,414,10,New,1347513.95,1168942.36,48,1
55,802404.59,732,6,Used,939528.15,782397.62,36,1
52,730794.5,659,8,New,1520813.92,1333103.36,72,1
63,336567.52,797,14,New,3225985.27,2416338.45,60,0
51,501136.11,618,5,Used,1220556.19,917205.65,48,0
23,1216409.04,569,6,New,2051845.02,1824995.57,60,0
54,764512.73,390,4,Used,3721643.52,2956788.14,60,0
29,869208.29,788,13,New,3643000.52,3210385.62,60,0
28,822266.07,714,9,New,848687.34,697609.21,84,1
46,727104.34,432,17,New,3604100.46,3101598.01,72,0
64,930661.62,508,8,Used,3061402.28,2583411.69,84,0
29,364768.86,358,9,New,2707800.28,1905543.26,60,0
64,300000.0,309,8,New,1978615.58,1527930.73,72,0
46,1025440.89,466,1,New,2444180.43,2185751.95,36,0
45,536639.39,623,10,New,1277105.0,1076480.21,36,0
59,468573.93,550,16,New,3973147.81,3532088.07,36,0
32,332743.17,524,1,New,2930912.47,2403111.76,48,0
50,314044.73,768,10,Used,2641556.09,2072378.06,60,0
59,1091907.69,797,13,New,2641581.29,2147549.78,60,1
33,882281.89,324,0,Used,3306376.07,2443155.38,60,0
26,944369.91,307,12,Used,3988469.19,3351800.09,36,0
57,860870.71,695,6,New,2410029.65,1813091.68,60,1
38,670602.53,343,7,Used,1719073.24,1286858.65,48,0
24,873994.07,378,15,Used,1418570.32,1024989.56,72,1
53,915452.02,433,9,Used,3981526.2,3496353.22,84,0
62,342326.65,755,12,New,1994492.06,1793499.1,60,0
45,1117498.99,774,14,New,1322623.61,929215.22,60,1
36,853204.8,673,7,Used,920340.25,801353.38,36,1
45,880388.3,646,9,Used,2286478.94,1776051.49,36,0
57,679960.32,768,14,New,3061138.49,2499076.53,60,0
35,749305.75,746,10,New,656972.5,493234.55,36,1
29,1037915.72,763,8,Used,3014199.03,2295041.71,84,1
49,952743.99,728,8,New,1102118.3,872270.97,36,1
46,564502.9,659,8,New,3848788.68,3410536.19,48,0
48,1227103.81,580,10,New,3786591.96,3180192.03,84,0
34,1055035.77,772,0,New,3731238.27,3203119.57,60,0
58,953631.51,507,14,New,913404.32,788664.45,36,1
44,639806.57,771,19,New,1029375.05,768373.82,72,1
25,1358815.73,532,8,New,1364153.55,975759.86,48,1
36,1155109.11,402,7,Used,3672836.3,3109771.43,36,0
31,855164.55,563,19,Used,1079884.07,873496.4,60,1
30,962858.62,616,6,New,3583155.18,2538829.65,84,1
37,300000.0,826,9,New,3947514.16,2997066.92,36,0
35,750912.42,769,13,New,3361488.51,2905894.18,60,0
60,1620645.11,556,8,New,1227446.21,1045627.12,84,1
45,421871.51,660,9,New,1329507.13,1135694.09,36,0
42,1029067.81,681,19,New,3995738.26,2823856.64,60,0
48,888179.28,350,18,Used,2881295.29,2503602.05,72,0
62,838644.72,583,3,Used,1055388.64,780515.12,72,1
22,405443.53,674,8,Used,996046.55,796862.67,72,1
62,909364.84,822,1,Used,1320559.57,954804.83,72,1
55,1167882.71,561,17,New,1266824.76,977381.58,36,1
63,687873.46,637,0,New,1090509.4,957726.16,36,1
32,928490.35,820,14,New,3703773.31,3209405.4,84,1
38,1151194.29,844,15,New,2362401.58,1900964.94,84,1
24,584717.26,831,5,New,3322481.96,2464255.0,84,0
22,901228.74,423,8,New,1002732.32,745910.72,48,1
44,492997.22,666,12,Used,2981239.59,2665422.28,36,0
62,599867.92,612,0,Used,3823221.75,2804378.71,60,0
61,594354.9,489,0,Used,3820493.33,2703439.23,48,0
56,736805.63,338,8,New,690479.27,556155.42,84,1
24,572677.98,780,8,New,1307278.68,1062389.8,60,1
54,1074157.34,728,17,New,1793175.92,1453034.51,60,1
37,642218.11,432,9,New,2801622.84,2097532.92,48,0
24,677246.12,306,7,New,2356598.15,1816212.67,72,0
41,799298.71,475,10,New,786442.45,613083.79,48,1
27,613007.39,624,15,New,2909567.32,2138872.0,60,0
61,800275.39,427,14,New,1791319.46,1466854.87,60,0
35,1098942.59,433,1,Used,1865878.7,1594892.76,60,1
29,773284.83,303,2,New,2942510.21,2267208.19,48,0
34,725530.17,355,17,Used,2972206.98,2591818.28,84,0
42,1236276.86,755,6,New,2465822.52,1799273.81,48,1
41,1001239.41,485,4,Used,1076659.37,844987.95,72,1
49,400267.78,628,15,New,3097238.5,2504733.82,60,0
59,300000.0,405,11,New,2358184.74,1714494.57,60,0
51,1003530.73,789,17,Used,3580482.96,3194617.71,36,0
58,790542.03,698,4,New,1759361.95,1272854.7,84,1
34,471521.54,523,0,New,3828540.22,2754335.7,72,0
54,849198.1,534,11,New,1715259.1,1253600.17,84,1
63,1013012.56,424,4,Used,3669980.5,3168159.56,72,0
59,1353283.91,711,16,New,2700675.51,2108248.31,36,0
34,377307.94,495,2,New,2713613.43,2235351.56,72,0
29,1074286.85,516,19,New,2195139.22,1863952.47,84,1
43,312495.41,690,1,New,2483172.44,1938883.46,72,0
23,839150.78,542,15,New,2533771.98,1988362.64,48,0
38,894968.58,576,1,Used,3170732.37,2727525.46,36,0
23,518327.43,449,9,New,3381907.07,2792965.96,36,0
40,477963.09,764,0,New,878147.04,754946.1,48,1
22,328830.81,579,13,New,521376.75,454106.67,36,0
30,762671.19,432,7,New,2790972.94,2142786.58,48,0
44,1092545.2,486,14,New,1092583.57,943423.58,48,1
50,889262.09,672,4,Used,2813482.3,2364788.45,36,0
56,1099604.53,696,19,New,1480380.31,1075798.47,72,1
23,731147.11,572,3,Used,1115368.33,789902.95,48,1
28,300000.0,613,18,New,3509074.73,3118572.49,48,0
38,1028150.53,579,9,New,2589562.05,2072631.89,36,0
48,751364.52,304,7,Used,581083.73,459806.12,36,1
43,623337.5,455,5,New,1030930.47,750369.42,60,1
61,487474.12,429,1,Used,3348040.0,2409236.22,84,0
51,921154.91,335,11,New,3190571.64,2306781.34,60,0
41,886767.44,594,6,New,2123442.88,1587944.32,84,1
30,1015233.76,815,12,New,1562647.03,1312435.6,36,1
53,914032.06,408,13,Used,3651050.46,3071521.31,48,0
24,1075416.73,536,1,New,3757500.74,3191965.43,48,0
52,975850.01,796,9,New,1285946.88,1141460.36,72,1
22,300000.0,445,3,New,2090739.78,1775927.4,48,0
55,597882.04,518,16,New,3437330.07,2817178.96,84,0
49,947076.83,831,11,Used,1543018.95,1086191.91,36,1
38,1265059.29,440,7,Used,3628954.29,2895208.16,84,0
27,1164782.74,553,0,New,2215896.66,1724864.99,72,1
62,674144.62,647,18,Used,1490722.72,1324689.17,84,1
26,774656.67,447,16,New,1703031.02,1235055.58,48,0
44,688820.94,371,10,New,3220217.07,2438232.34,84,0
55,386367.16,413,17,New,3072709.25,2277139.45,84,0
57,744256.55,698,10,Used,1085098.0,941445.31,36,0
46,1074557.22,343,6,New,3280962.53,2790581.32,84,0
62,937740.68,573,17,Used,3154880.41,2777419.95,36,0
41,1342861.95,358,15,New,1057419.39,769668.14,36,1
49,541211.24,780,17,Used,3321970.34,2962896.72,84,0
43,1319863.09,310,4,New,604652.23,446527.35,60,1
34,679624.75,681,9,Used,1496032.59,1130954.35,36,0
49,777324.34,717,2,Used,954662.71,776428.68,60,1
36,783044.21,517,12,New,1766560.68,1550304.45,36,0
24,719558.53,762,10,New,972867.85,786560.32,36,1
52,1084022.08,528,17,New,2451531.15,1743866.45,84,1
32,626132.49,364,2,New,3952904.78,3468750.42,72,0
59,671794.1,468,9,New,2238489.24,1849077.96,84,0
64,659233.86,835,18,New,1321689.98,1059141.68,36,0
39,1182786.74,658,14,New,2234859.0,1798852.09,36,0
39,444354.7,537,19,New,2527475.72,2098636.26,60,0
51,807854.0,329,3,New,2891652.4,2073771.1,36,0
40,1235119.68,350,15,Used,3317654.8,2826505.29,60,0
62,772808.32,386,18,New,2142604.61,1876192.8,48,0
42,686229.41,660,12,New,3069286.45,2232053.76,84,0
24,973581.15,551,10,New,2106951.7,1788332.55,72,0
33,578744.24,463,13,Used,1371169.13,1006687.27,36,0
47,952686.58,434,14,New,3676663.57,3232454.29,60,0
38,1093541.57,390,16,New,1476501.73,1299353.16,84,1
29,838150.83,823,11,Used,562128.4,436027.66,36,1
36,1232220.79,334,8,New,1549076.97,1252658.23,60,1
39,1437282.35,321,18,New,1250317.43,986137.12,36,1
37,720394.93,326,0,Used,3070030.13,2479928.86,72,0
24,867031.91,462,5,Used,3447808.79,2991604.72,60,0
36,1222946.71,640,8,Used,3571735.47,2691966.08,84,1
64,683231.01,565,11,New,1918857.56,1708793.02,36,0
39,588481.3,502,1,New,3579908.72,2619870.97,84,0
31,897065.13,707,6,New,3549840.35,2597885.58,72,1
47,314412.86,412,5,New,1717447.25,1273987.58,36,0
41,300000.0,634,5,New,971252.51,692810.47,60,0
52,569697.26,674,18,New,2634413.15,2264436.3,60,0
46,652388.62,715,13,Used,1774922.96,1307628.91,60,1
41,672504.89,466,2,Used,665061.14,519181.04,84,0
62,498359.51,457,9,New,2746067.86,2107919.78,36,0
57,848372.05,436,3,Used,2982165.59,2399925.01,60,0
22,898910.26,790,0,Used,779753.94,687710.6,60,1
28,891464.34,511,10,New,3706857.59,2857072.48,36,0
44,866442.57,662,2,New,982873.18,697901.7,72,1
50,717309.99,845,17,Used,1574564.11,1350687.09,36,0
29,649936.33,561,1,New,1890013.36,1640068.75,36,0
50,578129.54,603,18,New,649483.93,511693.67,84,1
54,1034557.05,656,10,New,2654214.25,2012597.15,72,1
46,450111.35,447,17,New,3190251.41,2798307.35,84,0
30,716729.99,692,18,New,1563658.42,1323400.2,72,1
40,777845.09,648,14,Used,3101876.0,2579780.99,84,0
56,858501.96,799,1,New,2343100.33,1945948.95,84,1
57,698687.88,614,7,New,3318481.2,2949780.13,84,0
51,956841.13,797,18,New,3981820.84,3561170.23,36,0
26,300000.0,640,16,New,1222549.61,857075.4,36,0
41,1352190.04,718,3,Used,3689067.34,2884448.7,84,1
39,655462.91,769,1,Used,1443546.81,1204546.3,60,1
55,514062.99,518,17,New,624939.83,447353.78,36,1
48,1082431.99,747,1,New,749312.56,636663.4,48,1
53,607616.6,414,3,Used,1190016.35,1048896.32,48,0
60,300000.0,591,16,New,525970.56,424435.04,72,1
50,1055718.18,493,12,New,2247488.2,1784674.7,84,1
31,526434.2,835,16,New,1324859.12,1169470.94,36,0
28,770532.27,668,4,New,1237997.48,925245.96,60,1
53,1113708.42,560,5,New,3451639.72,3034840.68,36,0
43,737812.8,504,0,New,1703927.62,1193473.99,36,0
39,656845.61,737,7,New,1629027.85,1301238.52,48,1
30,736140.02,792,12,New,3835490.59,2709603.81,84,0
33,1014206.95,440,3,New,3382795.98,2473223.61,84,0
29,673255.59,692,8,Used,3046153.05,2480734.43,72,0
29,327326.19,833,14,New,3680590.1,3291835.4,48,0
36,403515.15,765,11,Used,2466145.9,1782967.38,60,0
37,300000.0,630,7,New,2535260.38,2070994.24,84,0
44,642897.33,821,13,New,509689.33,398017.39,84,1
37,883961.94,667,9,Used,3297756.68,2726442.05,72,0
34,743062.36,332,2,New,3064057.55,2440784.6,84,0
52,838311.05,702,4,New,3488773.5,3090567.56,72,0
29,565157.56,310,12,New,2232154.35,1687530.74,36,0
54,1095258.98,826,13,New,693368.21,542795.09,84,1
58,1126662.5,315,15,Used,1149559.05,986577.6,72,0
52,527299.96,416,7,Used,3262846.34,2825869.81,36,0
31,650583.38,511,10,Used,2456487.25,1720778.34,60,0
45,1082353.63,348,11,Used,2719306.44,2078028.41,48,0
46,790853.62,330,11,New,1893237.82,1443126.52,72,0
54,819029.68,695,5,New,2272485.0,2024026.63,36,0
31,1197335.89,333,19,New,1854030.2,1542072.56,60,1
39,811604.09,355,3,New,2568738.81,2130369.8,60,0
43,454150.26,436,8,New,1728455.8,1458735.74,72,0
51,1105114.72,514,13,Used,883576.34,620417.47,84,1
24,869692.88,740,12,Used,2219707.63,1657584.78,84,1
22,1443668.58,415,14,Used,733304.95,587179.51,48,1
59,441059.68,495,3,New,1142650.82,914491.15,72,1
29,637085.39,788,18,New,3818449.71,2981096.09,72,0
61,421726.74,666,9,Used,2054013.07,1546495.82,48,0
30,1280623.93,702,7,Used,1436662.5,1197993.91,48,1
24,1266322.26,450,9,Used,2102535.91,1709050.66,60,1
32,809811.84,828,15,New,2994225.88,2274791.91,60,0
54,562228.25,566,8,New,3733531.48,2710760.22,72,0
23,799528.47,420,6,Used,3255785.3,2427483.24,36,0
61,1304145.64,803,9,New,850112.58,749244.08,60,1
40,644808.98,664,2,New,2392385.8,1861390.63,48,0
61,706839.56,781,19,New,3600496.2,3106287.14,84,0
23,834847.47,386,14,Used,2369918.97,1876651.59,60,0
32,558178.16,461,18,New,3769961.82,3046456.77,60,0
52,1304686.19,665,12,New,1375798.88,1171865.53,36,1
38,896615.15,343,7,New,3834979.13,2785391.2,72,0
40,817550.11,611,1,Used,2733804.27,2333109.33,72,0
24,714745.03,643,17,New,2599105.34,2109034.33,84,1
34,775246.23,595,13,Used,3643016.88,3190188.62,60,0
24,827550.32,648,14,New,1713844.83,1288018.51,72,1
53,300000.0,613,10,New,1513412.63,1153939.38,72,0
47,310852.29,439,8,New,2614566.14,2119089.71,84,0
51,488163.49,345,11,New,732593.3,626167.82,48,0
57,995131.87,799,11,New,1672425.99,1453842.28,36,1
53,883778.7,313,7,New,2095558.81,1650023.45,84,1
28,916380.77,780,5,New,3973129.0,3529160.15,60,0
32,1049512.71,530,3,New,588943.08,480551.61,36,1
44,912353.2,699,15,New,2069698.69,1862526.63,84,1
39,690275.08,780,18,New,1992393.83,1527672.18,36,1
29,1192088.92,819,1,New,3570381.41,2874993.96,48,0
54,668918.28,685,15,New,3594256.4,3128936.83,84,0
27,994955.95,314,8,New,3163634.15,2233004.65,60,1
34,832324.54,774,7,New,1599669.79,1345807.25,36,0
50,990887.76,344,7,New,975725.81,875239.72,72,1
53,391682.44,453,1,New,1012092.92,797637.63,36,0
34,900080.95,509,16,New,3395503.34,2495648.39,72,0
62,771157.61,517,16,Used,2247889.68,1781624.44,60,0
22,799411.59,506,9,New,3132572.08,2757640.7,36,0
29,813430.51,827,1,Used,2295361.9,1614121.68,36,0
62,494598.94,673,0,Used,1396297.79,1207323.97,72,0
58,402562.35,328,7,New,1197552.63,1001909.98,48,0
55,1285699.99,367,2,New,2804823.37,1989688.8,84,1
27,802508.24,433,15,Used,676091.55,572428.15,60,1
44,1229703.95,670,4,New,1653456.52,1292444.71,48,1
44,589573.57,427,13,New,1191857.72,1031774.99,72,1
27,693150.19,750,15,New,1314854.95,1182483.76,84,1
26,435627.23,393,7,New,3070866.06,2738864.54,84,0
48,1331153.53,556,3,New,1068394.19,950538.16,72,1
22,466050.12,610,7,New,1298119.5,964585.7,36,0
48,671312.48,437,18,New,745038.31,632113.92,48,1
26,725124.69,455,17,New,2301385.1,1698463.34,36,0
57,828678.05,366,7,New,1242462.68,890595.79,48,1
48,458991.03,434,16,New,2206109.62,1550238.94,48,0
26,968079.11,756,7,Used,3887912.07,3422587.34,84,0
43,921942.39,649,18,New,3726636.22,3346658.01,84,0
36,957685.6,712,16,New,3386157.5,2731766.66,48,0
55,1246098.56,387,13,Used,1408154.52,1042067.62,36,1
49,1035253.2,466,11,Used,3817990.04,3387114.38,84,0
33,461503.4,405,13,Used,2340993.53,1827772.3,72,0
57,494752.43,537,16,Used,3449824.14,2708706.29,48,0
31,664862.69,473,11,Used,2748533.09,2197013.76,84,0
38,833523.8,518,3,New,750445.52,576014.35,60,1
37,756187.56,403,6,Used,1572875.02,1305634.24,60,0
54,477276.54,474,17,New,2199389.32,1918758.4,72,0
61,562025.0,825,3,New,1991496.35,1456973.95,84,1
37,709617.84,459,5,Used,1757875.17,1499371.07,48,0
63,1035724.04,559,19,New,1424722.41,1045442.07,72,1
23,824279.82,565,13,New,568238.67,448902.49,72,1
42,530335.15,848,13,New,3410080.53,3060409.51,36,0
38,1223259.61,633,6,New,2216241.21,1950416.41,84,1
31,629996.92,618,15,New,861386.82,628518.1,60,1
25,414571.56,662,5,New,3574252.36,2902634.47,84,0
23,704182.02,607,9,Used,3483547.48,2979853.56,60,0
60,579234.35,519,12,New,2149945.24,1800155.84,48,0
56,684481.01,300,14,New,1345260.57,1209651.28,60,0
28,930711.14,664,14,New,1825962.46,1622011.57,36,0
48,549851.86,605,5,New,3371418.48,2461624.68,84,0
49,492616.79,575,11,Used,3440742.18,2808046.71,36,0
34,1074586.32,560,14,Used,723730.42,639782.75,36,1
28,1059687.5,721,0,New,3625428.68,2737781.77,36,0
29,771258.9,325,10,Used,2030269.21,1740406.08,48,0
61,1097821.75,572,7,New,1813279.15,1447224.6,60,1
57,927341.51,302,13,New,2025810.47,1628937.69,36,0
28,438668.55,443,8,New,1547490.82,1280758.15,84,0
27,658602.44,398,2,New,1537662.29,1139544.73,72,1
46,1037090.06,378,15,New,2916213.1,2527060.2,48,0
43,945166.54,396,0,New,1799446.64,1394171.32,72,1
43,714381.1,709,11,Used,3294501.47,2879896.83,84,0
38,1211589.12,532,15,New,1503647.75,1343190.49,48,1
63,974736.96,442,0,New,2235694.15,1751404.57,48,0
44,300000.0,713,2,Used,937650.71,814538.48,48,0
53,1395510.02,649,5,New,936148.07,779961.95,84,1
26,687829.79,498,6,New,974293.04,692032.44,36,0
28,1132114.54,719,0,New,815758.29,654500.44,48,1
47,328166.97,418,16,New,1289954.26,1041476.7,60,0
23,728421.54,318,15,New,2512996.22,1809972.4,72,0
60,898187.09,431,18,New,622733.36,464089.94,84,1
61,794713.23,627,4,New,510401.93,375331.61,36,1
52,678025.23,313,10,New,1516843.76,1211191.83,48,0
33,1058005.8,311,4,Used,2053266.25,1723810.0,84,1
63,696625.72,470,12,Used,1461543.49,1084592.33,60,0
36,486334.81,686,13,New,3076881.72,2693718.12,72,0
48,748427.17,302,14,Used,2111185.42,1682675.27,60,0
49,1331571.12,511,6,Used,1869199.29,1536380.02,48,1
48,757310.63,374,8,New,2074080.59,1560083.7,60,0
50,691356.33,358,5,Used,2643698.51,2363365.41,72,0
31,568343.99,501,9,Used,2712223.44,2329041.45,72,0
29,477707.21,367,15,New,1111544.73,999716.64,72,0
54,688111.46,803,14,Used,1210663.79,1080806.64,36,0
57,787856.51,629,0,New,1564870.41,1296164.86,84,1
48,1152733.09,582,7,New,2190420.69,1739863.53,72,1
23,558188.91,507,18,New,2033608.3,1545986.47,72,0
48,300000.0,803,11,New,2289352.62,1753589.61,60,0
24,517918.86,399,2,New,1584520.05,1255305.51,48,0
45,1363649.93,625,19,New,1922063.58,1461348.79,72,1
53,652949.88,620,9,New,2277729.74,1923851.85,48,0
64,460233.44,771,5,New,3127494.53,2675761.26,36,0
32,607567.46,819,1,New,2778562.9,2281505.92,48,0
57,656437.59,399,8,New,2495870.26,2034813.74,72,0
31,1094841.52,799,12,New,3593334.54,2762379.14,72,1
33,1035581.72,845,6,New,2853213.46,2412838.37,72,1
46,788520.44,803,13,New,2896935.26,2069491.21,84,1
32,798510.58,501,3,New,1691866.36,1474286.09,72,0
28,1571460.85,794,13,New,2100381.48,1872367.15,48,1
38,1037945.91,352,10,New,2985711.07,2139057.78,48,0
63,697065.82,631,7,New,1010880.53,739259.21,72,1
49,604871.47,706,12,New,1309926.05,1007304.53,60,1
33,951396.81,576,8,New,1625379.31,1159891.01,72,1
48,867304.71,828,10,Used,3550885.12,2521509.29,48,0
62,499702.26,778,15,New,1412563.62,1119443.29,48,0
61,747198.92,479,8,New,3509704.77,2744146.26,36,0
58,987225.54,752,7,New,3170774.81,2701291.31,48,0
36,561842.09,451,6,New,1929599.35,1613767.41,60,0
37,765731.3,483,9,Used,1180892.18,1020109.12,36,0
29,1025021.67,676,7,New,3575297.28,3050510.51,84,1
43,924451.88,735,9,New,1100818.89,885722.64,60,1
60,635155.0,383,4,New,534363.47,424105.52,60,1
43,578457.72,382,3,Used,3720160.7,3085984.93,72,0
64,742835.93,537,6,New,2372944.82,1796455.62,36,0
25,1140359.93,834,9,Used,1089033.52,863247.59,72,1
37,719848.13,561,14,New,3797526.76,2861296.9,72,0
35,573812.17,334,5,New,3587396.36,2697129.86,84,0
27,843155.94,788,14,New,3435416.8,2427501.89,36,0
52,525587.07,446,12,New,801682.02,564105.56,60,1
23,666769.21,650,16,New,1854212.26,1536605.51,48,0
53,1115258.64,707,5,New,1964274.26,1605895.5,60,1
57,969676.3,746,8,New,2039787.82,1583409.41,60,1
26,1131061.93,536,4,New,938280.17,708189.52,72,1
44,668786.9,332,13,Used,2073792.78,1597995.78,48,0
32,503878.46,533,17,New,1767834.51,1262679.0,60,0
42,446873.39,317,8,New,566732.07,465583.08,60,1
36,1066742.89,683,4,New,3905865.55,2889239.58,84,0
37,451319.44,820,13,New,2300210.2,1861809.75,60,0
30,578108.32,665,1,New,2384785.05,2096258.7,72,0
33,764863.06,690,18,Used,1612978.11,1230368.82,36,0
61,1117107.45,840,18,New,3866685.75,2894460.84,84,1
32,1008106.24,746,9,New,1681364.02,1450342.62,60,1
29,1224054.49,314,2,New,3054373.27,2715262.35,48,0
46,300000.0,620,0,Used,1325221.17,1067792.98,36,0
24,1180229.01,724,18,New,2357933.41,1930702.77,36,0
52,1550196.87,688,17,New,2247266.84,2011524.48,36,1
40,717922.69,611,1,New,2037799.99,1428313.4,72,0
36,899733.61,523,1,Used,2102893.62,1639224.31,84,0
56,554349.49,732,3,New,3308973.61,2361449.96,48,0
64,513045.62,352,9,Used,1320796.99,969632.22,36,0
22,909840.4,797,13,New,3000034.87,2119066.96,84,1
41,454731.02,696,6,New,3205298.88,2503605.17,48,0
24,667363.91,825,17,New,1035427.56,826555.24,84,1
57,966998.21,744,18,Used,1573014.46,1221330.03,84,1
55,934357.48,741,10,New,3652731.89,2913158.12,48,0
32,491058.37,589,6,New,1420939.77,1248302.84,72,0
27,1374154.45,593,2,New,2256831.61,1651053.02,36,0
49,850336.26,427,8,Used,3995067.96,3272587.67,84,0
45,1007772.91,557,0,New,2143991.19,1897994.65,48,0
56,651117.4,675,9,Used,3496086.09,3121236.15,48,0
31,828836.43,611,19,New,2857388.96,2227110.49,36,0
43,903202.96,742,2,Used,2854784.86,2137861.95,48,0
33,927406.54,546,11,New,1138728.12,809548.54,84,1
31,1102880.15,543,13,Used,1161648.1,836411.56,36,1
23,466749.5,610,8,Used,3036057.83,2441821.79,72,0
45,816502.82,473,4,Used,1546304.78,1297753.13,48,0
28,629251.33,476,10,New,3218391.44,2511205.64,84,0
34,416381.81,623,9,Used,2251366.11,1885963.81,36,0
46,677550.11,623,18,New,2228054.12,1671291.76,60,1
43,995102.3,594,16,New,2714414.31,2353060.9,60,0
32,639664.53,438,11,Used,632841.93,492951.1,36,1
23,782148.88,580,18,Used,3265546.81,2440599.43,48,0
60,897297.61,542,3,Used,3041215.99,2247904.39,48,0
30,824789.69,681,3,New,2619260.54,1841831.02,60,1
42,613580.96,484,9,New,3016399.01,2258591.17,72,0
23,1375760.58,539,1,New,3099885.25,2229712.02,72,1
48,1225567.19,832,10,New,1862674.47,1615417.77,60,1
64,1005024.89,778,6,New,3773977.87,2867715.24,72,1
43,1053502.84,582,16,Used,3406103.26,2847127.67,84,0
48,660832.11,381,17,New,1167212.23,1029221.8,72,1
37,1049284.75,348,17,New,1548867.36,1392860.92,60,1
52,903292.71,800,1,New,2401736.72,2106545.56,60,1
51,1473199.19,843,0,New,1951740.29,1476852.51,60,1
61,589180.83,380,11,Used,1705637.67,1396041.71,48,0
48,300000.0,647,3,New,3490489.44,2731892.32,36,0
26,1095634.14,663,0,Used,2879984.34,2190574.95,84,1
28,796502.89,533,0,New,2497797.05,2120120.29,48,0
38,716971.85,670,14,New,1620546.33,1196620.9,60,0
22,328984.53,602,13,New,3972808.86,2981193.55,60,0
34,632981.11,618,15,New,2172516.1,1717471.04,72,1
33,998446.25,741,10,New,3266840.11,2307431.82,48,0
42,637038.2,773,15,Used,2677959.26,1999408.09,48,0
61,456176.72,744,13,New,2303295.38,1647396.17,48,0
25,1280896.45,479,4,Used,3236575.22,2391060.75,36,0
39,835419.94,667,7,New,3194410.96,2641268.62,48,0
23,926989.38,511,15,New,3518805.57,2860645.31,84,0
52,708224.11,391,11,New,2124999.81,1885387.57,60,0
24,886079.83,769,15,New,1465599.72,1241623.74,48,1
63,632931.45,416,10,New,1652319.37,1183320.29,84,1
22,497651.24,700,8,New,2234824.08,1915467.14,72,0
60,721641.1,352,8,Used,1205995.82,897187.25,72,1
51,1126373.34,818,15,New,1916712.99,1546589.86,48,1
32,1276015.66,517,17,New,3013716.68,2383322.84,84,0
39,398622.15,711,12,New,1399995.1,1134496.29,84,1
40,1058781.04,389,17,New,2283776.7,1750394.96,72,1
32,402609.3,586,10,New,2083462.81,1797064.47,48,0
26,838476.65,846,6,New,782527.38,646506.37,84,1
53,1137066.74,749,3,Used,964553.7,794714.62,84,1
56,939832.32,500,0,Used,3456477.61,2487343.8,48,0
49,521396.2,740,17,Used,2874876.46,2309843.64,72,0
26,937024.59,754,5,New,3548146.88,3005696.26,60,0
62,977237.3,359,9,New,1327935.75,1149176.34,72,1
55,1433225.85,484,0,New,1028510.95,792578.55,48,1
36,1079166.53,756,8,New,754162.61,670750.61,84,1
35,1026462.72,720,6,New,2565052.06,2014792.6,48,1
25,780050.23,561,10,New,1266771.09,1028402.26,48,0
64,300000.0,625,15,New,3675677.36,2637301.26,72,0
64,446652.74,725,0,New,2864642.56,2096706.26,36,0
40,1215729.27,499,10,Used,2455737.03,2185434.86,84,1
48,1027695.44,634,2,New,2235103.9,1759169.03,36,0
55,711552.38,523,8,New,563128.61,419139.4,84,1
52,930694.58,555,12,New,1847276.1,1553356.93,60,0
27,475496.98,441,9,New,3110458.93,2547625.07,84,0
42,514233.01,597,4,New,3109883.01,2545034.57,84,0
35,692339.04,730,9,New,2461782.88,2097031.72,60,1
49,468100.86,688,0,New,3698822.51,3086554.77,48,0
29,612500.43,801,10,Used,2906928.55,2390690.2,36,0
33,656661.49,712,18,New,3780388.87,3021876.7,72,0
58,847227.38,719,5,New,2016187.67,1761824.06,72,1
59,875010.5,733,14,New,2735055.72,2225541.38,84,1
50,829197.34,696,14,Used,3666603.58,3136843.81,60,0
63,497796.17,407,11,New,1637737.85,1232091.81,60,0
37,1150266.39,473,7,Used,1050961.87,748853.12,36,0
31,750997.47,804,0,New,3523489.05,2509584.88,48,0
30,1160276.89,821,5,New,2118277.55,1607747.71,48,1
35,775215.53,810,8,Used,2464654.8,2084553.64,72,1
30,685077.06,435,9,Used,960520.33,818795.9,48,1
31,535600.97,419,3,Used,3368394.57,2452461.68,84,0
42,1203644.01,742,7,Used,771709.92,547136.61,72,1
62,1364718.48,806,4,New,1221954.36,1083873.46,36,1
37,518591.15,579,5,Used,3132493.59,2684692.99,72,0
45,628802.62,417,1,Used,2321042.76,1822211.75,48,0
33,489545.69,562,14,New,3374207.33,2526851.82,48,0
32,881476.19,536,3,Used,2682581.02,2230509.76,72,0
45,489720.52,628,14,New,546465.3,451001.6,72,1
32,300000.0,515,11,Used,2605849.21,2183538.71,60,0
44,595280.65,540,17,New,2312834.62,1807324.41,84,0
52,739588.77,768,16,Used,3032259.75,2470619.14,72,0
53,575467.06,366,11,Used,680011.94,501756.08,36,1
23,300000.0,803,3,New,2262236.21,1681297.85,72,0
43,591836.28,777,19,New,814662.57,642621.86,60,1
44,1199514.76,590,19,Used,2016290.79,1508062.5,72,1
24,787802.86,303,9,Used,1571739.37,1131338.95,72,1
37,750186.79,448,11,New,2107108.7,1760904.94,84,0
25,1181906.1,559,12,Used,3554917.34,2946388.4,60,0
41,536697.18,511,7,New,3400205.7,2896749.98,36,0
31,643487.68,827,7,New,1568139.3,1293997.61,72,1
28,876333.71,394,13,New,1141381.17,805425.5,60,1
50,878749.9,529,13,New,2360026.7,1762668.54,72,0
60,706519.06,453,1,New,1057892.96,761527.36,48,0
48,300000.0,649,12,New,745346.61,571481.31,36,0
27,882319.61,511,7,Used,2450760.56,1943047.27,72,0
61,868719.75,744,10,Used,2857904.74,2235639.06,72,1
63,895545.21,706,6,New,520926.79,426006.74,36,1
50,849310.35,334,1,Used,1035225.57,904388.05,84,1
57,676484.69,793,2,New,1994278.38,1488828.81,84,1
61,368726.49,425,0,New,1778266.28,1570222.62,72,0
33,375904.59,388,2,New,2008575.43,1540801.49,84,0
47,415121.26,695,0,New,689222.01,584506.43,48,0
61,1006793.69,785,9,New,3096765.45,2589703.04,60,0
23,1050619.49,562,3,Used,3926251.4,3318527.34,36,0
55,692655.62,834,6,Used,1088752.49,829432.89,48,1
60,1044334.95,676,14,Used,1438736.18,1136082.15,36,0
36,424555.44,743,5,New,1630083.85,1464358.14,84,1
43,615724.68,476,12,New,2597234.37,2198096.71,36,0
42,616522.2,502,14,New,2607452.1,2073300.52,72,0
35,797677.46,777,12,Used,3944559.08,3252587.06,48,0
52,704879.32,547,17,New,2312717.28,1945274.16,36,0
24,954913.68,714,13,Used,2674371.28,1995339.1,84,1
52,909726.37,775,10,New,569893.8,408813.33,72,1
25,495508.09,781,11,New,2276141.41,1603258.35,48,0
60,1402211.75,810,2,New,1786048.31,1570243.72,36,1
44,671576.09,778,4,New,2123906.04,1631682.43,72,1
61,686746.46,732,7,New,3364000.44,2860527.83,72,0
28,1160730.74,378,1,Used,2278430.6,1658666.22,48,0
46,1216683.9,471,10,New,1081092.45,936071.75,72,1
33,1411887.19,484,8,New,715279.95,576617.67,72,1
63,688347.83,783,9,Used,973119.44,827973.55,48,1
27,841998.84,669,1,New,1537262.55,1121815.99,72,1
25,747474.52,714,18,New,908460.24,781899.46,60,1
46,1097910.15,505,15,New,3139933.02,2602580.56,36,0
35,704769.44,709,2,Used,2278076.2,1869451.65,84,1
24,498162.91,744,8,Used,3216103.64,2500869.81,84,0
30,756234.89,542,9,New,3415396.94,2978700.4,60,0
48,776602.84,837,10,New,2478762.44,2192029.34,84,1
57,909689.64,345,4,New,1256668.77,966014.48,36,1
64,865172.09,509,13,Used,3910709.57,2966432.4,72,0
36,951971.3,697,11,New,3553376.05,3136999.89,84,1
57,1438885.16,330,18,New,3759864.3,3244227.6,48,0
50,793070.33,455,14,New,3775653.45,3349850.47,72,0
54,579318.27,364,3,New,3133310.42,2533037.38,84,0
57,757919.32,750,7,New,3547118.78,2968485.14,60,1
24,741770.16,721,17,New,994482.03,747397.76,60,1
44,300000.0,724,10,New,3398885.11,2558996.03,36,0
23,552225.5,628,12,New,2195475.46,1767787.46,72,0
28,1010431.66,448,9,New,2835756.67,2263624.74,36,0
29,729183.02,472,6,New,979680.28,872532.4,84,1
22,785863.25,451,10,New,1702398.31,1354955.47,72,1
44,1300162.98,530,1,New,1810222.23,1618302.94,36,0
35,852749.49,750,14,New,2671891.42,2101324.31,84,1
52,740838.56,527,16,New,3638357.57,3137843.61,48,0
30,1098102.16,634,13,Used,1423137.18,1215590.06,48,1
52,996679.17,724,13,New,2061027.31,1779481.99,72,1
26,1085142.39,432,8,New,1426330.3,1169262.01,36,0
54,709051.22,570,1,New,1703277.47,1283993.64,36,0
32,1098939.45,844,14,New,3208820.98,2532113.63,72,1
39,938148.24,533,10,Used,1572012.28,1204516.31,84,1
49,550903.9,495,18,New,2255425.01,1839791.26,60,0
49,655318.45,756,19,New,1968111.5,1693925.48,36,1
30,868459.42,657,0,New,2694353.1,2303884.22,36,0
56,565531.77,648,10,New,2222496.03,1990835.93,84,0
27,794179.41,460,6,Used,2630108.77,1893600.8,72,0
53,1207575.67,656,8,Used,3490725.35,2539955.26,72,0
61,790535.6,818,18,Used,994670.4,752491.14,84,1
32,1204747.53,824,9,Used,1855471.2,1337141.49,48,1
35,300155.06,817,16,New,2691114.75,2358896.19,72,0
29,765118.9,793,11,New,3584663.07,2927408.61,84,0
53,835557.02,601,5,New,844586.97,641369.04,48,1
47,695247.02,316,8,Used,3621389.8,2587452.79,84,0
34,1002303.08,703,14,Used,2592308.81,2004143.19,72,1
55,774515.93,614,0,Used,522036.8,401101.85,36,1
25,300000.0,420,1,New,1876025.27,1547141.5,60,0
43,949351.47,546,12,Used,1375371.32,1035232.95,48,0
30,865927.2,747,17,Used,1866453.23,1586580.7,60,1
43,528698.15,655,13,New,1034158.43,911194.8,48,1
26,398397.36,744,14,Used,2587656.99,1965242.84,48,0
44,1215030.84,328,2,New,3938808.79,2990546.95,84,0
33,670714.02,835,3,Used,583333.27,510457.52,84,1
64,1108456.45,742,17,New,2380640.98,1780046.57,48,1
28,1039151.1,372,11,New,588561.39,472684.92,36,1
39,718162.83,528,8,Used,1940356.84,1499318.17,36,0
57,300000.0,586,12,New,2146747.33,1903010.02,60,0
45,994108.01,303,13,New,3888376.73,2914773.31,84,0
32,400832.77,824,11,New,3312924.17,2455665.84,36,0
33,1028304.52,310,5,New,506727.46,361676.51,72,1
64,664500.06,486,18,New,3495166.65,3061627.39,48,0
24,738428.16,716,3,New,1580985.77,1180209.82,36,0
48,1467565.28,578,4,Used,2321770.42,1717803.43,60,0
64,1146928.71,481,2,New,3489662.85,2797233.1,72,0
59,913352.8,391,12,Used,3813978.64,2897362.83,84,0
41,898762.17,359,7,New,1153352.93,850162.22,48,1
40,810946.87,829,16,Used,2655812.33,2335073.41,48,0
29,1292277.9,481,11,New,3911012.6,2743721.76,72,0
61,688602.56,508,16,Used,2836583.7,2176385.61,36,0
23,300000.0,319,16,New,2189536.18,1954751.16,72,0
34,834429.83,845,5,Used,1367250.3,982370.05,72,1
37,465631.94,783,8,New,3952924.63,3213230.96,60,1
44,941294.1,355,14,New,3236352.12,2848528.91,48,0
28,1081448.47,315,4,New,2973561.66,2583426.04,48,0
26,720564.38,315,7,New,3462322.63,2825706.55,60,0
51,1039471.31,314,13,New,1490290.2,1044843.24,36,0
28,1101128.08,323,10,New,3899675.19,3234096.59,36,0
28,587007.84,735,15,Used,3662213.91,3070947.3,60,0
43,1240389.02,330,14,Used,2943187.41,2257681.74,84,1
48,591693.57,695,2,Used,2696710.31,2099730.88,72,0
28,846931.21,624,0,New,3247664.61,2884858.76,36,0
45,494946.3,655,7,New,2953127.91,2519497.06,48,0
55,422193.24,686,12,New,3593767.12,3132217.23,48,0
35,300000.0,332,18,New,2837090.21,2030965.97,84,0
41,758287.17,418,19,New,2251985.71,1636399.58,72,0
29,493860.74,670,14,New,612817.78,513552.56,72,1
33,463540.17,578,8,New,1693244.53,1283779.56,60,0
22,571821.79,581,19,Used,625878.45,445170.75,84,1
47,1219531.01,680,10,New,3878997.9,3296002.21,48,0
61,742329.93,376,9,Used,2865500.17,2418730.74,84,0
34,1139991.64,600,2,New,2762349.78,2086545.97,48,0
33,404997.08,554,1,Used,2653403.06,1897611.98,36,0
41,497761.84,654,1,New,2774975.4,2117921.98,36,0
49,737924.27,481,2,Used,2066956.89,1725966.45,48,0
36,690411.45,650,19,New,3223853.55,2868947.32,48,0
58,836713.67,395,0,Used,2533166.18,2227285.6,84,0
45,1146570.38,821,12,New,2879336.22,2096978.44,36,0
37,828710.75,759,19,New,2629134.94,2177884.84,48,0
26,921180.12,761,10,New,2774015.4,1965215.28,60,1
53,477992.79,775,16,Used,3912815.69,2876297.04,60,0
32,300000.0,599,5,New,559043.09,422514.62,60,1
31,806442.6,317,6,Used,1177555.11,960716.47,36,0
44,699465.3,606,0,New,2653141.4,2358674.67,84,1
27,1172459.14,494,8,New,3146225.55,2237498.66,48,0
43,596819.86,540,2,Used,3541160.69,3130705.25,36,0
53,690579.6,330,5,New,947263.28,695469.88,72,1
23,590651.21,746,10,New,2271883.8,1897495.27,60,0
58,845952.01,774,16,New,1336375.8,1166366.33,48,1
56,676749.13,798,3,New,1484903.63,1267139.37,72,1
27,911178.37,449,5,New,1675331.52,1452668.0,84,1
54,1218087.17,672,1,Used,504246.57,413635.11,84,0
35,853051.98,510,7,Used,552752.31,494131.57,48,1
54,586786.25,418,10,New,777964.63,564173.49,36,1
22,808325.47,742,1,New,1047878.07,774141.63,84,1
42,858810.49,542,16,Used,2384115.17,1895823.11,72,0
56,837439.67,758,4,New,3882745.03,3167745.5,84,0
46,975114.94,412,18,New,3965248.85,3416204.72,72,0
63,300000.0,414,11,New,3797202.74,3184263.1,36,0
36,881035.54,771,17,New,2512121.83,2023780.72,36,0
31,1051581.32,746,19,New,3015177.47,2202637.19,48,0
56,794656.05,743,12,New,1683560.54,1178515.76,48,1
50,799937.45,397,10,New,3793002.42,3283004.26,60,0
34,915662.41,348,4,Used,3987768.28,3143342.02,84,0
55,544991.72,472,8,New,2222106.33,1721787.53,84,1
60,920547.08,835,14,Used,1517818.06,1147244.4,36,1
25,841080.8,563,16,New,953575.05,795735.07,84,1
58,1158197.47,511,17,Used,2626699.91,2318708.2,60,0
37,533607.71,320,1,New,1732794.2,1454426.24,72,0
39,673082.35,649,15,Used,1153166.99,839433.37,72,1
34,638008.96,461,3,New,2312363.61,2027943.11,72,0
44,1131376.28,547,13,New,1868998.7,1415620.86,48,0
39,919963.05,799,12,Used,3013239.5,2629460.35,72,1
25,908101.62,423,19,New,1668171.26,1334009.16,72,1
37,353876.03,480,12,New,3716864.73,2850846.06,36,0
27,869442.68,524,18,New,3004949.69,2116859.74,48,0
62,300000.0,636,5,New,1518011.41,1279405.99,72,0
41,777598.78,492,9,New,3352792.13,3003577.78,84,0
63,860552.21,587,10,New,2386892.25,2020835.2,84,0
42,1062937.65,424,14,Used,2754058.19,2273146.6,84,0
43,881294.16,612,5,New,749882.74,526396.62,60,1
41,858344.36,527,14,New,2197669.25,1812706.04,36,0
27,908393.24,471,2,New,3317243.63,2860655.88,84,0
61,917488.71,801,13,New,618804.34,508405.96,48,1
43,1216728.52,312,8,New,2853811.34,2535619.4,36,0
31,300000.0,471,0,New,997658.93,832535.04,72,0
29,896061.43,757,18,New,3088690.09,2561548.28,84,1
58,806666.45,553,3,Used,1032059.96,861217.13,36,0
38,1232337.39,307,19,Used,588052.95,461297.07,36,1
45,610032.92,484,8,New,3908770.91,3387307.44,36,0
60,944720.31,701,0,Used,2988467.85,2535513.0,72,0
24,1142814.88,709,11,New,3152496.12,2682401.47,60,1
34,522791.34,397,18,New,3398130.91,2827278.94,48,0
53,654555.77,403,9,Used,878398.68,679964.15,84,1
35,580746.32,375,9,New,872053.56,694197.29,84,1
39,1070410.81,519,15,Used,1312605.15,1172019.8,36,0
24,802880.11,394,19,New,1621905.13,1374785.37,36,0
45,300000.0,505,5,New,1326355.1,1139250.44,36,0
44,751712.57,314,0,New,2318159.86,2029151.56,60,0
53,512682.31,532,18,New,1219877.19,1095467.77,84,0
23,654251.63,397,6,New,3457390.69,2806926.18,48,0
62,1123083.85,770,14,New,1700425.41,1387563.13,48,1
33,529885.52,339,3,New,2790044.35,2386356.2,60,0
45,502885.27,328,10,Used,1061910.4,816634.5,72,1
64,948485.99,499,6,New,2010484.49,1639780.41,60,0
61,1048679.28,339,5,Used,1016754.63,909659.94,48,0
32,949595.39,446,18,Used,3369485.41,3015024.63,60,0
63,1582417.49,646,0,New,3718393.87,3257430.1,36,0
56,630591.41,398,13,New,1250077.15,1011411.73,72,1
41,571882.28,828,1,New,3301461.66,2416003.9,72,0
38,804360.41,613,11,New,2311669.55,1632099.11,60,1
51,938281.43,375,2,New,2663410.58,1944705.05,72,0
41,406514.7,488,10,Used,1320170.1,950752.42,72,0
60,1090691.45,705,5,New,3822989.65,3437474.07,60,0
48,833319.43,587,1,New,3775406.41,3314527.94,84,0
47,977469.35,845,5,New,1835809.37,1410066.3,84,1
56,834526.75,480,7,New,2926461.72,2077546.03,84,0
22,1229023.17,768,13,Used,3828017.23,2814173.43,36,0
37,715247.44,777,11,New,2660909.62,2050330.9,60,0
26,300000.0,502,0,Used,3833764.77,2998922.92,72,0
50,300000.0,785,14,New,1224335.8,885541.12,84,1
44,1046000.19,703,18,Used,1001739.44,899447.26,36,1
22,575539.48,367,13,Used,2982451.85,2612062.47,48,0
51,1053416.86,735,5,New,1035588.75,916595.42,84,1
29,1143202.5,838,19,New,853690.13,600850.28,72,1
49,510783.48,813,1,New,538849.98,418019.64,84,1
36,574976.59,433,8,New,709187.02,497750.4,60,1
30,867180.96,361,5,New,1603832.12,1163378.74,72,1
37,589610.91,740,6,New,3774695.94,2797858.49,48,0
56,994084.53,830,0,New,1111730.96,967940.6,36,1
50,813576.48,659,13,Used,3861458.65,3060317.32,36,0
32,669237.4,677,0,New,1212815.89,938687.0,84,1
42,729001.26,746,8,Used,3678407.46,2689884.51,36,0
63,542952.01,366,15,Used,3723234.42,3192644.08,72,0
34,522794.57,618,19,New,667170.83,494261.05,48,1
54,988277.71,529,8,Used,2083438.83,1606941.87,60,0
59,628159.46,547,13,New,3531787.53,2663287.74,48,0
48,359521.91,585,18,New,2908444.6,2544540.08,72,0
39,688315.98,336,17,Used,3137849.69,2605739.67,60,0
24,1232097.46,755,7,New,1047114.43,858129.93,48,1
46,1157643.88,694,17,New,1199143.71,851970.58,48,1
44,924546.5,698,17,Used,1274060.67,898103.41,84,1
64,570300.23,787,17,Used,1264298.29,928873.26,48,1
42,394915.77,792,7,Used,2720735.05,1961718.67,84,0
48,775978.28,540,3,New,2519589.19,1894407.56,60,0
62,701298.06,665,5,New,1569537.06,1362679.69,48,1
52,1265031.32,466,9,New,1215170.5,1070771.01,36,1
43,300000.0,689,12,Used,1837003.64,1488657.67,72,0
46,662405.43,342,8,New,3081082.84,2385661.52,48,0
27,1065345.66,544,2,New,1882580.03,1507030.2,48,0
23,961346.08,513,18,New,558998.48,409739.49,60,1
23,790265.81,347,5,Used,3010489.58,2590195.46,48,0
43,772792.35,309,3,New,1247457.5,1083283.54,36,0
22,1130557.7,634,12,New,884035.39,732373.34,72,1
28,932730.1,600,11,New,1739776.39,1313622.99,36,0
55,996090.14,654,8,Used,3760606.68,2641767.03,60,0
54,926879.8,449,3,Used,2237730.9,1791385.15,36,0
51,958075.15,310,2,New,3318649.7,2944246.62,84,0
25,1178442.5,639,9,New,2031998.61,1769442.57,48,1
27,1018714.03,510,18,New,3051387.57,2735763.21,72,0
61,782526.15,374,4,New,581792.1,419632.04,48,1
62,785461.66,561,4,Used,1516472.79,1321983.88,84,1
24,1517702.06,657,17,Used,1430919.46,1038545.3,84,1
51,711244.28,444,12,Used,2948794.77,2581483.21,84,0
60,435672.37,496,18,New,1227916.23,1053919.97,48,0
23,300000.0,345,13,New,1951557.9,1600619.65,72,0
40,1065939.47,338,6,Used,1016592.59,728959.68,60,1
33,978791.98,787,12,New,1813806.99,1362474.26,60,1
28,755725.36,365,1,Used,2407989.4,2097943.98,60,0
39,937994.11,428,0,Used,572771.5,483703.58,60,0
25,1100331.26,819,4,New,934010.93,717309.78,60,1
24,1157684.1,783,3,New,1889732.74,1645580.33,84,1
55,1261289.42,301,10,New,803995.42,566678.71,36,1
33,676642.46,689,6,Used,831839.14,646286.86,48,1
37,671524.89,552,4,New,3105254.19,2667256.05,36,0
41,462256.9,440,19,Used,1610676.61,1172109.43,48,0
35,663489.58,723,19,New,3414713.33,3008253.97,36,0
32,359376.87,632,10,New,2345074.3,1719162.94,48,0
36,1371430.48,742,8,New,1870833.32,1311317.46,48,1
33,1084030.74,339,6,New,2476294.36,1777420.11,84,1
33,655090.14,450,5,New,2812030.27,2121397.99,84,0
52,736546.93,669,16,New,2464429.92,2012644.17,72,1
26,748346.94,324,11,Used,1015852.62,785822.88,72,1
61,598216.26,331,10,New,1713526.63,1342362.59,48,0
56,1124849.82,648,0,New,1713903.58,1372131.53,72,1
28,730712.84,416,2,New,1372733.63,1184783.16,36,0
48,905607.05,800,6,New,3739085.61,3256302.63,36,0
39,987182.42,520,4,New,2444807.81,2037997.52,84,1
27,832962.63,650,9,New,740873.59,588320.02,84,1
23,768341.84,845,15,New,1368138.66,1208699.16,72,1
64,727044.99,414,3,Used,2441445.87,1957317.92,72,0
56,647827.49,666,16,New,2421421.69,2166543.05,60,0
49,359968.34,683,4,New,3500262.27,2575110.87,60,0
46,415397.91,630,1,New,700486.16,558061.53,60,1
44,1147026.21,599,9,New,1171576.67,963644.64,84,1
64,1171937.45,840,10,New,566442.53,469791.64,48,1
40,961119.4,782,19,Used,1229227.78,965440.07,72,1
43,734007.0,383,11,Used,2624099.16,2198946.26,36,0
38,792928.79,419,18,New,2488250.44,2075923.57,36,0
22,628307.17,834,15,New,2865386.61,2323416.69,36,1
32,1141438.94,744,14,New,1753569.05,1431748.91,48,1
47,745318.28,548,6,New,2959649.65,2398800.54,72,0
48,897140.54,784,1,Used,3813489.85,2679137.48,60,0
59,1440736.05,481,2,New,1092943.78,804507.58,84,0
46,748012.29,407,1,New,3893890.58,2917408.96,48,0
27,358375.28,580,17,New,944375.28,830609.24,48,0
27,1047246.95,481,10,New,2555158.25,1835448.21,60,1
30,878340.39,306,12,New,1747303.68,1338842.21,48,0
22,1251689.59,806,15,New,2533938.43,1809220.17,48,1
55,985336.24,779,13,New,3422731.33,2558917.66,60,1
32,1037325.57,372,12,Used,1672443.44,1483180.47,60,1
46,847160.36,593,14,New,3909368.76,3229352.84,60,0
54,872894.87,811,7,Used,2104701.59,1875504.09,36,0
25,778592.16,686,8,Used,1352556.68,1164223.98,36,0
35,329996.67,818,12,Used,3974647.25,3411820.04,36,0
44,913057.79,489,2,New,3178304.78,2512857.13,48,0
25,934295.93,607,1,Used,3002671.7,2127179.43,60,0
26,314769.0,309,0,New,878674.86,759859.22,84,0
54,1039655.69,542,19,New,601056.4,514694.52,72,1
63,509882.11,635,19,New,1789872.51,1609417.81,72,0
44,300000.0,545,8,Used,2522640.58,2109496.09,36,0
28,825852.75,688,1,New,631896.91,455471.44,84,1
25,1247281.1,672,4,New,635219.97,516047.95,36,1
57,603166.07,436,4,New,1278612.55,1100790.31,48,0
64,755617.4,494,0,Used,3447584.93,2625730.03,84,0
50,1455661.27,376,2,Used,1155386.03,934546.46,84,0
53,803539.21,404,5,New,1194236.53,897522.49,48,1
52,554606.07,626,4,New,3166132.32,2294809.3,36,0
31,772635.67,517,0,New,2481940.67,1801341.67,60,0
29,789194.36,350,15,New,2335180.41,1750462.14,48,0
57,516116.51,352,14,New,733330.79,527386.5,48,1
27,302527.52,471,12,New,951079.57,692903.85,48,0
50,999097.67,555,17,New,3380359.98,2958201.82,60,0
24,754897.49,700,13,New,629282.63,468625.7,72,1
35,934395.17,343,8,Used,1766573.02,1566583.41,84,1
38,854306.12,434,16,New,2554149.69,2230039.04,48,0
64,1106015.66,482,9,Used,1304274.87,1012253.38,60,1
39,367048.19,367,19,New,2058380.01,1750899.33,36,0
24,632653.63,409,6,New,650748.87,487125.63,84,1
47,1025300.59,847,17,New,1878816.33,1566740.02,48,1
53,430812.47,580,5,New,3384697.86,2903300.51,84,0
50,451532.48,545,5,Used,1062732.86,749052.07,60,0
53,300000.0,688,5,New,1209165.58,1059869.42,36,0
33,1312240.49,528,12,New,3980696.76,3193917.58,60,0
28,1231544.93,682,11,Used,2463379.26,1930130.23,72,1
30,842571.72,748,6,Used,1537214.01,1190163.16,36,1
40,690077.57,422,13,New,1143272.46,829974.02,84,1
55,303943.22,415,11,New,3322477.3,2897200.4,48,0
38,782907.59,301,8,New,2699635.63,1993333.4,36,0
50,300000.0,669,7,Used,552808.1,394663.23,84,1
28,497068.33,370,19,New,1926303.71,1654135.11,48,0
32,300000.0,528,10,New,1018717.69,715037.14,48,0
36,1037030.69,545,9,New,598064.77,463502.98,72,1
57,1077262.27,660,18,New,1988263.14,1473977.16,36,1
22,472869.93,699,7,New,1368148.87,970757.27,84,1
40,1210714.56,680,5,New,1778005.41,1538370.68,72,1
51,1107664.09,648,9,New,776487.4,682946.0,84,1
57,592654.4,330,19,New,2848131.74,2290630.49,84,0
23,807526.03,584,2,New,1699146.03,1469893.54,72,0
48,403597.91,797,9,New,2530979.92,2170953.14,60,0
45,601728.86,658,7,New,2748140.03,2451772.52,84,0
44,984982.46,741,2,New,2802545.48,2183173.63,60,1
27,931816.36,839,1,New,2624424.14,2175789.41,36,0
23,700766.94,716,12,New,2463441.38,1970848.23,36,0
49,520104.09,473,10,New,1248220.78,920805.03,72,1
27,496364.25,380,9,New,2383749.75,1758083.9,84,0
22,597013.68,597,10,Used,2468057.08,1875583.84,48,0
34,1133901.12,810,1,New,3214924.26,2703374.47,72,1
61,1285177.3,773,13,Used,3821791.59,3400790.14,84,1
56,1197073.9,839,8,New,3774585.52,2959199.13,36,1
32,834451.38,626,14,Used,536827.57,444418.59,48,1
56,958102.13,849,16,Used,2735069.99,2055393.03,36,0
41,687560.57,676,1,New,3770464.67,3230225.54,72,0
22,1261370.48,718,3,New,2547258.65,2226596.6,48,1
50,999798.52,439,3,Used,1160894.3,826388.75,48,1
25,1286169.16,332,1,New,2464606.94,2188749.18,48,0
27,472091.07,553,10,Used,3823739.74,3243891.11,84,0
54,686045.93,680,12,Used,2349722.95,1668140.76,60,0
64,990204.25,707,4,New,3317288.42,2475641.94,72,1
50,586481.63,342,1,New,1569763.82,1370000.94,84,0
58,300000.0,305,5,New,1647039.17,1413676.44,48,0
46,612967.98,404,8,New,3576683.37,3071940.04,60,0
37,911368.44,541,11,Used,1786204.74,1446654.04,36,0
62,1308950.57,738,3,New,2200086.0,1594566.83,60,1
48,983861.15,637,2,New,3819430.43,3380885.38,36,0
51,682653.28,662,13,New,788824.91,634791.74,60,1
48,300000.0,496,1,New,714795.49,611936.28,48,0
29,604287.33,425,14,New,3604892.22,3017286.57,84,0
53,931711.95,768,14,New,3339535.39,2988103.44,72,1
41,1337170.11,487,0,New,534690.4,399923.72,48,1
39,765101.24,732,11,New,1143585.11,814382.72,36,1
25,990071.55,766,1,New,1100245.31,772696.22,36,1
45,771433.52,426,8,Used,717103.97,536520.01,36,1
35,804438.18,540,4,New,1213774.62,1002308.21,72,1
57,703928.43,688,7,New,3437885.7,2946795.54,48,0
64,945495.79,615,4,New,884818.05,686308.0,36,1
34,593668.02,548,19,Used,3079624.66,2234222.35,60,0
36,588702.09,399,13,Used,852342.03,756380.78,72,1
27,1150785.23,539,12,Used,2738418.36,2408499.28,60,0
51,1007764.31,480,9,Used,545978.83,396045.81,60,1
64,785918.39,383,0,New,1948849.15,1625319.6,36,0
28,977737.04,558,1,New,2370475.13,1672525.13,36,0
52,513665.13,831,3,New,1992676.84,1513967.83,48,0
30,884316.4,338,2,New,1564107.26,1198298.67,36,0
37,967743.4,337,0,New,1980630.83,1517231.32,48,0
62,540851.54,629,11,New,3649743.95,3119405.83,60,0
27,531866.01,493,9,Used,2181680.56,1957263.78,36,0
44,912887.59,380,11,New,3546434.43,2683058.58,36,0
51,669556.96,307,10,New,646348.68,493820.35,84,1
22,737012.72,770,19,New,2329214.28,2008074.48,72,1
28,1197102.68,567,8,New,2086845.87,1702706.02,72,1
63,627318.28,573,17,New,575237.89,439788.01,48,1
23,1254799.13,460,10,Used,2086909.8,1530516.06,36,0
32,1015963.0,461,5,New,3384793.33,3043795.31,84,0
23,872024.47,731,19,New,1211221.87,1000657.27,72,1
30,300000.0,451,9,New,3963597.94,3031627.65,72,0
42,828458.22,418,4,Used,1186342.84,897758.23,36,0
27,1222848.3,655,4,New,1544339.21,1195564.8,48,1
24,835843.73,438,6,New,1703215.44,1530453.83,60,0
53,1134478.33,701,8,Used,774478.77,613621.61,72,1
45,548342.77,655,5,New,3509832.59,2916050.46,48,0
51,1007390.84,840,13,New,3068925.94,2211289.63,48,0
24,651100.99,741,18,Used,3267484.51,2636775.55,36,0
44,702278.38,668,19,New,2416856.44,1991185.93,48,0
57,659384.7,493,2,New,2334900.08,2050881.41,60,0
52,871540.44,679,10,New,3029992.12,2127583.19,72,1
49,1157833.47,700,13,New,2937762.87,2414542.23,48,0
31,791428.08,750,19,New,1382404.52,1013241.56,84,1
26,489865.58,663,16,New,3501692.11,2785591.17,84,0
45,594159.15,695,7,New,3979187.88,2943777.85,84,0
63,1158242.52,530,4,Used,3073632.74,2353752.32,84,1
57,1539440.95,690,10,New,3944922.72,2953997.32,36,0
55,300000.0,379,13,Used,3741258.02,2842464.83,84,0
26,873060.68,301,17,New,3232399.72,2471266.15,60,0
47,727181.76,367,1,New,3971600.61,3356397.9,48,0
28,823149.75,440,7,New,3226389.4,2284525.89,60,0
38,1003173.68,479,2,New,2278749.35,1950084.0,48,0
22,923747.59,333,0,Used,2323477.18,1636873.25,48,0
35,645409.24,648,7,New,1313813.09,942023.69,60,1
25,518945.81,813,19,Used,1724036.47,1311424.28,84,1
54,829206.06,721,5,Used,1028218.08,760734.29,84,1
35,405887.16,812,15,New,2834341.76,2195327.82,72,0
60,448447.04,601,19,New,3006361.05,2657583.86,72,0
61,693206.68,558,13,Used,2985217.38,2102617.63,60,0
23,692508.23,825,4,New,1153579.11,814160.57,72,1
45,968473.65,494,6,Used,3483055.64,2635025.22,60,0
25,1758116.81,794,11,New,2615470.22,1894776.69,48,1
26,681910.45,528,6,Used,3116463.37,2401496.52,48,0
50,1091196.85,308,7,Used,2994838.7,2479054.91,48,0
35,917497.96,601,6,New,3583670.54,2708849.43,36,0
64,630334.62,841,12,Used,1591740.22,1387969.14,60,1
49,728300.24,659,1,New,1799802.88,1410250.0,84,1
22,1474741.03,814,13,New,1580604.75,1176743.38,60,1
36,647887.36,604,9,New,2594444.36,1884470.5,36,0
42,670869.49,704,11,New,3307341.36,2413234.22,36,0
60,572461.24,388,4,New,2312948.54,1960447.15,84,0
34,757672.51,350,16,Used,522088.81,382475.88,36,1
37,567907.87,535,3,New,2844863.31,2242929.12,60,0
26,689800.11,786,14,Used,2823256.64,2340967.27,72,0
37,494656.65,356,3,New,508595.1,390277.75,48,1
63,567925.82,783,10,New,2632955.34,2184223.22,72,0
22,1354714.09,306,18,New,1920449.62,1385996.52,84,1
51,1202538.15,637,4,New,1396752.73,1076062.81,60,1
37,300000.0,664,6,Used,2696227.99,2227293.35,84,0
30,1040346.61,660,7,New,598059.67,527035.92,36,1
43,770944.23,434,4,New,3195297.21,2848080.44,84,0
59,401453.97,767,5,New,1509307.2,1288325.34,60,0
60,1438040.85,771,14,Used,1392014.14,1124100.14,48,1
31,864959.56,612,6,New,532206.91,451949.17,60,1
52,831944.52,418,19,New,1170392.45,925614.1,36,0
44,1108591.53,410,6,New,1351488.28,1070226.36,84,1
54,910577.13,389,5,New,2959621.23,2262369.86,72,1
58,842042.23,503,15,New,895563.07,627306.39,48,1
56,847054.92,509,5,New,677269.15,505199.43,60,1
35,510270.62,374,5,New,1980026.09,1397689.58,84,0
52,501745.45,322,7,New,2511575.57,2250037.02,84,0
40,591389.31,673,11,New,3627543.73,2659657.46,84,0
46,647241.57,608,1,New,1453386.07,1296249.35,84,1
34,890193.83,654,6,New,1433589.45,1173681.8,72,1
62,450308.99,630,3,Used,3578691.65,2876510.52,84,0
23,796430.17,300,13,New,3927923.97,2829709.04,36,0
54,734380.5,734,17,New,1171993.79,847757.77,48,1
64,837230.3,475,12,New,3690450.47,2763482.72,60,0
64,1059285.53,514,14,New,3744142.28,3179910.53,84,0
34,908536.25,632,2,New,2685617.0,2081780.33,84,0
64,734801.17,784,5,Used,557943.16,496987.52,36,1
52,786467.23,583,0,New,3358061.56,2559142.26,60,0
24,1047127.4,624,11,Used,2352829.57,2073103.14,72,1
50,1016394.88,499,6,New,3084441.94,2299142.9,36,0
37,1556044.15,723,15,New,3990875.36,3085638.88,36,0
35,841323.19,469,14,New,2883385.42,2354862.92,36,0
61,300000.0,595,8,Used,1136542.61,982520.74,60,0
44,1280822.32,727,10,New,3785830.78,3006083.67,84,1
25,883076.55,464,7,New,3158033.24,2776546.67,72,0
60,570141.0,433,9,Used,3725432.07,2978456.75,84,0
35,1282022.44,406,19,New,1207326.22,1048043.05,60,1
48,359369.1,787,16,New,706252.29,542849.63,84,1
37,610402.04,637,15,New,3711478.27,2840690.15,72,0
49,1142125.33,481,7,New,1241637.03,918024.89,48,1
44,1086100.49,763,16,New,632738.56,443986.19,72,1
26,713964.24,455,10,Used,1186200.96,1031847.69,36,0
53,882118.84,580,19,New,2439593.29,1824968.44,84,1
50,471166.0,387,11,New,2672693.63,2208565.72,72,0
60,408412.39,675,14,New,2491077.33,1784276.32,48,0
47,1142345.45,518,11,New,2809988.73,2305019.41,36,0
50,1379640.38,379,11,New,3908057.36,3069133.3,84,0
54,546984.56,813,9,Used,1938216.8,1599441.77,60,0
28,300000.0,815,16,New,2764643.83,2275109.11,36,0
38,511378.11,438,13,New,2890725.11,2088950.94,48,0
52,733266.45,719,7,New,2625522.66,2248710.58,36,0
41,1000993.22,502,5,New,1810133.1,1593711.67,72,1
50,578019.35,394,4,New,1347064.74,957795.8,84,0
45,991092.61,331,1,Used,1767209.24,1564306.59,48,0
26,547554.7,830,0,Used,686476.86,493726.89,84,1
38,1153811.93,710,7,Used,1616097.45,1238060.09,36,1
27,1091942.2,509,3,New,532608.19,426620.64,60,1
43,973765.18,365,11,New,3042202.86,2618249.34,60,0
35,1139675.57,375,6,New,1234270.73,1093892.03,48,1
60,897289.2,620,13,Used,3816850.26,2839901.9,60,0
51,467294.57,377,8,New,3533960.23,2571832.56,36,0
48,678578.85,592,12,New,2943118.11,2309018.91,48,0
26,1428554.43,751,6,Used,3884278.27,3113763.41,84,1
22,735483.8,390,12,New,3037031.68,2425297.21,60,0
24,628039.99,780,2,Used,1265384.12,1083271.79,60,1
24,1096705.66,770,18,New,3664597.3,2617592.99,84,1
43,756236.7,614,3,New,1861509.97,1502488.79,48,1
57,300000.0,405,3,New,3414222.43,2847665.01,60,0
40,873758.38,546,19,New,1297398.83,966137.71,48,1
30,300000.0,458,11,New,610073.43,436496.24,72,1
35,903888.83,590,3,New,3398779.99,2597683.58,60,0
46,622060.21,687,6,New,1704349.47,1232711.7,72,1
27,847152.0,824,0,New,1572171.72,1256279.78,84,1
47,556799.33,369,11,New,2537855.83,2267147.37,60,0
27,804576.55,751,11,Used,2988309.51,2571862.05,36,0
33,642191.92,415,5,New,1971137.35,1548495.38,60,0
40,758940.09,471,5,New,3552211.66,2899975.72,36,0
64,300000.0,394,15,Used,2119431.82,1810921.39,60,0
26,1211282.26,655,16,New,2452162.22,1961248.17,36,0
37,781590.67,564,9,Used,3624672.25,2543393.36,60,0
61,776001.49,617,7,Used,3298538.46,2664260.22,36,0
57,317098.52,564,1,New,3531760.23,2767787.85,36,0
50,400934.95,383,18,New,2267165.8,1657253.62,72,0
37,1191663.59,358,1,New,1873269.62,1421370.59,84,1
29,340349.4,517,18,New,3792445.07,3336425.22,36,0
28,758604.3,752,5,New,2315374.1,1630465.63,60,1
33,955382.29,728,12,Used,2134272.77,1688569.06,72,1
62,1310344.2,667,19,New,2509892.17,1816349.62,48,1
52,692497.61,733,19,New,2004821.31,1670927.69,60,1
27,1305401.78,579,2,New,2249346.94,1842895.28,48,0
54,878474.57,477,10,Used,1578673.44,1228982.32,48,0
49,592755.94,418,8,New,2287824.25,1798759.5,36,0
27,588666.82,737,1,Used,829107.83,653812.31,72,1
51,1080871.33,703,3,New,1983605.1,1709665.99,72,1
23,969258.8,365,19,New,1272934.62,955628.9,48,1
58,987061.95,785,12,New,762846.72,680183.67,84,1
52,850672.13,593,19,Used,3965419.29,2940716.03,72,0
31,1091437.67,354,18,New,2902518.13,2130091.55,48,0
55,1141804.26,736,8,New,1677059.32,1431961.49,84,1
41,468839.65,685,19,New,2709766.4,2013685.72,60,0
51,442039.85,702,14,New,3262679.31,2908936.96,84,0
59,1530112.91,616,18,Used,3507638.87,3036136.03,36,0
31,633314.97,450,13,New,839394.88,645499.5,72,1
38,1184935.41,530,2,Used,1386355.52,1025713.98,84,0
63,914488.44,562,3,Used,3658811.39,3072084.4,36,0
62,512940.19,354,5,New,3228372.98,2521615.35,84,0
22,898519.23,757,4,New,597200.75,436430.12,48,1
50,1094887.41,614,12,New,2794698.6,2363387.76,84,1
55,692297.73,476,0,Used,900898.72,698092.83,72,0
46,1155916.83,837,10,New,1106234.49,917616.6,72,1
31,844920.41,350,11,Used,1775511.57,1546671.04,84,1
27,742703.71,499,2,New,1812364.31,1305164.01,36,0
50,532371.43,771,17,New,1023240.56,795363.36,72,1
30,933405.81,630,13,New,1588165.72,1272775.21,60,1
64,300000.0,620,2,Used,3853003.41,3176076.96,84,0
61,930711.84,609,11,Used,1514436.38,1242825.26,36,0
52,1201421.69,479,1,New,3306576.12,2895022.79,60,0
25,1210421.66,389,1,New,2948879.77,2288887.51,84,1
54,885692.83,780,13,New,1939899.91,1431613.07,36,0
38,597678.61,333,0,New,1593040.33,1266897.24,72,0
52,796837.7,653,4,New,2511346.17,2207899.81,84,1
36,1260510.31,650,8,Used,2788208.17,2381269.78,60,0
26,882455.02,813,17,New,2021261.44,1590213.6,48,1
45,535194.29,633,2,New,2460188.94,1736044.28,36,0
45,937513.83,737,17,New,1688698.38,1348097.21,48,1
47,1342550.42,688,17,New,1549347.5,1142049.88,36,1
34,943890.81,579,0,New,2114583.47,1819093.23,36,0
24,885307.2,813,8,Used,2986385.94,2265847.48,84,1
40,300000.0,644,17,New,3441803.8,2706845.76,72,0
25,578938.75,691,6,New,949929.72,716227.41,48,1
63,919819.64,789,10,New,2445620.39,2024868.51,84,1
37,939725.53,764,17,New,3300023.35,2843294.24,60,0
36,592913.73,675,17,New,2856021.75,2142455.71,60,0
41,1006090.05,539,3,Used,3384251.74,2382385.14,84,0
64,300000.0,730,2,New,1837078.2,1622746.26,36,0
46,1047509.11,770,1,New,1555750.46,1265361.81,60,1
24,900331.24,743,2,New,3826473.54,3072270.43,36,0
52,694924.25,841,12,Used,3844527.36,2971710.7,84,0
25,840887.81,588,4,New,837155.06,602310.84,48,1
32,483924.34,656,17,New,1009411.29,718831.48,36,1
56,1349301.49,659,14,New,2440756.39,2183181.03,36,0
51,473444.91,341,17,New,2167741.12,1809629.42,72,0
61,943230.1,360,5,New,3448703.16,2930804.48,84,1
29,1108900.8,397,14,Used,3479603.64,3003070.18,84,0
49,1120261.13,428,6,New,2641891.38,2243289.14,48,0
60,1181496.88,300,17,New,2704213.22,2100391.69,48,0
40,1244787.45,779,8,New,963111.02,835896.06,48,1
57,678643.0,342,12,Used,3933658.65,2952423.99,60,0
23,300000.0,698,0,Used,1673893.86,1244918.17,60,0
31,979164.15,355,13,New,2857063.42,2460284.08,48,0
41,1000350.38,394,11,New,2591973.31,2156618.18,72,0
29,1025871.77,451,9,New,1043502.42,880634.23,36,1
36,1077859.5,676,17,New,2614366.88,2332243.19,72,0
32,768764.04,824,12,Used,2376376.45,2107090.2,60,0
32,631883.52,525,3,New,3879630.42,2923524.93,48,0
22,807303.29,411,17,Used,1693763.17,1272593.78,60,0
37,735135.09,792,5,New,2493988.89,2000051.53,84,1
42,1301120.86,698,18,New,2818699.02,2360075.0,48,1
59,704718.54,722,6,New,870030.59,732870.2,60,1
42,505461.67,672,17,New,3200845.13,2566301.66,36,0
22,849291.96,627,4,New,3360482.48,2484838.47,48,0
64,348413.66,486,11,New,3711473.13,2693480.79,48,0
39,333644.11,506,0,Used,3641683.78,2969261.75,84,0
42,1152572.79,416,16,New,3365318.09,2978754.77,84,0
42,753126.19,503,0,New,3265500.42,2510973.0,36,0
63,918582.03,647,16,Used,1169547.76,1008749.27,84,1
37,1064870.91,771,13,New,3113133.53,2575521.52,72,1
24,711567.21,645,17,New,1152241.28,961317.45,72,1
36,794066.73,604,11,New,768798.14,544292.26,84,1
47,397533.55,565,8,New,3806660.2,3296351.72,60,0
27,1400758.46,809,18,New,2633412.71,1918530.57,84,1
31,577730.41,720,14,Used,2855427.84,2237513.01,60,0
40,606894.11,408,7,New,1441410.65,1029857.33,48,0
30,779299.01,604,7,New,3894087.89,3341304.71,84,0
26,592415.19,831,12,New,2134866.25,1577507.8,36,1
64,861911.01,780,13,New,3907566.89,3383178.37,84,0
30,497149.67,776,19,New,2406932.16,1804472.09,36,1
60,1228312.75,681,3,New,574918.68,506298.2,72,1
40,988861.37,780,6,New,2974242.94,2303409.92,60,1
64,481760.46,521,1,Used,3308541.06,2542680.45,72,0
34,1206264.71,423,3,New,1429646.6,1039480.2,72,1
60,1253729.98,824,19,New,1297383.66,1145301.19,72,1
58,1184582.58,684,13,New,3988562.59,3311992.08,60,0
38,617228.85,725,3,New,2588223.39,2120556.96,72,0
54,1255260.78,362,7,Used,3490439.82,2914521.52,72,0
24,1033391.06,750,19,Used,3235765.96,2711895.6,48,0
47,1027946.87,604,19,New,3247121.55,2309336.59,36,0
41,1066512.35,388,0,New,1823001.75,1343374.69,36,0
62,1066710.95,463,11,New,620428.79,473893.9,84,1
28,939789.69,773,14,New,1832027.24,1605939.22,60,1
44,880713.6,304,13,New,3466165.38,2899799.25,60,0
25,1085415.24,552,16,New,584712.56,417121.19,84,1
41,932093.0,845,6,New,1388236.16,1246622.64,36,1
40,1052654.7,634,13,New,2126921.53,1788550.87,84,1
23,829379.62,652,6,Used,1004619.71,788877.46,72,1
41,1198569.93,715,14,New,2172944.36,1806581.16,36,0
33,819714.15,552,0,New,2141822.85,1859701.86,72,0
23,819610.1,513,1,Used,1133654.39,987438.73,84,0
60,784773.17,425,13,New,2683528.01,2151642.93,48,0
45,584431.78,645,11,New,3828021.82,3049673.51,60,0
44,887327.82,684,9,New,2790438.39,2060488.35,48,0
64,874155.76,632,15,Used,3570840.9,2941966.95,60,0
45,1344646.73,476,18,Used,3316250.63,2605274.68,72,0
38,1062043.44,645,10,New,2162311.34,1547877.4,84,1
29,1117407.64,538,11,New,723340.3,546801.02,60,1
46,782193.0,400,3,New,1679495.48,1313896.96,72,1
50,300000.0,673,5,New,3450571.07,2508456.47,84,0
30,1311361.06,730,13,New,2985604.25,2358133.1,36,0
36,737637.68,375,10,Used,2230744.03,1918373.01,84,0
23,1119377.82,534,16,Used,1745526.3,1266337.9,72,1
61,902139.44,810,15,New,1870434.66,1361549.13,36,1
55,901298.15,690,15,New,1876076.99,1322482.91,72,1
58,731931.19,566,1,New,1274308.81,1006075.48,84,1
40,654460.5,625,2,New,2752500.58,2075796.77,84,0
28,831074.21,361,3,New,1306116.19,988213.29,48,1
23,358653.51,811,0,New,2687777.26,2152704.02,60,0
26,501482.03,825,10,Used,2988695.62,2119486.18,72,0
35,708999.19,623,11,Used,918021.4,722585.43,48,1
22,500269.38,626,11,New,1946127.98,1740337.13,36,0
22,418790.88,651,5,New,1483522.11,1287313.55,36,0
34,448154.76,471,16,New,2235456.42,1654188.54,36,0
58,578090.82,633,17,New,983896.45,759033.81,72,1
64,817238.13,536,13,New,2438213.29,1784187.36,72,0
36,928486.45,626,14,New,595640.78,470379.32,84,1
49,764241.07,628,19,New,913405.67,681737.53,48,1
39,1117121.9,411,1,Used,568900.42,486328.54,84,0
44,875901.77,800,9,Used,682591.16,581939.13,84,1
64,300000.0,724,1,New,576043.38,422856.17,84,1
28,907926.07,418,2,Used,2924285.6,2229400.9,84,0
61,443819.21,676,10,New,2871246.8,2447405.83,48,0
41,463504.81,790,8,New,3354069.86,2440971.6,72,0
49,763950.34,360,1,New,2636105.52,2066340.28,48,0
39,381790.98,596,0,New,3382358.56,2640755.3,60,0
47,1318024.44,524,9,New,2452541.49,1778162.74,72,1
52,796693.9,390,17,New,2785020.59,2291751.36,48,0
61,833222.63,800,8,New,3677484.9,2993825.13,84,0
29,614972.83,603,13,Used,1614010.9,1400124.84,36,0
27,1390824.94,740,16,Used,882104.34,691012.17,84,1
43,1647988.02,463,12,Used,730845.88,622119.99,84,1
47,1086508.71,566,8,Used,3338970.6,2904095.18,60,0
29,613634.14,592,1,New,3819519.78,3425218.82,60,0
51,940757.54,540,12,Used,1783131.15,1354262.06,60,1
56,809527.65,619,10,New,2142361.6,1903216.02,72,0
43,418042.12,609,11,New,1563083.36,1211713.62,72,1
45,619314.85,494,8,Used,3149954.11,2398931.65,72,0
45,1012372.85,562,1,Used,2606878.65,2088893.53,60,0
31,1100549.47,751,8,New,1365426.06,1199928.52,36,1
31,800719.77,669,17,Used,921508.7,743960.83,84,1
52,655494.25,539,9,Used,2991184.73,2116473.38,36,0
51,1124001.34,603,13,Used,3062876.97,2385079.34,60,1
54,569036.96,300,1,New,1838967.48,1345968.31,48,0
62,1343171.1,307,7,New,1511039.48,1195405.99,36,1
28,1095341.64,650,13,New,3670572.2,3261417.15,72,1
31,633786.26,743,5,New,2106961.4,1672216.54,72,1
38,659195.41,303,8,New,540532.48,421061.84,60,1
43,1136764.69,639,18,New,1967690.02,1502669.27,84,1
43,1194595.84,321,4,Used,2437856.59,1734259.33,36,0
33,1183196.96,788,16,New,2921775.29,2199914.12,48,1
30,1292948.68,467,17,New,3958520.29,3527435.59,72,0
36,912494.67,738,7,Used,1782134.07,1540050.04,84,1
45,1002395.24,380,8,New,1996668.93,1492575.85,36,0
51,766678.7,375,16,New,1927602.94,1487159.06,84,1
23,300000.0,541,19,New,2818661.21,2094669.13,36,0
57,610472.23,744,17,Used,3935657.4,2943829.02,48,0
46,975313.22,631,2,New,3245974.75,2471317.47,72,0
61,863366.44,847,6,New,674884.06,576603.6,60,1
64,487683.95,339,8,New,3534160.29,3120808.64,60,0
46,1172440.5,610,12,New,2154286.67,1931563.18,48,1
35,1000927.17,547,1,Used,1894157.84,1531046.84,84,0
22,1067433.13,320,1,Used,1888859.5,1364157.25,84,1
33,702107.05,427,5,New,1245120.18,993054.33,36,0
43,552199.73,350,19,New,1999647.75,1543774.05,84,0
39,563730.45,752,14,New,1225974.84,1062800.59,48,1
28,665274.06,776,7,New,2740709.7,2432993.14,36,0
41,468190.58,705,0,Used,1680859.12,1328866.91,72,1
40,626532.05,354,8,New,3742157.68,3302845.38,48,0
63,1330563.79,713,18,New,1119146.7,967889.76,72,1
22,300000.0,555,2,Used,2278025.53,1623369.19,36,0
35,765386.84,404,16,Used,3508283.38,2467762.38,72,0
59,1036793.74,749,16,Used,2061111.76,1829167.48,84,1
51,923294.86,844,13,New,630102.66,477747.81,36,1
46,300000.0,836,17,New,1296171.19,954286.12,48,0
45,870546.56,369,7,New,527194.52,456886.82,48,1
35,1103029.69,365,12,New,3287850.23,2958277.74,60,0
23,565356.31,536,10,Used,3532165.33,2982708.92,48,0
33,1193467.81,605,19,New,1663370.68,1348546.41,36,1
32,558930.58,702,2,New,895792.94,792871.41,60,1
59,597250.46,532,17,New,1210042.64,979324.42,36,0
44,1124847.5,445,4,New,3112883.11,2473567.25,48,0
25,868514.5,321,1,New,1197813.71,921134.37,84,1
53,1206208.04,478,3,New,994397.26,717136.28,36,1
32,1015518.23,652,9,New,1463640.67,1221362.9,84,1
23,1283979.81,681,14,New,2577879.36,2033131.43,36,0
39,717078.66,353,0,Used,2760027.15,2403063.74,48,0
44,979816.39,791,15,New,861279.69,651141.24,60,1
39,706396.87,790,8,New,3062511.09,2755745.51,84,0
44,849787.18,776,18,New,2952195.24,2380111.32,48,0
44,730437.43,640,10,New,2211303.65,1646294.22,60,1
58,1051723.91,455,19,Used,836831.82,695674.99,36,1
34,731357.96,400,0,Used,3008771.66,2154206.97,72,0
32,852513.02,405,3,New,2805000.17,2354174.54,60,0
51,930265.37,433,13,New,1663816.53,1263375.06,84,1
25,1316433.36,393,8,New,729323.41,555239.09,72,1
52,728606.45,586,4,New,2151018.49,1928457.24,60,0
57,922125.1,330,11,New,1281953.82,936045.8,72,1
23,512826.79,632,19,New,998874.29,775029.39,48,1
45,900545.98,349,9,Used,1519162.5,1074524.87,36,0
52,483700.83,717,18,New,2194507.83,1896345.93,60,0
46,300000.0,561,5,Used,886272.67,780441.21,72,0
31,806611.13,386,8,Used,3538118.78,2950872.85,60,0
63,471846.43,793,0,New,2481361.49,2230873.93,84,0
28,550244.96,703,4,Used,2904938.73,2295988.84,84,0
29,1112841.92,497,13,Used,3995537.12,2959145.29,60,0
36,300000.0,649,7,New,2945733.05,2311211.12,84,0
42,749832.59,519,12,Used,1288727.85,1132375.12,60,0
51,1038070.67,429,18,Used,3770260.33,2718557.97,84,0
25,924077.45,662,11,New,2193103.07,1538539.09,60,1
32,737733.69,491,6,Used,3447394.07,2761397.91,60,0
48,933484.3,474,0,New,1822566.09,1374076.34,84,1
44,537827.52,574,12,New,3107778.48,2513733.35,36,0
29,899328.3,689,1,Used,720941.68,623255.05,48,1
24,1117746.37,501,1,New,2963419.95,2620081.83,72,0
30,843008.31,447,11,New,2966622.92,2416389.33,48,0
59,511881.94,714,12,New,1156749.56,887314.39,36,0
44,929281.96,513,19,New,2350813.35,1976045.61,84,0
57,792262.99,630,4,New,3485912.13,2896346.36,48,0
53,700324.68,646,3,New,3435914.78,2994791.77,72,0
58,854033.37,450,14,New,1583692.64,1196593.93,60,1
38,802290.17,496,0,Used,847455.23,714839.05,60,1
49,706724.27,503,6,Used,1890180.81,1342503.13,72,0
29,978765.13,808,9,New,2613981.61,1970082.45,72,1
32,651506.96,715,3,Used,982719.11,879928.85,48,1
45,1061506.65,351,5,Used,1906914.04,1401728.57,48,0
34,429778.03,794,6,New,3761833.38,2663804.08,84,0
45,1002143.99,651,2,Used,3074293.39,2471611.11,36,0
28,1374938.98,532,8,New,2734827.05,2401371.39,60,0
60,928683.73,398,19,New,3883030.37,3482543.97,60,0
50,868777.48,627,5,New,1804585.93,1550461.05,84,1
41,935512.83,721,14,New,1338135.38,1172512.95,84,1
48,361127.2,814,15,Used,1078288.71,807355.41,48,0
36,449848.8,436,8,New,688901.7,525182.59,48,1
50,990925.82,316,4,New,3063654.58,2305103.62,72,0
50,783012.21,468,7,Used,3905182.15,3205606.66,48,0
24,1087568.17,804,15,Used,2906997.58,2416332.74,60,1
29,300000.0,316,1,New,2218048.94,1929268.28,60,0
24,1150593.92,849,12,New,2128183.14,1841896.84,72,1
53,942610.5,701,10,New,2366036.04,1931966.15,84,1
36,884107.82,794,5,New,3959329.2,2942266.19,72,0
34,621517.69,349,3,New,941016.94,750540.39,72,1
41,1191415.77,638,3,Used,3843406.56,3384000.04,60,0
37,574543.63,409,4,Used,3255650.81,2414467.32,36,0
57,1172329.79,474,9,New,1213058.03,1027323.6,36,1
57,1153117.32,522,2,Used,1776635.81,1247131.63,72,0
47,738662.08,712,0,New,1936886.29,1505409.72,72,1
62,492443.69,628,1,New,925372.49,701238.06,72,1
49,603155.76,658,0,Used,3555182.23,2821457.74,60,0
63,316341.81,738,19,New,2639048.19,2069152.77,84,0
24,1143803.84,510,11,New,2840412.5,2121922.94,72,0
54,1129815.68,731,7,New,859482.51,617657.91,72,1
32,861164.27,685,17,Used,2247061.08,1964552.29,36,0
58,613489.15,397,2,Used,862559.04,728195.29,60,0
60,1189167.8,640,8,New,2607823.29,2086666.79,36,0
45,1111653.45,432,2,New,911502.64,770237.09,48,1
44,1244793.41,662,10,Used,2185200.7,1965140.79,60,1
28,682376.55,735,4,Used,965671.6,836734.52,36,1
63,678423.49,696,0,New,2850065.0,2110211.33,72,0
53,706049.96,660,15,Used,2049248.13,1494860.51,48,0
62,300000.0,628,16,New,745735.48,604268.0,36,0
42,831164.81,644,1,New,3232469.08,2905469.64,36,0
22,504918.74,624,7,Used,2074968.27,1544427.74,84,1
56,801868.42,487,5,New,2251639.73,1907858.88,72,0
23,1037400.15,413,12,Used,1740029.09,1366123.86,60,1
57,1104171.91,599,19,New,3022076.42,2588356.08,48,0
62,1035644.66,643,15,Used,2911330.4,2149929.93,48,0
61,361203.84,722,5,New,1098411.76,981164.22,60,0
26,765422.87,716,13,New,3618600.78,2787634.1,36,0
64,300000.0,373,14,New,3619236.22,2827855.8,36,0
30,1101193.77,628,15,Used,1138431.37,859291.37,60,1
40,426033.69,514,1,New,791804.19,638701.44,36,0
32,915180.06,302,6,Used,3122436.66,2404737.3,60,0
27,1303026.92,600,10,New,542388.54,422756.11,48,1
58,706090.85,422,0,Used,1309786.94,1005100.22,60,1
22,1005765.04,625,4,Used,1412101.15,1243940.98,48,0
55,486594.72,357,17,New,2978710.29,2346708.74,84,0
44,300000.0,591,15,Used,3878383.99,2759164.62,84,0
35,907453.2,653,18,New,2831334.74,2159852.18,60,1
33,1004997.88,337,9,New,3005147.84,2193818.36,36,0
45,1040620.41,689,3,Used,2668619.42,2306997.46,60,1
50,1019846.89,558,12,New,2205895.57,1686398.06,84,1
42,716923.08,837,7,New,878985.08,643711.87,72,1
64,737533.72,844,9,New,2525033.89,2012352.07,84,1
59,662285.74,492,12,New,2977714.75,2552580.19,48,0
48,583032.99,764,4,New,1247554.47,1110083.86,84,1
58,927142.7,592,12,Used,1186141.79,990978.37,60,1
62,898992.78,482,13,New,2643266.17,2167677.77,72,0
53,588800.99,415,12,New,2102434.86,1619721.94,48,0
35,481919.09,382,12,New,3854833.43,2863251.96,72,0
28,547399.78,849,11,New,1522903.41,1211904.75,72,1
52,518738.23,658,13,Used,1383001.74,1235547.6,48,0
61,566615.11,701,3,New,586215.44,456053.55,60,1
40,758221.3,302,11,New,1187000.21,880468.32,48,1
48,670843.94,432,8,New,2730453.33,2006304.16,36,0
43,876168.57,515,13,Used,1954170.18,1652819.74,84,1
23,995995.5,590,1,New,1909341.29,1429733.05,60,1
63,537264.74,317,19,New,2513485.82,2147499.56,36,0
52,887487.73,327,9,New,599267.9,425584.44,60,1
51,999930.19,691,19,New,2330494.74,1909128.71,36,0
41,300000.0,551,3,New,772552.73,558630.3,72,0
55,419307.89,509,11,Used,3100349.04,2447279.07,48,0
29,1072307.91,564,3,New,2670741.52,2145044.66,36,0
47,611262.21,784,16,Used,3198208.24,2447376.17,48,0
33,779736.92,679,6,New,616411.09,458661.19,36,1
29,815000.44,815,4,New,2781371.07,2498290.25,36,0
61,1094409.01,373,4,New,3480102.32,2962981.74,60,0
27,516985.82,714,16,New,2655027.74,1984791.07,84,0
61,792472.6,768,10,New,3273332.63,2889306.83,48,0
44,839426.85,636,9,New,1603697.21,1129228.41,84,1
48,1052468.3,563,9,New,935238.64,771823.84,84,1
46,890849.86,571,18,New,1112078.81,984742.82,48,1
42,1167327.57,820,3,Used,3832740.76,3221030.89,60,0
37,1016026.46,472,2,New,2522255.89,2148335.65,36,0
42,699126.51,587,4,New,3875775.42,2793719.28,72,0
36,789763.21,600,4,New,882886.23,701297.76,72,1
50,465936.69,369,5,New,2671076.59,1910091.05,72,0
27,1273773.45,692,18,New,816604.96,591643.03,72,1
54,638912.81,432,11,Used,643400.17,494772.44,72,1
42,1172658.39,506,10,New,3059342.16,2666539.17,48,0
31,505452.59,705,1,New,3692747.06,3237235.86,84,0
22,687731.95,833,4,New,2673563.19,1883505.02,84,1
56,1317995.51,424,4,Used,883627.28,697253.87,48,1
44,792234.41,559,5,New,3275674.18,2474788.1,36,0
39,961511.49,586,15,Used,3128702.17,2450728.19,84,0
28,964783.79,509,1,Used,3481976.05,3119692.85,48,0
59,780692.28,661,12,Used,2856945.74,2310708.82,36,0
46,639551.4,627,12,New,1335148.67,1081568.92,84,1
48,1095530.51,762,4,New,3038002.66,2374060.64,84,1
41,671691.48,450,7,Used,2851551.47,2355590.72,84,0
54,1325995.78,769,1,New,2341836.18,1790614.27,84,1
55,336380.63,595,14,New,2010912.64,1544402.96,72,0
54,845492.07,353,13,Used,2282073.32,1698625.33,84,1
57,793012.92,379,6,Used,665278.06,495088.44,84,1
37,928737.19,405,7,New,1371549.88,991169.62,84,1
58,1043141.92,782,8,Used,2665563.49,2301754.47,48,0
54,660070.02,697,18,New,2327705.43,1636085.48,84,1
33,830429.35,334,1,New,1098366.54,968508.43,36,0
47,955439.5,697,6,Used,862582.46,609559.35,36,1
46,770337.85,799,3,New,3486939.51,2944648.62,72,0
57,1339137.52,695,2,Used,2245718.97,1986977.15,84,1
55,987020.13,781,0,New,2113745.74,1828346.91,72,1
60,1344386.93,320,19,New,3287316.45,2571809.81,48,0
60,556712.95,357,1,New,1399611.15,1113820.68,36,0
38,1033890.44,847,5,Used,590783.43,485276.98,48,1
40,977889.73,350,8,New,982439.64,710807.12,60,1
43,542592.99,565,0,New,1877364.87,1523782.48,36,0
46,555380.05,623,12,New,1247457.56,894802.49,48,1
52,401366.58,339,17,New,1478669.32,1224369.03,36,0
55,912763.84,459,0,New,813520.53,706735.62,36,1
58,944174.45,414,8,New,1385617.47,1116979.69,36,0
51,709699.53,350,17,Used,1267916.5,974484.93,48,0
44,1329896.42,460,3,New,878249.08,634224.28,36,1
33,746374.97,496,5,Used,1906489.3,1360573.26,60,0
50,1303361.95,332,10,New,3624672.84,3233313.69,72,0
59,1152463.43,621,1,New,3407891.32,2555370.57,36,0
44,516078.35,581,1,New,2788844.83,2171278.62,84,0
37,300000.0,310,8,New,1681618.22,1359511.41,36,0
35,1407010.27,414,10,New,3344946.43,2783512.74,72,0
55,949144.39,538,2,New,2544688.02,1983974.83,60,0
36,740055.91,394,8,New,3333562.34,2816298.51,48,0
30,936549.8,410,7,New,886711.37,634300.59,84,1
37,555230.49,709,3,New,2358405.36,2033643.25,72,1
43,872088.23,388,11,New,2309336.31,1880900.36,60,0
22,488510.43,777,16,New,2604273.25,2134531.74,48,0
51,1228331.81,563,2,Used,3898984.85,3275428.2,60,0
22,939978.85,365,19,New,630207.83,475382.12,72,1
64,470732.26,460,13,Used,1242307.61,965007.48,48,0
45,342118.37,692,18,New,3445192.2,2800483.46,60,0
33,881663.63,384,8,New,2364996.32,1853780.24,72,0
58,1126151.81,828,13,New,3744125.49,2738099.68,48,0
55,745866.99,654,14,Used,2084125.93,1797352.83,48,0
45,339222.48,736,11,Used,1733552.24,1345753.81,48,0
57,484839.59,761,8,Used,1439216.08,1016520.96,72,1
52,335110.89,531,1,New,3409637.01,3034598.96,48,0
38,376658.91,321,1,New,755162.07,636692.45,48,0
36,328321.33,738,10,Used,2299629.49,1837772.0,72,0
25,629535.18,612,17,New,2176208.52,1753833.46,72,1
48,452011.68,445,12,New,2379410.58,1974623.41,72,0
57,626572.27,612,15,Used,1160577.43,911556.59,72,1
62,635508.9,617,12,New,3489070.6,2549833.78,36,0
62,881645.33,380,0,New,3412082.25,2770135.27,84,0
44,1229810.44,406,8,New,2276708.54,1845673.47,84,1
59,544211.07,362,7,Used,1476541.16,1316162.61,60,0
40,1004663.23,345,0,New,3483186.68,2481149.01,36,0
58,1220485.86,815,8,New,1622108.85,1144582.08,84,1
39,930710.47,543,14,Used,3468905.37,2582336.31,84,0
46,388705.91,816,1,New,2120947.59,1590316.6,72,0
