applicant_age,course_category,uni_ranking,gpa,loan_amount,parent_annual_income,parent_credit_score,approved
28,STEM,296,3.76,1360744.01,2104474.45,505,0
18,Management,112,3.5,2352095.56,709762.03,373,0
25,Medicine,45,2.45,3454998.99,304448.76,388,0
27,Management,114,3.71,2467557.45,1427032.2,499,0
20,Arts,193,2.25,2570099.66,2868285.08,635,0
25,Management,193,2.06,2020204.2,2245534.79,627,0
22,STEM,419,3.6,1577999.58,2730734.36,582,0
24,STEM,56,3.51,2526806.93,1703144.52,571,0
20,Management,25,2.15,1617952.52,685689.83,483,0
26,Management,306,2.43,3681392.32,1311257.4,383,0
22,Medicine,360,2.59,1765953.52,684109.75,504,0
24,Arts,240,3.9,1289097.14,1182964.96,518,0
29,STEM,346,3.21,390170.68,1602756.05,469,0
29,STEM,321,3.29,4800489.9,1038121.36,623,0
24,Arts,129,2.31,3425612.59,505721.51,575,0
21,STEM,307,2.34,1178414.01,2703609.36,543,0
26,Medicine,276,3.08,605918.22,343430.5,803,1
21,STEM,43,3.84,942302.2,2783057.96,487,0
26,Medicine,197,3.57,4816297.29,1879303.71,823,1
23,Management,165,3.82,2719958.1,1589549.19,394,0
27,Arts,323,3.25,4851202.95,2859507.83,315,0
19,STEM,173,2.46,4071721.35,2701422.38,652,0
22,STEM,482,3.02,1789871.11,1369915.87,495,0
20,Medicine,59,3.55,1287653.98,1357144.03,607,1
18,Arts,382,2.13,426254.83,2637321.16,647,0
23,Management,191,2.35,1851694.9,2476430.12,575,0
22,Medicine,387,3.14,3125531.08,2940374.99,575,0
26,STEM,138,3.26,3491602.25,2547187.74,501,0
24,Management,93,3.67,4572669.6,2558690.15,498,0
21,Management,70,2.49,1862657.76,532849.22,531,0
25,Management,225,3.4,1248944.0,1602084.38,379,0
27,Management,248,2.92,2248546.78,1040423.41,837,1
20,Arts,411,3.32,1979901.05,2531721.67,429,0
29,STEM,95,2.48,3206488.42,2275205.23,491,0
25,Management,393,2.4,1905052.66,2993715.39,802,1
20,STEM,405,2.73,3101099.21,353513.09,808,1
26,Management,259,3.44,1218545.49,1558662.0,648,0
24,Medicine,409,3.12,3891891.3,2792505.87,809,1
25,Medicine,359,3.99,4868096.16,657198.19,699,0
25,STEM,166,3.09,1674218.56,2405932.76,492,0
19,STEM,334,2.28,4879145.76,839407.43,623,0
18,Medicine,277,2.61,4097423.31,2871188.42,390,0
29,STEM,404,2.12,966000.29,2354264.7,512,0
20,Management,274,3.36,708476.05,2422161.35,417,0
29,Medicine,418,2.09,2715927.6,337123.51,608,0
23,Management,253,2.46,1818143.64,2723669.2,415,0
26,Management,13,3.76,2877147.44,1043890.95,454,0
29,Medicine,203,2.77,3507586.21,2472462.18,383,0
29,Medicine,257,3.72,3768650.58,931289.77,694,0
25,STEM,379,3.84,4573550.45,1311153.55,397,0
22,STEM,261,2.09,3052590.08,1651695.27,313,0
20,Management,258,2.18,4987917.0,2273775.09,836,1
19,Management,407,2.54,2420714.56,2397225.54,692,0
23,Arts,49,3.37,821884.94,1003915.55,830,1
28,Arts,275,3.67,694325.4,640135.34,515,0
28,Management,461,3.43,3875433.99,1343498.27,711,1
26,Medicine,190,2.91,2978758.19,2035692.67,391,0
28,Management,25,3.69,1479586.14,632938.87,593,0
28,STEM,344,3.14,2492415.53,2701426.85,337,0
29,STEM,435,2.29,3927207.68,2480111.33,687,0
26,Arts,375,2.7,998165.13,312784.65,442,0
27,Arts,338,3.08,2904046.26,666522.24,329,0
29,Arts,375,2.89,1462114.23,797161.47,500,0
24,STEM,289,3.48,1379780.09,1355546.29,588,0
20,Medicine,392,2.33,3039852.41,1002776.2,691,1
29,Medicine,150,2.47,1863998.05,2738625.49,816,1
23,Management,120,2.69,4172166.21,1759831.6,542,0
24,Medicine,288,3.49,519361.83,2670676.84,535,0
21,Management,28,2.55,3406693.9,2015308.55,607,0
22,STEM,48,3.3,1351806.06,2677061.56,339,0
22,Arts,140,2.21,1588742.5,923677.72,800,0
27,STEM,460,2.32,3751219.09,1554440.62,782,1
25,Management,421,3.84,4099719.95,992984.95,489,0
20,Management,5,3.99,1713523.35,1107354.53,461,0
23,STEM,469,2.78,668301.07,1481612.63,690,1
28,STEM,123,2.68,3099169.84,1311439.87,605,0
19,STEM,93,2.25,1313372.22,1592401.87,808,1
25,STEM,59,3.96,442200.94,2754254.76,378,0
19,STEM,209,3.95,3408746.68,716991.6,309,0
29,Arts,410,2.69,3113838.67,979318.03,371,0
20,Management,185,3.8,728654.24,2900416.53,383,0
21,STEM,476,2.65,2518321.74,1707725.63,490,0
18,Medicine,225,3.92,4307704.76,2696767.18,545,0
28,Management,372,3.51,762516.5,2242498.32,537,0
18,Management,5,3.23,4869556.97,2088017.84,602,1
20,Management,322,2.26,1329490.39,2891601.42,571,0
26,STEM,175,2.61,740832.8,2582833.77,725,1
22,STEM,372,2.4,3497854.09,414523.43,460,0
22,Medicine,153,2.4,2970084.07,2159774.07,711,1
26,STEM,267,2.44,1574427.71,2514027.71,699,0
18,Medicine,411,2.14,4849771.33,987198.0,768,1
27,Medicine,210,2.13,703363.77,345946.66,502,0
25,Management,265,2.72,4495643.9,2270848.46,777,1
23,STEM,485,2.37,4034780.67,413002.88,451,0
25,STEM,486,3.77,3207269.98,799701.74,620,1
26,Management,27,2.18,4009634.02,1146712.51,623,0
27,Medicine,108,3.86,3746133.99,1761475.32,449,0
25,Medicine,339,3.15,4106060.33,1525657.04,821,1
26,Medicine,408,4.0,2739611.4,812806.07,314,0
25,Management,306,2.55,871872.61,1737350.1,355,0
24,Management,499,3.11,3791852.27,1994726.39,613,0
24,STEM,114,2.9,1214532.22,513444.29,829,1
18,Arts,332,3.28,504979.32,1791753.93,524,0
19,Management,228,2.32,2546379.03,845619.15,682,0
20,Management,432,3.05,3985067.86,2281578.3,689,0
23,Medicine,411,2.54,4941928.6,697250.39,305,0
25,Medicine,5,2.03,4288506.88,2169697.61,427,0
24,STEM,424,3.16,2547730.19,2591291.99,713,1
21,STEM,46,3.43,1830729.99,1817105.4,606,1
25,Management,66,2.83,866884.0,2965577.23,713,1
19,Management,369,3.66,3608468.06,1036827.69,347,0
26,STEM,455,3.67,1110094.11,2187143.45,687,1
24,Medicine,494,2.92,354653.49,2392532.76,394,0
23,Arts,168,2.28,1364154.24,377867.72,769,1
26,Medicine,375,2.83,1770574.23,2975174.89,785,1
19,STEM,246,2.64,4675153.88,1566387.27,532,0
25,STEM,51,3.49,1480000.56,2165457.53,486,0
29,Medicine,203,2.1,1129900.24,494593.18,681,0
25,STEM,459,2.69,4593990.66,1822159.37,662,0
27,Medicine,374,3.39,1325786.37,2190675.64,713,1
29,STEM,288,3.63,4643597.29,795390.26,691,1
27,STEM,352,2.56,287873.71,657429.59,359,0
27,Medicine,303,3.85,921726.0,2088206.49,763,1
18,Arts,36,2.7,3793850.07,997238.85,543,0
22,Arts,79,2.18,1211164.38,1537225.79,349,0
26,Medicine,110,3.54,4880965.19,2973884.3,762,1
21,STEM,422,2.45,3542317.94,1251433.24,762,1
20,Medicine,148,3.46,4921458.37,595590.64,645,0
21,Medicine,160,3.19,3699204.0,367656.08,737,1
19,STEM,481,2.44,3989631.59,2080265.39,439,0
27,Management,214,2.93,1813252.45,753451.54,710,1
27,Management,396,2.8,2969199.17,2051897.07,491,0
24,Medicine,324,3.54,438227.47,895511.23,390,0
19,Medicine,213,2.78,3283670.77,1874478.85,420,0
27,STEM,283,3.92,2757330.98,2915858.05,430,0
29,Management,170,2.02,1891539.04,1313637.97,828,1
20,STEM,178,2.6,2247443.07,486200.88,467,0
20,STEM,321,3.22,2997510.58,1341717.05,656,1
26,Management,465,2.08,2585289.71,2083830.7,408,0
18,STEM,256,3.51,2376230.69,1852896.3,379,0
29,Management,130,3.98,2682201.41,1547888.19,660,0
21,Medicine,323,2.58,1246904.04,1431472.43,516,0
28,Medicine,494,3.16,4185871.09,326387.52,540,0
29,Medicine,312,2.97,3353977.13,342209.49,630,0
23,Management,157,3.09,4222096.94,2376940.23,457,0
27,Management,442,3.66,4856687.46,2352384.25,764,1
22,Management,495,2.73,4315370.62,2615100.19,625,0
22,Management,6,2.81,2312284.43,1091086.16,493,0
29,STEM,186,2.84,335269.01,2348573.57,609,1
23,STEM,269,3.14,2269969.11,1125763.74,482,0
22,Management,181,3.5,737487.93,2229871.89,532,0
29,Management,495,2.13,1209865.79,810036.32,426,0
20,STEM,2,3.66,4969117.85,906557.68,615,1
29,Management,411,2.05,1454119.91,396418.52,341,0
23,Arts,388,2.55,2383804.78,2936302.13,485,0
22,Management,192,2.65,4255225.43,2462096.32,846,1
26,Medicine,386,2.38,1870207.15,2204138.46,789,1
26,Management,357,2.85,792337.74,2057714.44,464,0
28,Medicine,392,2.09,3935805.39,690544.8,750,1
25,STEM,30,3.45,4222583.21,1838449.33,782,1
18,Management,467,2.24,572010.26,1781320.84,387,0
24,Medicine,283,2.07,1779536.85,2380302.75,689,1
29,Management,408,3.07,268698.93,1715487.49,781,1
18,STEM,356,3.5,2305396.8,356250.6,431,0
28,STEM,13,2.55,3232202.62,1588562.97,652,1
22,Management,243,2.0,1982235.1,1126306.32,363,0
28,Arts,193,2.76,3272777.28,1180633.64,569,0
22,STEM,187,2.54,3670899.64,1769644.94,824,1
20,STEM,297,2.7,1516565.33,2469659.63,710,1
23,STEM,164,2.93,4296358.29,812103.83,449,0
24,STEM,60,2.58,2376427.67,1322075.85,635,1
26,Arts,82,2.96,805199.51,2992661.39,735,1
21,Arts,147,3.96,1762215.61,1132773.4,731,1
20,Medicine,68,3.4,1370424.45,2609332.42,422,0
23,STEM,127,3.35,1647290.23,2630207.15,395,0
23,Medicine,484,3.59,766933.31,653725.21,827,1
18,STEM,77,3.95,3359934.7,2269562.24,485,0
19,STEM,397,3.59,2625669.49,1373168.3,396,0
21,Arts,75,3.15,1908648.75,1982298.65,387,0
25,STEM,457,2.83,2918049.24,601512.68,685,0
26,STEM,431,2.27,3113371.21,446591.79,517,0
29,Arts,450,3.46,4360049.19,2946445.94,621,0
22,Management,395,2.53,4310908.99,2294513.86,411,0
27,Management,455,3.59,1591610.32,1000197.62,812,1
22,Management,240,3.74,616210.36,1179499.85,652,0
22,STEM,163,3.31,2464774.75,1332442.94,622,1
25,STEM,8,3.58,307915.24,2834108.69,758,1
27,Management,251,2.42,4719036.04,2756934.88,806,0
19,Arts,380,3.98,4799236.36,407312.19,687,0
23,Management,96,2.03,2889590.11,600700.27,368,0
28,Management,456,2.19,3872886.48,2173305.36,380,0
20,Medicine,33,3.4,4578331.78,2864888.05,753,1
19,Medicine,420,2.86,4872487.11,1693357.56,606,1
23,Medicine,376,2.5,1725855.59,881436.23,532,0
27,Management,341,3.7,3247072.14,1113057.5,322,0
22,Medicine,366,3.01,2659464.52,2413183.59,416,0
18,STEM,307,2.77,4432346.7,767537.15,327,0
21,STEM,311,3.45,4411609.51,505586.72,379,0
21,Management,249,3.53,1020687.72,2298031.12,802,1
26,STEM,135,2.31,1569266.31,1115251.94,357,0
22,Management,162,3.33,3413919.81,1099427.68,797,1
19,STEM,237,3.27,1062629.63,2174520.23,459,0
29,Arts,125,2.1,2675766.39,1846640.15,799,1
24,STEM,338,3.91,4540949.09,2315865.3,790,1
24,STEM,208,3.68,304240.05,896962.02,474,0
20,STEM,361,2.99,3395385.32,1325542.75,588,0
29,Arts,160,2.87,1745960.22,1465642.28,780,1
22,Medicine,14,2.12,3201244.54,1662455.63,386,0
20,Medicine,438,2.06,3058038.98,1909158.59,742,1
29,Medicine,327,3.44,2091028.53,2549993.07,735,1
29,Management,349,2.65,1664839.62,1059561.47,723,1
25,Management,403,2.49,2388117.2,1746712.3,766,1
29,Arts,118,2.5,2483865.64,1422295.27,425,0
29,Medicine,98,3.85,4815437.2,1685737.77,675,1
24,Arts,33,3.83,1711220.4,786001.27,447,0
28,Medicine,385,3.19,4016952.03,2425000.57,410,0
29,Medicine,326,3.8,1595202.61,908174.7,658,1
23,Medicine,477,3.6,4262539.19,1428758.95,557,0
23,Management,315,2.89,4885635.06,1911297.43,744,1
25,STEM,328,2.12,3847830.18,424294.62,785,1
23,Medicine,43,2.19,4955111.86,1537974.95,508,0
26,STEM,436,2.59,615508.44,570000.91,581,0
21,STEM,78,3.63,3197581.46,2171723.14,720,1
22,Management,88,3.39,4555686.14,1242494.77,817,1
19,Management,488,2.7,3217801.53,1436868.56,312,0
27,Management,324,3.66,4901875.32,395384.48,360,0
23,STEM,496,2.26,4362894.45,1152223.94,507,0
27,Medicine,28,3.31,2357922.97,828358.47,570,0
21,STEM,337,2.45,791061.61,1482379.95,626,0
23,Medicine,219,3.8,2837431.02,571384.98,797,1
19,Management,341,2.73,2784719.9,2899608.97,393,0
22,Management,378,2.1,3368083.24,2949445.81,847,1
18,STEM,79,3.51,3192079.57,2271469.27,761,1
18,Medicine,428,2.03,4718842.67,998248.18,632,0
27,Medicine,18,3.31,3848775.53,1102720.66,670,1
22,Management,456,2.44,1152597.55,486114.21,492,0
26,STEM,85,3.42,1340891.93,1004322.64,514,0
22,Management,275,3.39,794274.78,579310.7,776,1
29,Management,153,2.37,2888791.29,1804063.18,751,1
18,Management,441,3.44,281465.99,887405.32,706,0
29,Medicine,323,3.55,2206388.74,2889336.46,538,0
21,Management,175,2.29,3930650.07,2492311.32,439,0
27,STEM,121,3.41,3641211.39,2803773.15,558,0
19,STEM,466,3.39,747716.3,1442107.89,529,0
21,Arts,441,2.7,297032.01,2431997.18,369,0
19,STEM,143,2.61,4343506.38,2557327.2,651,1
21,Medicine,496,3.92,2773571.14,2033143.58,673,1
21,Medicine,329,2.38,447260.09,2633570.41,390,0
21,STEM,245,2.66,4335455.42,1810286.22,542,0
25,Medicine,233,3.0,4128690.33,1491195.17,757,1
22,STEM,446,2.27,3606894.44,2337541.3,622,1
23,STEM,336,3.04,1505829.27,1992846.65,668,0
25,Medicine,448,3.21,4061658.11,921089.77,540,0
29,STEM,138,3.33,3182315.79,1935041.55,339,0
27,STEM,365,3.23,3394717.24,374383.83,313,0
18,Arts,291,2.76,1303529.87,776712.45,409,0
24,STEM,134,2.33,2536305.89,880541.63,818,1
28,Medicine,367,3.27,3649150.94,1813826.65,547,0
26,STEM,122,2.78,3323587.43,1194025.93,391,0
29,STEM,282,2.85,1202106.22,2604440.56,667,1
20,STEM,349,2.52,4707292.67,1111036.51,678,1
19,Medicine,167,2.97,4153744.74,2551695.33,614,0
21,STEM,226,2.39,794864.21,1285032.6,801,1
21,STEM,448,2.6,2536762.49,1086623.28,646,1
22,Medicine,435,3.88,3503063.76,1590743.03,403,0
20,STEM,238,2.28,730763.45,1978340.83,821,1
21,STEM,356,2.26,1523796.85,1290000.33,338,0
21,Medicine,346,2.04,1411989.69,2473241.82,485,0
27,Medicine,254,2.82,2794187.78,1261746.41,805,1
19,Medicine,110,3.38,992993.78,1495195.76,301,0
26,STEM,33,2.23,3037096.31,611585.07,705,1
28,STEM,434,3.89,2031482.19,1248449.07,303,0
23,STEM,114,3.02,1945098.97,1700794.09,652,0
18,Arts,202,2.31,652215.71,2884938.0,647,0
29,STEM,432,2.07,2726206.6,1836009.57,833,1
25,STEM,458,2.79,641490.38,2783372.81,610,1
18,STEM,115,3.22,1975262.06,832978.98,752,1
18,Arts,402,2.52,4038850.93,2972544.75,634,0
24,STEM,3,3.01,3284319.43,2362589.95,552,0
27,Medicine,378,3.23,407333.85,1131502.92,773,1
19,Management,491,2.16,1371657.49,1737484.42,405,0
22,Medicine,270,3.79,4463166.42,660491.19,695,0
21,STEM,417,3.64,4836564.84,1242666.78,662,0
22,STEM,416,2.93,2521937.4,845124.79,511,0
23,STEM,370,3.5,377626.31,696776.37,468,0
24,STEM,264,3.57,1621073.69,2514647.01,532,0
27,STEM,89,2.92,3288949.1,2508511.26,334,0
20,Management,375,2.34,569804.17,946096.68,439,0
28,Management,176,2.11,1478006.09,916012.78,776,1
18,STEM,228,2.95,3835164.22,1403708.86,302,0
29,STEM,461,3.13,3669830.66,778344.65,707,1
20,STEM,349,2.36,2462501.07,424499.05,353,0
27,Management,159,3.06,3689549.0,2329660.44,552,0
20,Medicine,19,2.34,3048984.65,767210.29,551,0
27,Arts,235,2.9,1753827.16,2734996.92,634,0
26,Management,203,2.81,4795850.56,2591988.5,623,0
19,Medicine,87,4.0,2290152.74,1407895.99,634,1
22,STEM,176,2.88,4722053.06,1038793.4,745,1
28,Medicine,465,2.08,4228254.42,2309516.83,508,0
26,Arts,286,2.6,3653642.62,1261122.93,386,0
27,STEM,418,2.72,2804886.75,1616108.23,391,0
19,Management,351,3.43,4447242.48,781438.34,823,1
23,Management,63,3.21,3587144.16,2191302.25,591,0
27,STEM,126,3.84,3470723.19,589837.06,615,1
22,STEM,228,2.52,2107527.11,2825405.71,371,0
23,STEM,153,2.68,3485842.08,521086.19,396,0
21,STEM,136,3.86,285920.73,715275.42,675,1
22,STEM,457,3.23,4652267.16,2518986.9,383,0
23,Medicine,185,2.95,1306812.97,354731.34,705,1
18,STEM,192,2.44,1950812.87,869975.59,551,0
24,Medicine,286,3.96,2280187.74,2917285.99,642,1
26,STEM,234,2.75,4097509.42,790812.86,357,0
29,Management,71,2.44,2804165.18,2646131.6,678,0
18,Management,214,2.68,3487080.24,433238.2,321,0
21,Arts,308,3.76,2503879.79,321496.35,823,1
20,STEM,335,2.4,1419797.24,1502791.03,817,1
27,STEM,483,3.04,1966738.07,1223778.66,570,0
21,Management,208,3.06,1885641.14,1954696.04,434,0
24,STEM,2,2.55,2719978.12,1422391.0,707,1
19,Arts,251,2.78,1740144.5,416966.72,547,0
29,STEM,275,2.14,935319.84,2906855.63,330,0
20,STEM,455,3.49,531606.18,1456622.38,487,0
28,STEM,267,3.67,4126485.62,1864705.58,736,1
27,STEM,105,3.93,4766564.55,2965115.67,457,0
27,Arts,209,2.06,1044470.31,1875015.09,817,1
20,Medicine,65,3.46,619265.13,1531425.36,823,1
24,Arts,337,3.18,1841489.69,1137734.97,822,1
26,Medicine,412,2.06,4092154.37,1886774.62,819,1
27,Management,490,3.93,725328.07,443775.51,482,0
27,STEM,324,3.43,2324363.4,372916.18,422,0
27,Medicine,332,2.36,4456953.76,1451654.14,369,0
23,STEM,258,2.95,850191.55,1430069.37,516,0
29,Arts,2,2.38,4030819.57,1946523.17,694,0
21,Management,483,3.86,4899313.92,2570095.84,534,0
22,Medicine,96,3.48,3353736.28,1375935.0,514,0
21,Management,479,3.91,3799396.43,2229561.27,687,0
25,Management,245,3.33,4261853.01,880791.93,313,0
20,Medicine,398,2.97,703145.98,588859.05,808,1
18,Management,241,3.6,1385510.28,2226818.65,693,0
29,Medicine,245,3.82,3046858.06,1508967.54,534,0
26,Arts,246,3.76,2000132.79,1545657.26,689,0
26,Management,234,2.01,1673022.48,2862787.05,438,0
20,STEM,147,3.77,1134056.75,2453759.95,400,0
20,STEM,197,3.38,3699049.78,2010356.01,669,1
20,Arts,182,2.35,2468310.36,611278.48,725,0
25,Arts,195,2.79,3303588.05,2941261.86,336,0
21,Management,238,2.85,2249887.44,419934.47,628,0
29,Arts,7,2.11,389041.07,2921604.17,379,0
25,Medicine,30,3.66,2664144.72,2510380.05,675,1
18,STEM,377,3.25,2775800.62,509890.78,578,0
27,STEM,150,2.52,2777609.2,2824564.98,433,0
28,Management,198,3.51,1004568.7,758066.46,357,0
28,STEM,359,3.9,4256497.75,2859628.6,745,1
25,STEM,292,3.97,3195810.53,1848424.28,782,1
27,Management,368,3.56,1389388.64,1281843.98,349,0
19,Medicine,482,3.73,3603093.34,2191031.27,394,0
29,Medicine,373,2.16,3288251.29,1282446.16,480,0
25,STEM,461,3.1,4575681.16,2622337.51,500,0
27,Medicine,217,2.22,3397762.32,394856.51,577,0
21,Management,92,3.35,3074758.62,1744947.54,373,0
24,Management,97,2.87,282301.46,399121.09,414,0
23,Management,216,3.59,4725604.33,681966.33,804,1
21,Arts,236,2.49,3190692.27,1298513.04,817,1
21,STEM,368,2.98,3599655.32,1037464.95,490,0
28,Arts,303,2.33,2058636.23,401002.38,803,1
20,STEM,218,3.35,2705833.2,417707.78,680,0
24,Management,284,2.38,2147583.25,2407855.22,412,0
29,Management,343,2.71,1265927.2,878842.42,695,0
27,Arts,174,3.26,3230234.17,930519.13,830,1
20,Arts,479,2.04,842478.71,740831.98,643,0
28,Management,129,2.41,4662219.29,1782064.31,840,1
26,Medicine,307,3.98,2607790.38,1542909.49,394,0
25,Arts,282,2.5,2035125.67,1260019.71,388,0
25,Management,179,3.25,4443349.68,2855745.05,801,1
19,Management,378,2.13,1488793.78,1584015.77,345,0
19,Management,397,2.09,2838829.34,1687612.97,666,0
29,Management,252,2.41,2729862.4,2551377.38,313,0
27,Medicine,462,2.56,3389839.58,1850508.93,796,1
23,STEM,268,2.4,292426.89,778935.53,698,0
28,STEM,341,3.21,1950673.76,2665024.42,355,0
26,Management,273,2.24,253178.97,1515431.17,330,0
21,STEM,311,3.49,912140.0,620201.27,789,1
28,Medicine,237,2.52,3907135.54,1448493.84,772,1
29,STEM,67,2.65,302670.65,2698547.17,545,0
20,STEM,458,2.2,2430568.91,2904338.73,752,1
19,STEM,403,3.29,2868629.28,466745.67,728,1
21,STEM,84,3.88,3660531.06,2460640.59,402,0
29,Arts,107,3.25,4053310.58,1727008.0,455,0
27,Arts,363,2.95,3733748.46,1735350.19,450,0
22,Medicine,21,3.24,3462975.79,975936.46,569,0
23,STEM,181,3.84,4950892.53,578644.46,583,0
20,STEM,29,2.82,3610796.58,822503.47,415,0
29,Management,164,2.13,1416152.76,630700.63,339,0
23,STEM,399,3.41,1232824.91,2931662.21,739,1
23,STEM,250,3.9,4784779.06,1624158.32,745,1
23,STEM,456,2.06,1992058.31,2589143.68,706,1
25,Management,170,3.11,1286853.08,2364079.33,823,1
27,Management,287,2.58,2792727.16,1637799.43,334,0
18,Management,447,2.92,1358561.98,2183751.62,316,0
18,Medicine,440,2.93,1721758.57,1103714.43,788,1
19,Management,312,2.4,2936113.86,2607893.92,414,0
23,Management,144,3.69,1536296.16,1728861.65,486,0
23,STEM,335,2.76,3999760.47,730772.67,749,1
25,Medicine,202,2.44,4014031.3,1186893.84,433,0
18,Management,211,2.95,2222272.89,2912913.93,833,1
29,Medicine,325,3.72,1091445.58,1218210.2,705,1
27,Medicine,441,3.21,3157603.84,1362421.02,616,0
22,STEM,151,3.18,4560127.38,2723151.45,657,1
24,Management,334,2.86,1055260.53,624031.52,333,0
19,STEM,437,2.77,3684384.15,1824902.68,343,0
18,STEM,62,3.2,3614963.58,1650075.29,774,1
19,Management,435,3.71,820141.06,2637419.73,333,0
25,Medicine,162,3.23,952030.16,2465332.13,817,1
18,STEM,302,3.79,3992758.45,2977660.29,319,0
20,STEM,445,2.05,2531808.16,638573.48,773,1
28,Medicine,498,2.2,2729454.82,1412185.28,812,1
29,STEM,147,2.63,3526735.61,1614208.12,818,1
27,STEM,26,3.8,1337628.6,2221063.08,805,1
18,Management,179,2.48,4411207.03,1071885.3,428,0
29,Management,280,2.18,4311258.23,2302124.67,420,0
24,STEM,265,3.27,4813506.07,433680.98,519,0
20,Medicine,188,2.82,4359327.88,820262.5,813,1
22,Medicine,405,3.03,2400885.49,2445607.86,809,1
19,Management,68,2.81,3135236.49,2458455.87,467,0
20,STEM,151,2.34,392423.41,355370.73,331,0
29,Management,69,2.89,2806233.05,479351.02,414,0
18,Management,191,3.82,3128187.52,2463197.17,628,0
20,STEM,378,3.4,4986509.44,1920171.02,347,0
29,Management,192,3.73,435344.65,545280.31,330,0
22,STEM,397,2.75,4723605.41,2960290.62,616,0
26,Management,356,3.78,1825271.6,2469954.09,692,0
26,Medicine,91,3.03,1198398.65,2539177.43,803,1
18,STEM,404,2.25,2745301.48,681321.17,371,0
29,STEM,441,3.46,1729453.67,1964814.46,779,1
28,Management,435,2.37,4509598.3,301386.91,494,0
21,Management,286,2.86,1489435.48,1087115.09,667,0
26,Medicine,433,2.4,1393957.6,403793.11,596,0
19,STEM,439,3.72,3488800.37,2935922.49,339,0
19,Management,236,3.32,2236984.63,2911163.66,775,1
24,Medicine,303,2.68,2597943.57,664249.81,666,0
26,Management,91,2.29,2150144.96,770164.32,673,0
28,Management,225,3.83,1853816.04,1454331.72,665,0
21,Medicine,200,2.43,1999795.92,1413325.52,661,0
27,Medicine,245,4.0,3668780.37,302223.5,480,0
21,Medicine,413,3.08,2729814.4,2085409.61,537,0
21,Management,476,2.43,4415068.84,2476947.84,609,0
27,STEM,354,2.72,670301.92,2147984.86,489,0
28,Management,244,2.84,4672269.84,1868101.56,776,1
23,Management,447,2.7,2793382.39,1130200.89,535,0
28,Arts,158,3.27,3364743.92,2531289.9,821,1
27,STEM,409,2.73,3428887.53,770943.34,316,0
18,STEM,151,2.84,245857.57,2166482.1,587,0
24,Management,386,2.57,4672332.86,2477856.34,421,0
26,STEM,397,2.52,1299688.53,1719102.57,482,0
21,STEM,429,3.87,368838.68,2831841.16,690,1
26,Management,401,2.43,3261208.45,1587822.58,351,0
25,Management,2,3.3,3644179.21,2053310.67,370,0
28,Medicine,65,2.93,1488269.5,1735589.41,803,1
29,Arts,272,2.74,221589.09,2659276.04,646,0
20,STEM,56,2.24,2184386.86,772098.42,651,1
27,STEM,139,2.56,2537178.92,2591025.5,352,0
28,STEM,227,3.1,1265788.93,2814632.03,803,1
18,STEM,491,3.31,4416344.86,1829585.59,781,1
28,Medicine,459,3.62,612470.53,1856903.77,406,0
21,Medicine,425,2.78,2472844.31,1117193.23,706,1
24,Management,51,3.42,4912434.15,2855034.83,436,0
26,Medicine,421,2.37,3001899.66,1715191.29,553,0
25,Management,112,3.09,1955228.51,1583324.8,449,0
24,Management,241,3.25,2139759.02,653391.07,790,1
27,Medicine,299,3.65,1176565.13,1146956.72,553,0
27,Management,199,3.8,3822404.59,2359387.14,420,0
24,Management,109,3.42,1061157.95,2082870.94,352,0
18,STEM,203,3.17,2320509.48,933486.48,795,1
18,STEM,425,3.39,1205112.04,687656.87,692,0
24,Management,412,2.92,1670717.37,1341419.57,464,0
22,Medicine,171,2.19,3039170.43,1488635.11,641,0
26,STEM,162,2.65,3624454.04,575390.27,459,0
28,Arts,399,2.98,3054897.08,1944448.1,487,0
20,STEM,283,3.82,1783848.84,2050888.58,598,0
24,Management,47,2.82,2121527.02,2488796.92,404,0
21,Management,327,3.87,4283535.11,1812532.38,390,0
22,STEM,447,2.96,3822219.71,582342.58,316,0
21,Management,307,2.96,3699920.87,1573579.25,745,1
26,Management,472,3.95,549224.58,1898240.3,845,1
23,Management,431,3.95,2047736.68,2296753.97,790,1
19,Management,230,2.52,1119153.59,2786534.69,484,0
23,Management,260,2.64,1156824.51,1466616.83,847,1
23,Management,478,3.56,3640266.43,1516764.31,449,0
18,Management,317,2.62,3667944.69,381344.71,783,0
27,Medicine,441,2.08,4523477.68,841260.25,579,0
26,Arts,300,2.37,734383.22,1421949.2,668,0
19,STEM,392,3.84,903192.59,1516508.53,702,1
27,STEM,74,3.14,266465.4,2719037.39,777,1
20,Medicine,18,2.61,3882098.79,1075601.72,849,1
22,Management,233,3.07,4710233.34,2574129.14,437,0
18,Arts,271,2.14,1812853.65,1901426.42,425,0
29,Medicine,59,3.38,4420932.01,918144.75,792,1
28,Management,213,2.42,3397138.43,2684599.11,705,1
20,STEM,372,3.59,4403391.52,2512761.92,810,1
26,STEM,92,2.52,3713293.28,821202.76,480,0
21,Arts,485,2.37,3703956.42,992975.5,618,0
23,Management,401,3.19,1477933.35,1912416.38,420,0
19,STEM,102,2.95,4902520.62,2498130.5,644,0
26,STEM,496,3.91,2549872.55,2200526.35,666,1
25,Management,134,2.04,2292194.38,1616165.83,553,0
19,STEM,416,2.1,3101860.79,2008734.11,309,0
20,Arts,303,3.78,258872.39,1895803.48,717,1
29,Management,327,2.59,237666.9,1778642.34,436,0
28,Arts,114,3.11,721305.6,2129100.74,593,0
28,STEM,115,3.95,698142.9,2728172.01,500,0
29,STEM,192,3.58,4830988.5,1368085.1,679,1
23,Medicine,381,2.65,4090748.53,2577917.62,325,0
29,Management,62,2.68,4411216.92,425073.73,735,1
28,Management,388,3.68,1561720.31,1664395.16,630,0
23,STEM,433,3.0,3951007.02,2120687.55,702,1
25,STEM,436,3.74,4968920.6,366746.6,326,0
28,Arts,183,3.38,3287630.63,1300763.61,660,0
19,Management,159,2.4,2723311.26,803226.92,404,0
22,STEM,464,2.51,4050462.36,1160638.11,572,0
22,STEM,353,2.29,2346355.54,2922731.29,572,0
20,Management,496,2.52,616158.48,634147.26,375,0
28,Management,128,2.2,1336872.54,1517578.55,597,0
24,Arts,344,3.86,1357149.44,1210945.08,576,0
22,STEM,153,2.16,3817009.72,1699270.43,825,1
23,Management,165,3.95,2205735.93,1307202.1,348,0
18,Medicine,47,3.17,3927870.8,2884620.7,522,0
26,Medicine,142,2.83,4799868.92,1564387.71,572,0
22,STEM,291,3.43,2065698.99,1946634.28,543,0
26,STEM,492,2.71,4068394.0,1316971.64,587,0
22,STEM,434,2.01,2650654.27,2215139.1,317,0
20,Management,335,2.54,2047154.01,2986269.12,586,0
21,Management,459,2.57,4313411.24,2473446.27,672,0
26,Management,237,3.14,635155.28,356394.93,751,0
18,STEM,346,2.12,3417944.94,1139268.13,693,0
26,Management,325,3.68,1208343.5,2843580.24,384,0
27,STEM,498,3.3,3984892.87,2833868.85,411,0
26,Management,288,2.5,4650732.44,1455642.28,300,0
18,STEM,129,3.61,4443209.6,2079624.06,420,0
20,Management,15,2.62,2195805.19,1805051.98,843,1
23,STEM,377,2.27,3089755.22,659147.31,394,0
23,Management,211,2.77,1116214.98,1470692.48,804,1
19,STEM,193,3.01,789818.77,1707601.4,665,0
26,STEM,13,3.2,3225819.13,1106982.66,833,1
26,STEM,483,3.13,3841089.81,2429970.44,714,1
26,Management,207,2.14,3479049.0,2122435.35,405,0
22,Management,105,2.07,1032534.96,1800323.49,312,0
27,Arts,113,3.03,357672.37,2762446.34,665,0
18,STEM,350,3.21,4610883.8,2252198.76,671,1
26,Management,255,2.41,269498.43,2457737.7,691,0
29,Management,248,2.52,3715146.55,2113778.55,329,0
18,Management,181,2.72,3286947.54,1433222.71,666,0
26,STEM,229,3.36,4819656.97,940854.28,622,0
28,STEM,196,3.31,4755940.5,1253737.83,777,1
26,Medicine,160,3.55,1956002.68,2373820.17,329,0
23,Management,153,2.46,708907.89,345308.75,745,1
20,STEM,372,2.51,1805353.62,1190908.94,565,0
27,Arts,170,2.16,4908639.65,549033.98,634,0
23,STEM,132,3.11,3107540.89,2914107.74,337,0
26,Medicine,72,2.92,1780789.46,1948929.46,581,0
29,Medicine,384,2.54,4355363.91,2795784.99,301,0
24,STEM,34,3.82,235394.74,2754771.32,410,0
29,Medicine,146,2.76,773344.53,962137.76,656,0
29,Medicine,338,2.42,1448957.6,549414.74,614,0
21,STEM,345,3.24,213542.76,1435864.57,485,0
24,Medicine,339,3.97,2665980.55,2625463.67,791,1
20,Management,450,2.75,1724059.16,2294634.96,644,0
18,STEM,434,2.51,3866412.45,1607344.3,305,0
27,Medicine,323,2.82,2488158.89,1326071.29,367,0
28,STEM,138,3.44,713065.24,937209.98,653,0
21,Arts,255,2.15,1842526.24,1490028.33,504,0
21,Management,387,3.35,1051652.86,2022645.77,690,0
19,Medicine,22,3.25,2373899.81,2870167.04,311,0
26,STEM,493,2.86,4642615.93,1457709.16,418,0
26,STEM,431,3.3,3262103.14,775803.64,765,1
20,Medicine,185,2.56,1525373.11,2889733.09,549,0
19,STEM,87,2.83,572123.11,1070718.26,641,1
25,STEM,287,3.91,4905809.63,412969.5,699,1
29,STEM,310,3.68,1567935.88,1300608.96,636,1
27,Management,25,3.76,2415076.91,327872.64,485,0
28,STEM,368,2.26,3088677.83,612973.49,564,0
25,STEM,441,3.12,4690948.5,888227.05,549,0
21,STEM,107,2.25,2871831.39,2262302.65,536,0
25,STEM,208,3.65,491205.74,1339247.92,784,1
21,Medicine,444,3.63,1896772.85,2648843.25,695,0
26,STEM,90,2.07,2790774.83,2910901.35,457,0
19,STEM,415,3.84,1700660.9,835998.45,822,1
18,STEM,252,3.68,598320.31,2356674.15,372,0
22,STEM,437,3.68,3842751.7,2768024.12,803,1
22,STEM,437,2.54,2527955.08,2854359.14,765,1
26,Management,65,2.68,3626158.99,2826050.25,588,0
18,STEM,203,2.55,2836132.96,2364431.33,648,1
19,STEM,48,4.0,4080183.86,2890777.37,467,0
22,Arts,439,3.51,2759607.41,2607153.6,610,0
27,Medicine,7,3.37,3692375.05,912446.58,795,1
27,Medicine,457,2.25,3262402.45,880026.32,848,1
21,STEM,277,2.19,895838.6,2830856.94,705,1
28,Management,407,2.25,3001667.33,912019.45,790,1
23,STEM,180,3.95,1404400.99,1175031.54,609,1
21,STEM,400,3.23,3936679.42,438453.86,461,0
27,STEM,72,3.82,997516.27,1393112.46,306,0
28,Medicine,13,2.49,3951309.16,2829326.12,558,0
24,Management,93,3.41,4791857.52,2127166.55,532,0
18,Medicine,476,3.96,1048226.5,2988355.21,594,0
19,STEM,236,2.16,2814970.04,886479.15,743,1
19,Management,138,2.93,3438274.07,1193601.84,390,0
24,Management,280,3.12,3711398.56,2368253.23,667,0
20,Arts,290,2.76,2121797.23,1289173.87,462,0
26,STEM,174,3.4,2057346.38,834209.09,446,0
21,Medicine,54,2.86,4045779.78,2609847.83,451,0
26,Management,129,2.64,1586768.17,548394.14,586,0
26,STEM,92,3.95,2051350.56,1581177.81,687,1
29,Arts,250,3.39,1716611.53,2636872.57,306,0
19,STEM,498,3.0,2573598.58,734741.07,478,0
25,STEM,250,2.85,4760594.75,1270095.84,797,1
26,Management,224,3.68,544041.97,1791956.36,733,1
29,STEM,177,2.87,2892084.12,607537.43,529,0
20,Medicine,259,3.87,932719.62,1097516.43,838,1
20,STEM,233,2.06,771416.35,2996127.33,652,1
18,Medicine,268,2.04,4909504.03,337229.13,312,0
19,Medicine,252,3.01,4162555.37,579427.12,827,1
28,STEM,100,2.17,3163551.59,2062136.79,752,1
26,STEM,261,3.13,1883666.75,751161.85,731,1
28,STEM,136,2.7,4756868.8,2186510.94,638,0
27,Management,38,3.55,2506644.52,2277324.66,595,0
22,Medicine,30,2.2,1647864.84,546171.24,508,0
29,Medicine,116,2.72,212404.13,1104770.4,699,0
25,STEM,390,2.97,3174827.82,2833275.91,591,0
23,STEM,3,3.06,2473991.93,2911162.22,826,1
29,Management,338,3.52,3777580.45,380783.87,811,1
18,STEM,226,3.5,4127171.64,977046.68,318,0
19,Management,50,2.64,2203421.08,939435.81,678,1
25,STEM,425,2.22,1255981.3,2361990.88,529,0
29,STEM,412,2.72,3200870.22,2349330.14,726,1
26,Management,285,2.59,1803916.82,1237290.02,730,1
29,STEM,105,3.29,4533731.19,826075.64,746,1
28,Medicine,447,3.06,3490372.16,667431.03,654,0
22,Management,132,2.57,3935662.31,856160.05,523,0
19,Medicine,191,2.24,659415.67,1526598.19,407,0
22,Medicine,159,2.45,4377801.09,2902030.06,569,0
29,Management,118,3.34,3148168.32,2687310.79,703,1
24,Medicine,148,3.05,3740321.28,2902528.77,327,0
23,STEM,166,3.34,4181971.81,488522.33,491,0
20,Management,361,3.15,2694360.38,581107.12,687,0
18,Medicine,471,3.22,829365.48,1177937.01,376,0
25,STEM,379,3.92,2011157.0,1139935.17,551,0
26,Management,56,2.89,4541854.37,1922288.39,339,0
24,Management,142,3.76,3738084.66,2926209.49,358,0
20,Medicine,457,3.7,235493.93,1892177.01,809,1
23,Medicine,18,3.45,445091.49,699018.05,490,0
24,Medicine,377,2.37,242805.92,2758505.03,721,1
18,Management,473,2.84,3840800.55,1945889.7,433,0
21,Management,327,2.55,814669.32,726260.42,582,0
19,STEM,107,3.95,661284.21,2120442.62,555,0
23,STEM,131,2.29,2777919.93,2858452.25,318,0
29,Arts,105,2.15,1999187.98,854092.95,351,0
18,STEM,181,3.04,1963235.61,531225.55,767,1
22,Management,472,3.25,3472090.6,427893.06,726,0
28,Management,31,3.2,3591759.82,2212554.84,497,0
24,Arts,223,3.31,988512.74,1323056.71,706,1
21,Arts,428,2.39,2007862.28,451934.32,429,0
21,Management,114,3.51,1656350.66,2531578.63,476,0
26,STEM,114,2.18,4031400.59,879448.32,712,1
25,Management,20,2.87,3852503.87,1362561.44,742,1
18,STEM,107,2.49,4854202.05,2808045.68,758,1
18,Management,180,3.44,1051001.21,381884.1,351,0
20,STEM,282,2.53,1029225.08,2370675.94,649,0
26,Management,364,3.21,3309830.85,1490553.71,674,0
22,Management,310,2.17,201227.11,2383213.6,575,0
21,Management,462,3.46,4392431.35,889014.22,820,1
25,Management,221,2.46,2614096.74,2272718.63,471,0
21,Medicine,249,2.03,3512551.12,2598210.78,836,1
26,Management,211,3.0,2846706.27,2436907.76,665,0
24,Management,227,3.44,1602103.27,2160965.06,791,1
26,STEM,406,3.47,4657484.79,796743.99,354,0
20,STEM,471,3.64,4677984.22,2572585.66,550,0
25,Management,157,2.21,2069390.4,2282782.05,502,0
27,STEM,451,2.25,2564149.6,922119.93,481,0
22,STEM,373,3.0,1570884.33,2009088.22,571,0
20,Arts,378,2.12,3772889.33,2751771.79,481,0
19,Management,376,3.17,2593402.19,1624980.55,418,0
27,STEM,450,3.67,4665716.0,1132592.57,355,0
21,Medicine,233,3.83,1357516.6,2792191.65,491,0
22,Management,203,2.93,2861919.04,2197327.81,792,1
23,Management,277,2.35,940736.58,1465804.04,610,0
23,Management,50,2.26,4809666.72,2231056.09,586,0
29,STEM,321,3.53,1385721.77,405747.74,384,0
28,Management,177,2.87,2771489.95,2188529.53,517,0
29,Medicine,454,3.21,1585658.67,2263815.98,684,0
21,STEM,481,2.18,477975.2,393115.33,502,0
18,STEM,453,3.34,2828000.87,636904.15,656,0
29,STEM,349,3.55,3340475.87,2586746.46,846,1
28,Management,221,2.47,244069.53,549049.24,375,0
18,Medicine,155,2.74,3890730.08,365361.52,304,0
27,Medicine,37,3.3,1014491.72,2041495.55,450,0
25,STEM,143,2.37,3816204.32,2995448.06,386,0
20,Arts,414,2.2,328664.43,1599738.62,400,0
24,Medicine,153,3.32,1320382.21,2414251.43,363,0
25,Management,276,2.31,697839.67,1036682.74,575,0
20,STEM,475,2.64,3309850.39,767194.65,595,0
25,STEM,61,2.58,1340585.73,2531694.06,804,1
28,STEM,393,3.51,2230661.77,1891940.88,657,0
25,STEM,398,2.19,3772886.45,2954641.97,727,1
22,Management,450,3.3,4997089.49,1181607.81,833,1
18,STEM,53,2.84,2838025.21,2360460.52,809,1
19,STEM,307,3.84,1652087.23,385863.43,744,1
25,STEM,368,3.69,2903864.54,443713.44,446,0
25,Management,455,3.83,4412932.88,1643231.11,845,1
22,STEM,190,2.08,2289855.88,2613110.8,439,0
29,STEM,269,3.17,2343814.56,596439.44,743,1
20,Management,78,2.11,1684177.61,2110207.23,730,1
18,STEM,9,3.91,2863178.37,1861177.23,628,1
24,Medicine,357,3.05,1681063.77,1410302.81,449,0
18,STEM,480,3.82,1699844.43,2761908.99,747,1
27,STEM,366,3.33,3416641.0,2358431.5,619,0
19,Medicine,252,3.69,1701339.4,1705286.07,458,0
26,Management,280,3.89,2696012.37,2491966.47,689,0
22,STEM,64,3.29,1861845.56,1086293.38,542,0
18,Management,77,2.84,3851652.96,944248.01,376,0
18,Management,390,3.02,3835767.45,636797.98,405,0
19,Arts,497,2.73,3711867.08,2772207.38,621,0
27,Management,143,3.76,499926.6,2149135.27,486,0
26,Medicine,322,3.56,2422980.7,1147825.3,387,0
24,Management,172,4.0,4492720.11,1099178.63,617,0
26,Management,391,3.39,2861669.23,2463602.93,824,1
21,STEM,430,2.92,3327055.13,1180186.49,666,0
25,Medicine,120,2.78,1980960.19,1001973.82,649,0
18,STEM,113,3.22,4786727.79,2253999.24,634,0
24,Management,418,2.55,2437217.16,1410835.03,301,0
29,Management,191,2.88,4080053.78,2860567.2,703,1
19,STEM,335,2.82,1393117.93,2291155.46,547,0
28,Medicine,245,2.46,357855.6,2968937.5,761,1
23,STEM,364,2.66,2371191.95,1144842.59,643,0
28,Management,129,2.25,3693597.64,1978701.4,371,0
22,Management,58,2.0,2667921.07,1591623.83,582,0
21,STEM,315,2.23,4297634.55,2170290.33,813,1
24,STEM,120,3.07,2678993.05,485761.43,833,1
23,Arts,214,2.65,3928218.75,2407442.06,300,0
29,STEM,334,2.38,3588607.72,1944636.78,596,0
25,Medicine,269,2.11,4507819.84,729372.1,643,0
25,Management,233,3.55,1757701.22,1253793.46,478,0
23,STEM,294,2.84,4426490.08,2989737.33,776,1
19,Arts,461,2.31,1982743.59,2353878.62,421,0
28,STEM,336,3.49,2726163.15,815744.01,371,0
22,STEM,57,2.53,4297007.34,1196903.64,359,0
19,Management,188,2.17,285840.51,1481978.05,628,0
23,Arts,249,3.55,1753166.04,818268.27,444,0
21,STEM,251,3.99,4712122.51,2363082.76,444,0
21,STEM,101,3.85,3901742.64,300606.65,573,0
18,STEM,419,2.71,4045294.11,304134.72,662,0
24,STEM,125,3.13,737214.26,1257193.41,310,0
25,Medicine,146,3.05,4776502.31,1233053.99,493,0
29,Management,384,3.35,2991127.2,1466661.78,338,0
23,Medicine,300,2.7,2494950.62,2760429.69,329,0
19,Arts,391,3.93,3700061.4,1545250.11,640,0
26,Management,188,2.47,1300919.81,2334857.22,681,0
21,STEM,314,2.26,3464742.01,409470.52,613,0
24,Management,141,2.17,4470424.56,453193.23,787,1
25,STEM,149,3.53,4778069.01,527979.95,787,1
26,Medicine,303,3.41,1151448.9,2438475.68,436,0
20,STEM,344,2.03,4910932.04,625828.77,309,0
18,STEM,241,2.07,1447506.06,2397493.49,808,1
18,Management,86,2.48,574427.53,1666948.12,824,1
28,STEM,265,2.54,2937118.62,2766985.82,770,1
25,Management,15,2.15,3131814.97,508194.25,513,0
27,Management,166,3.33,3494002.82,2892950.48,681,0
22,Management,419,2.15,4740071.21,2895139.4,491,0
19,Management,352,2.89,1871621.83,2162996.01,563,0
18,STEM,295,3.67,1590392.74,1853465.34,458,0
28,Management,427,2.64,4023649.56,1585716.8,442,0
18,STEM,60,3.34,2166040.59,1663059.02,679,1
19,STEM,239,3.81,2916658.65,2686777.39,502,0
24,Management,77,3.17,1207291.39,1575012.37,734,1
26,Medicine,31,2.3,429140.38,1009144.12,775,1
23,Medicine,467,2.03,3905294.47,2085238.61,340,0
21,Medicine,479,3.3,2579031.29,2268837.79,562,0
18,Medicine,177,2.23,4392810.34,1583081.25,450,0
20,Management,427,2.37,1515131.2,790074.39,412,0
21,Management,16,2.17,2906687.67,1837022.55,792,1
27,STEM,252,2.98,968348.17,366766.2,657,0
22,Medicine,398,2.36,342372.64,593403.72,534,0
24,Management,304,2.75,3585814.72,1538611.55,485,0
24,Medicine,245,3.41,2804336.77,1310187.91,367,0
20,STEM,17,3.42,2160419.99,2002723.02,495,0
20,Management,445,2.19,3549124.65,1363831.85,498,0
25,Management,262,2.74,3749789.23,320540.76,738,0
23,Medicine,491,3.12,2460729.58,1344718.5,791,1
29,STEM,335,3.38,4573543.14,1685446.51,445,0
21,Management,71,2.16,2901595.99,1902470.26,469,0
19,STEM,259,2.57,707643.19,2592637.84,825,1
26,Medicine,447,3.88,3824308.28,2130677.68,459,0
18,Management,385,3.65,3474190.3,2754250.21,335,0
26,Medicine,228,2.46,4638102.45,2481364.37,783,1
21,Arts,396,2.25,2346896.28,2334123.78,697,0
23,Management,375,3.82,2260167.91,981464.27,616,0
26,Management,351,3.76,3380045.88,1862240.57,730,1
19,Arts,406,2.87,1472898.49,693561.62,439,0
21,STEM,206,2.66,499625.29,2441395.52,350,0
26,Medicine,130,2.96,3537377.32,2148846.46,764,1
20,Management,26,3.63,4439214.1,2365951.09,486,0
22,Management,183,3.78,4942301.14,1027992.44,640,0
19,Medicine,400,2.09,3682719.74,2547771.15,813,1
29,STEM,320,3.69,4045731.68,1840346.91,628,1
27,Management,88,3.74,4418353.13,1669801.48,392,0
25,Medicine,56,3.83,2554853.37,710282.39,517,0
29,Management,185,2.09,4943199.32,2018635.43,817,1
27,STEM,267,3.36,1410207.49,1582045.82,378,0
29,STEM,498,2.84,4775648.08,2111702.32,350,0
29,Management,366,2.65,3542023.55,1492214.66,484,0
19,Medicine,473,2.0,4241819.56,2499564.41,838,1
22,Management,70,2.91,1562572.52,1015287.25,385,0
22,Medicine,129,2.1,1806656.83,2964449.82,664,0
26,STEM,395,2.81,1922067.57,2944339.68,566,0
18,STEM,476,3.22,873016.69,1985218.17,325,0
27,Arts,147,3.77,4886060.47,1181357.47,388,0
18,STEM,328,3.16,2263555.34,2661915.97,806,1
26,Management,25,2.23,2488910.88,2992406.23,455,0
29,Management,355,3.32,4572080.46,944216.21,679,0
25,Management,145,2.59,2461719.67,2806545.22,634,0
29,Management,116,2.12,1198689.31,468740.0,734,1
27,STEM,395,2.19,1015121.83,2014116.3,444,0
25,STEM,193,3.59,1368949.21,1551191.8,788,1
27,Arts,259,2.61,4657471.06,2128178.09,595,0
18,STEM,62,3.74,281025.42,1813164.98,363,0
19,STEM,73,3.76,2180875.28,1461979.9,476,0
26,STEM,123,2.32,1634111.97,1726762.9,486,0
22,STEM,396,3.44,3801059.91,851991.22,557,0
18,Management,343,2.74,4662383.67,567861.64,752,0
24,Arts,54,3.22,1548717.86,853289.08,401,0
18,Medicine,356,3.68,906890.87,1502006.6,364,0
27,STEM,9,3.17,4444737.86,2969545.83,837,1
25,STEM,301,3.14,2162055.69,2310857.58,710,1
28,Management,242,2.23,2420697.24,2140880.11,751,1
24,Arts,71,2.09,2099102.47,450536.53,563,0
23,Medicine,211,2.13,4335377.61,2425803.66,612,1
29,STEM,368,2.49,3186785.48,1026701.19,569,0
23,Management,143,3.84,3067462.31,1031735.77,481,0
20,Medicine,8,2.25,1167328.49,2278560.67,683,1
28,Arts,357,2.54,2506733.62,2150156.56,681,0
28,Management,181,3.79,1956850.96,2253732.74,755,1
28,Arts,261,3.15,3192927.71,2245188.72,802,1
26,STEM,366,2.9,2416747.35,983790.58,363,0
18,STEM,471,2.55,4442944.08,1830684.06,827,1
25,Management,98,3.38,3407562.76,1273571.33,562,0
21,Medicine,211,3.25,4749411.91,2414796.44,841,1
24,Medicine,30,3.54,1836572.14,754949.14,641,1
19,STEM,388,3.68,944795.18,1724926.33,486,0
19,Management,340,3.15,4267683.76,1978112.84,458,0
23,STEM,490,3.18,2515342.46,1858839.09,756,1
27,Medicine,460,3.61,2045676.29,1860356.86,478,0
20,Medicine,119,3.1,2375588.02,680996.38,568,0
26,STEM,361,2.61,4156265.6,380414.07,746,1
24,Medicine,178,3.04,1640785.41,2627584.5,301,0
19,STEM,212,2.19,2387210.38,2980766.9,515,0
24,Arts,61,3.05,4193422.08,2936600.92,750,1
26,STEM,441,2.18,1893468.29,333552.07,442,0
26,STEM,231,2.5,1255636.55,2822314.13,549,0
27,Arts,180,2.52,1619733.39,2785747.67,377,0
28,STEM,79,2.96,1271058.95,1473896.28,418,0
19,Management,320,3.72,3685713.24,1338070.46,437,0
23,Medicine,238,3.41,1113962.39,1323607.35,579,0
18,Management,328,3.86,689451.57,1222183.26,565,0
18,Medicine,360,3.91,4147940.49,709292.88,448,0
19,STEM,365,2.5,2314257.31,2467314.54,662,0
26,STEM,494,2.03,1761153.16,1862532.27,415,0
19,STEM,487,2.73,4098634.93,1374523.77,621,0
18,STEM,21,3.53,2063085.75,1920203.67,553,0
29,STEM,253,2.96,856797.95,2646210.65,467,0
20,Management,129,3.46,2855271.98,998933.45,380,0
27,STEM,408,2.76,4876002.23,2826244.8,693,0
21,Arts,424,2.24,4192556.37,1441576.77,321,0
24,Arts,153,3.23,1694000.0,2850937.14,545,0
21,STEM,33,3.0,3085530.06,2335051.55,753,1
22,Management,262,3.52,1209501.99,2106777.9,584,0
26,STEM,74,4.0,3851502.14,675404.16,310,0
18,Medicine,452,3.86,3096550.16,533951.03,495,0
26,Medicine,496,2.75,533572.85,1530335.41,657,1
18,Management,140,2.17,4926421.26,2341281.54,797,1
28,Management,267,2.72,748645.06,2435990.6,767,1
26,STEM,387,3.8,1765384.4,1163687.08,573,0
19,Management,492,2.98,1660782.64,1053832.6,719,1
28,STEM,317,2.11,3334851.1,739122.46,565,0
24,Medicine,294,4.0,3971980.76,1819384.71,373,0
19,STEM,230,2.66,2726923.22,2662620.48,684,0
21,Medicine,441,3.67,966108.45,2132935.16,696,1
29,Management,382,3.37,3626703.72,1230868.35,604,0
27,STEM,131,2.13,2469842.84,2651840.6,377,0
24,STEM,349,2.96,4850242.9,1196083.98,667,0
18,Medicine,312,3.84,1866384.47,1041255.95,449,0
18,Medicine,142,2.85,1194793.01,1467081.12,701,1
28,STEM,21,2.38,2151400.76,1159256.26,666,1
23,Management,306,3.21,3247237.79,2500044.37,452,0
27,Medicine,383,2.15,874765.52,2339819.75,333,0
21,Medicine,203,3.81,3725246.32,1494715.27,430,0
29,STEM,463,3.66,4369870.04,1946264.24,763,1
28,Management,140,2.99,3684707.58,929890.1,310,0
24,Arts,490,2.26,1749591.12,2703046.93,542,0
20,Medicine,480,2.11,2105744.75,1400195.02,677,1
26,STEM,463,2.65,2710457.75,773714.13,664,0
23,Medicine,495,3.32,1549474.87,2706839.39,604,0
22,STEM,52,2.02,660473.6,2880309.26,646,1
21,Management,376,2.32,4211115.45,722439.18,849,1
24,Arts,302,2.6,3831835.09,1357280.71,584,0
29,Arts,84,3.44,860598.41,2439046.71,715,1
21,Management,72,2.26,907521.09,309606.86,328,0
27,STEM,139,3.02,3109444.59,2742634.51,819,1
24,Management,338,2.75,2396594.07,2416931.0,620,0
23,Medicine,7,2.25,2040751.24,1590263.1,815,1
28,Medicine,142,3.64,387874.54,1625118.88,701,1
22,STEM,423,2.1,622324.14,775931.38,567,0
21,Management,269,2.75,707413.15,2997003.68,796,1
20,STEM,464,3.85,2429732.49,1853434.78,770,1
23,STEM,323,2.07,2579684.7,1394550.1,804,1
25,STEM,113,2.01,2924087.85,1531806.88,660,0
24,STEM,217,2.44,3254346.57,502574.22,332,0
25,Management,190,3.16,3538181.48,2627739.23,745,1
29,Medicine,436,2.52,1540438.99,2324712.05,513,0
27,STEM,7,2.39,1887870.77,1863262.89,592,0
23,STEM,492,3.85,3966539.18,840016.78,387,0
20,STEM,170,2.11,2119593.53,1517597.31,457,0
24,Medicine,102,3.72,951209.06,536390.9,483,0
26,Management,101,2.99,2135341.46,2463586.47,652,0
28,Management,178,2.81,495607.73,1131921.4,486,0
19,STEM,59,3.2,2732070.81,1818899.3,680,1
19,STEM,443,2.35,2147232.9,2408841.8,645,0
24,Management,71,2.05,2705967.04,2065391.98,332,0
19,Arts,339,2.72,391442.65,2051163.01,499,0
20,Management,374,3.25,3278750.07,982475.67,328,0
28,STEM,470,2.71,4231406.57,2220088.36,363,0
26,STEM,460,2.15,4903385.23,2567805.24,392,0
25,Management,63,2.23,4801752.96,2945627.86,536,0
26,Management,70,2.32,2189963.96,2099769.21,447,0
26,Management,399,3.16,269941.5,739445.34,413,0
25,Management,168,2.07,2351013.11,2587006.01,454,0
21,Medicine,103,2.48,3617668.34,1834439.62,406,0
18,STEM,119,3.66,3317553.62,755412.17,607,0
29,STEM,444,3.36,3305465.28,2238044.37,356,0
28,Arts,180,2.7,3816476.96,2636439.4,839,1
27,Management,373,2.5,4016881.26,2483037.67,588,0
27,Medicine,254,3.0,3119659.44,1621758.5,330,0
18,Medicine,326,3.23,1361419.86,2109109.61,491,0
21,STEM,266,2.51,2045874.82,1170566.81,489,0
18,Medicine,339,3.06,4944861.75,1887592.17,829,1
21,Medicine,239,3.51,1813752.6,310839.08,613,0
25,Management,73,3.35,4603810.86,645655.29,716,1
29,Arts,328,3.11,2502801.65,1120351.04,775,1
25,STEM,31,2.47,3406048.17,353444.62,584,0
29,Management,367,3.48,2226989.09,1546066.51,434,0
19,Management,39,2.92,874527.45,2880584.99,549,0
20,STEM,251,3.76,3343606.89,1684016.88,448,0
23,STEM,426,2.72,3357328.33,1711713.35,651,1
21,Arts,224,3.51,2461197.16,359026.96,575,0
25,Management,113,2.95,939257.3,1684982.93,679,0
28,Management,463,3.9,1497701.84,1229159.89,496,0
18,Arts,490,3.64,3359940.51,2259991.76,468,0
28,STEM,482,3.43,322824.52,1613259.95,666,0
19,Medicine,407,2.78,1751327.42,1206142.87,572,0
23,STEM,107,2.09,1187530.18,1982463.93,564,0
21,Arts,138,3.55,2919845.98,1057150.57,495,0
20,STEM,443,2.1,3606776.93,1634993.87,694,1
22,Medicine,485,3.51,845083.52,562326.66,532,0
21,STEM,29,2.88,1698284.7,305535.95,714,1
29,STEM,102,3.76,1522729.4,1346800.51,707,1
18,Management,250,3.81,4344887.68,399921.38,686,0
23,STEM,29,3.06,4201384.51,1522763.66,657,1
26,Medicine,39,3.84,2769280.78,1819339.69,780,1
19,Medicine,230,2.77,1212208.7,2382239.59,322,0
27,Medicine,354,3.2,4955272.38,757448.72,635,0
19,STEM,170,2.39,3895589.34,334110.8,554,0
27,Management,243,2.79,4745851.91,348114.28,681,0
24,Management,48,3.68,607833.26,1682239.95,392,0
23,Medicine,300,3.68,965013.71,2748812.55,336,0
26,Medicine,218,3.88,1091374.75,2997639.76,374,0
27,Management,405,3.0,3818097.76,2906549.5,826,1
21,STEM,466,2.75,2073195.72,829315.23,637,0
23,STEM,349,3.11,536756.3,2118484.94,429,0
18,Medicine,154,2.9,4709402.72,1412908.35,462,0
28,Arts,483,2.24,260808.98,2149955.97,552,0
20,Management,440,3.81,4938900.9,537511.13,572,0
20,Management,390,3.66,4529400.99,2224334.16,424,0
18,Arts,190,2.08,4142639.86,1684036.22,842,1
26,Medicine,281,2.45,4490196.98,2407665.65,379,0
20,Arts,453,3.81,2645725.47,2983871.11,597,0
19,STEM,19,3.15,1307946.35,841354.75,511,0
27,Medicine,108,3.41,1133785.55,627583.57,393,0
23,Medicine,110,2.68,1001774.17,1194330.52,334,0
24,Management,220,3.52,3258406.61,1698734.9,813,1
23,STEM,269,2.26,3493230.84,643438.38,419,0
22,STEM,267,3.49,1885904.36,1427405.36,550,0
25,STEM,441,2.17,1994017.57,1379714.72,666,0
18,Management,312,3.92,1270228.81,635226.6,569,0
21,Management,286,2.62,4205000.24,2353314.73,808,1
26,Medicine,43,3.99,3785383.59,880192.56,359,0
20,Management,88,2.87,2960808.22,396743.17,725,1
26,STEM,479,3.81,2600924.15,732005.44,705,1
24,STEM,385,3.35,2860403.13,2405339.46,827,1
19,Arts,12,2.17,2427264.47,1877678.11,631,0
22,Management,85,3.95,3810678.05,2060261.89,337,0
27,Management,270,3.72,3992166.55,2539443.38,511,0
18,STEM,122,2.47,2192818.27,2606093.59,683,0
27,STEM,234,3.22,3452629.75,1015639.84,768,1
22,Arts,309,3.77,701439.31,983641.72,581,0
21,Arts,236,2.3,4223138.23,1775124.19,511,0
26,Medicine,56,2.21,1331904.77,326520.08,490,0
28,STEM,136,2.65,1248581.76,2913747.48,359,0
20,STEM,301,2.77,4184928.44,2511663.75,737,1
29,STEM,72,3.95,2262034.04,2045508.25,312,0
29,Management,83,3.03,469621.02,2252496.18,784,1
23,Medicine,20,2.22,3988802.28,2153094.0,738,1
25,STEM,337,3.35,1301703.5,2755211.85,742,1
22,Management,52,3.26,1092029.83,1779438.9,453,0
28,STEM,240,3.93,2476143.97,2262349.39,446,0
22,STEM,404,2.68,4849853.44,1753111.8,578,0
28,Medicine,342,3.3,288236.82,1506809.9,342,0
20,Medicine,4,3.15,3961096.97,2715198.57,772,1
22,Management,347,2.52,1487305.11,1954106.69,414,0
27,Management,302,3.06,2052307.21,2068689.81,357,0
22,Arts,318,2.67,2790194.76,1986226.85,806,1
25,Medicine,216,2.36,676718.05,871708.55,406,0
20,Management,199,3.64,4945514.79,1357927.48,687,0
25,STEM,483,3.5,2407743.02,973718.71,758,1
20,STEM,379,2.4,480038.58,1780239.41,758,1
20,STEM,321,2.22,1751162.55,2300912.51,765,1
25,Medicine,164,2.67,2788683.25,611174.94,634,0
18,Management,418,3.29,2663891.31,2978218.95,325,0
20,Medicine,268,3.06,4958904.2,1737537.02,714,1
28,Medicine,153,3.97,746317.52,374782.2,593,0
21,Management,393,3.14,3030569.75,908447.78,420,0
23,Management,104,3.05,2589393.76,929660.98,359,0
24,Medicine,114,2.15,2984192.61,1382768.49,643,1
22,Management,437,3.07,1041954.5,1147546.86,661,0
28,Management,296,3.26,481953.62,557393.51,722,0
24,STEM,171,3.43,4802459.31,2189929.36,311,0
28,Management,400,2.36,1909352.15,1330436.56,766,1
21,Arts,467,3.16,3744695.73,1949639.96,404,0
26,Management,178,3.77,3569060.59,742451.8,306,0
28,Management,364,2.62,438172.57,665742.42,431,0
25,STEM,32,3.24,1138804.92,1042713.03,677,1
19,Medicine,218,3.82,3110204.88,1114452.63,604,1
18,Medicine,472,3.63,3489711.65,1184163.97,430,0
29,Medicine,458,2.84,881861.42,2155955.8,441,0
27,Medicine,400,2.85,2937976.82,1005416.41,601,0
18,Medicine,70,2.79,3998395.89,2256125.57,668,1
25,Medicine,315,3.75,2482433.81,2223775.4,348,0
25,STEM,259,2.25,3062892.05,1617942.6,532,0
26,STEM,164,3.34,667246.49,2581446.42,617,0
29,Management,9,2.58,596031.48,1507751.31,557,0
24,STEM,488,2.74,1765938.83,1548575.3,322,0
19,STEM,109,3.64,1701080.44,401402.27,325,0
25,Arts,88,2.67,3821397.03,2762287.71,849,1
19,STEM,360,3.95,4558112.02,1261827.8,682,1
25,STEM,416,2.08,4326211.33,425506.81,589,0
29,STEM,178,2.67,301559.74,1196524.79,658,0
26,Medicine,307,2.15,4925488.11,2283594.9,777,1
28,Management,98,2.28,2763328.45,671165.46,715,1
20,STEM,35,3.11,1272155.6,1893426.92,646,1
22,STEM,292,2.78,2286312.28,394426.98,849,1
25,Arts,426,3.47,3207477.42,895481.94,322,0
23,Medicine,357,3.35,2639857.44,772043.71,717,1
27,STEM,205,2.87,4661701.61,394224.01,836,1
20,STEM,225,2.82,2447338.32,1125394.17,328,0
27,Medicine,357,3.4,2122924.01,2380873.07,709,1
22,STEM,106,3.59,3303798.2,2357615.38,601,1
19,STEM,199,3.62,547110.26,1458883.67,452,0
21,Medicine,273,3.46,2382537.35,896120.73,476,0
24,STEM,314,2.43,1129983.1,716807.78,782,1
22,Management,55,3.18,4987212.85,2481904.7,751,1
20,Medicine,237,3.27,2390772.62,2772457.89,623,0
18,STEM,108,2.89,4753619.74,366071.9,663,0
29,STEM,413,2.95,4535348.79,2960259.27,807,1
29,STEM,15,3.4,4798765.94,1742095.45,522,0
25,STEM,319,3.66,4403583.07,1332938.06,634,1
28,STEM,229,2.92,626774.49,623650.14,325,0
19,Medicine,56,3.96,1645502.54,561172.8,422,0
21,STEM,313,3.22,1520746.09,2500308.15,536,0
28,STEM,459,3.52,3780635.53,2654778.36,673,1
29,Medicine,467,3.48,4069696.2,1849027.79,684,1
25,STEM,20,2.72,2511733.51,1505836.22,566,0
26,Management,96,2.91,2180016.98,864505.65,370,0
19,Medicine,182,2.08,1975054.4,459772.07,845,1
20,Management,188,3.01,411347.97,1676602.15,454,0
29,Management,397,3.15,4883477.9,371587.38,316,0
28,STEM,94,3.52,4501693.89,2642257.42,419,0
20,Management,106,2.65,4208422.58,598937.79,353,0
18,STEM,358,2.78,1797560.52,847025.47,420,0
27,Management,210,2.17,2558577.36,2758504.16,457,0
21,Medicine,363,2.01,1186934.59,1686059.72,710,1
28,Management,392,3.07,1472553.69,2111106.03,741,1
27,Management,479,2.42,4368282.66,1689650.69,307,0
19,Arts,77,3.47,4897024.52,2692449.25,408,0
26,Medicine,25,2.26,687164.28,1338112.73,578,0
18,STEM,161,3.35,4643015.68,2012446.12,320,0
20,STEM,412,3.15,4589465.35,2101308.96,482,0
24,Medicine,46,3.86,4799053.17,830342.08,307,0
26,Management,236,3.7,1518048.52,644310.82,664,0
23,Medicine,431,3.84,1075008.56,2584917.65,795,1
20,STEM,110,2.02,3876088.05,455358.86,549,0
28,Management,475,3.39,3397093.76,2475848.12,688,0
22,STEM,440,2.37,1769532.24,1663242.95,535,0
23,STEM,217,3.37,3525106.84,991185.2,515,0
26,Medicine,442,2.55,3405638.11,2954429.28,323,0
22,Medicine,1,2.58,1091551.76,2028357.2,832,1
26,Arts,38,2.41,4754360.94,2996161.83,700,0
28,Medicine,275,3.69,327987.62,2800531.43,770,1
24,STEM,415,2.74,1400164.77,1344534.46,788,1
19,STEM,405,2.68,4672856.09,1266923.72,727,1
20,Medicine,172,2.19,4022176.34,2211522.41,774,1
27,Medicine,292,3.44,4013877.86,2567106.67,311,0
18,Medicine,426,3.58,4721223.41,839318.33,765,1
26,STEM,97,2.58,3838537.83,718854.54,484,0
29,STEM,218,2.4,2253302.82,2459981.11,671,1
25,Medicine,24,3.19,770644.92,1841749.86,410,0
24,STEM,183,2.99,2938706.14,1784541.09,711,1
18,Medicine,42,3.13,873246.94,2938199.62,425,0
19,STEM,328,3.96,2372213.92,1917330.33,505,0
21,Medicine,342,2.54,3826968.01,594077.51,339,0
18,Management,375,3.39,1335673.44,615966.72,847,1
25,Management,434,2.04,593773.41,2904702.25,713,1
27,Management,233,2.94,3711894.37,2070177.98,774,1
21,Medicine,402,2.42,281088.7,2739418.69,710,1
19,Management,177,3.2,1305462.89,2183805.01,345,0
25,Management,246,3.41,1775986.18,680755.53,622,0
23,STEM,122,3.67,1478911.56,412908.94,677,0
26,Arts,47,3.34,2139585.75,1583819.45,831,1
21,Management,487,2.04,1900310.55,549315.25,583,0
20,Management,446,3.29,2354760.82,1805581.29,486,0
27,Arts,196,3.08,3207243.5,2373745.14,566,0
25,Medicine,15,2.67,4015495.76,340674.77,822,1
23,Medicine,481,2.24,3987980.46,764970.27,737,1
24,STEM,205,3.71,3120787.72,2947040.88,351,0
25,Management,148,3.72,3737038.06,2634422.94,359,0
27,Management,295,3.2,3253403.32,2520447.38,804,1
19,STEM,39,2.72,4753408.3,1529369.7,649,1
24,Management,271,2.6,4087456.45,844031.64,423,0
28,Management,493,2.09,1250621.22,2301812.94,322,0
26,STEM,197,2.71,4880825.55,1869910.73,757,1
26,STEM,38,2.08,818432.77,554977.46,699,1
19,Management,333,3.86,2164244.27,2170011.21,684,0
24,Management,262,3.31,1747708.15,2984790.73,660,0
27,Medicine,374,2.09,3110453.94,1952662.78,365,0
26,Management,384,2.56,4158367.32,801920.03,831,1
19,Arts,404,2.06,840082.86,1117217.44,679,0
25,Management,209,3.16,4419148.55,991120.77,463,0
22,Management,455,3.58,2961446.02,1577819.06,556,0
22,Management,440,2.15,2678810.57,2740090.57,572,0
29,Medicine,473,2.94,3226826.09,1656880.35,542,0
20,STEM,438,2.88,214019.05,1005178.9,389,0
26,Management,201,2.35,3607988.41,317456.03,794,1
29,Medicine,364,3.57,2289757.49,2147085.93,726,1
26,Management,374,2.11,4509578.59,1333671.27,409,0
22,Management,362,3.8,3716657.52,1637404.9,598,0
23,STEM,450,3.74,2214719.81,2664582.26,737,1
20,STEM,306,3.83,396117.57,683125.18,800,1
20,STEM,80,2.28,1801767.73,2914000.02,847,1
18,Medicine,133,2.68,284479.89,1825567.24,445,0
25,STEM,336,2.39,4670814.82,2231956.99,320,0
23,Medicine,259,2.56,1541363.19,695725.87,578,0
28,Management,65,3.34,2053343.11,807931.89,764,1
24,Management,280,3.87,459093.64,2358487.59,704,1
23,Medicine,117,3.62,3307357.01,479689.88,455,0
22,Management,229,3.83,3128905.04,2108927.62,394,0
25,Arts,294,2.31,4755733.45,2383050.46,741,1
23,Management,407,2.65,1232595.44,662537.59,719,1
18,STEM,173,2.12,4067298.64,796059.01,757,1
20,STEM,450,3.0,321547.01,2219895.3,688,0
23,Medicine,277,2.87,4092127.44,2065764.38,401,0
26,Management,475,3.46,4797499.25,2289343.06,720,1
22,Medicine,290,2.24,1560702.4,447831.51,533,0
29,Management,54,2.3,3488192.08,310480.35,337,0
18,Management,384,2.82,3615944.06,1512950.01,586,0
20,Medicine,256,2.58,770059.14,2578033.07,649,0
22,STEM,243,3.3,2712491.31,408295.42,306,0
18,STEM,459,3.06,4856237.82,997099.48,832,1
27,STEM,42,2.68,3123363.35,2341473.34,524,0
23,Management,218,3.82,4878436.74,2068934.95,300,0
27,Management,250,3.12,1100054.49,1436448.54,513,0
18,Management,279,3.63,345181.37,732573.75,356,0
23,STEM,223,2.43,4377278.76,1046146.15,760,1
21,Medicine,139,2.35,466486.75,1647477.37,548,0
18,STEM,173,3.81,2160702.33,1414423.03,365,0
27,Medicine,285,2.27,4345798.95,2184452.4,396,0
23,STEM,276,3.92,3373498.31,2255128.06,542,0
23,Management,342,3.41,4143001.96,1569975.64,722,1
28,STEM,259,2.78,4798036.56,484228.77,728,1
27,STEM,349,2.47,3610705.5,1663674.93,734,1
28,STEM,29,2.63,4352702.35,2094590.67,648,1
27,Management,87,2.24,2799699.22,2455034.28,685,0
18,STEM,416,3.08,4716609.44,2113052.49,370,0
24,STEM,133,3.4,527296.47,1068294.68,734,1
27,Management,484,2.86,2835736.43,794680.23,559,0
19,Management,275,2.42,832596.0,2632758.87,503,0
19,Arts,377,2.45,2083642.47,507801.34,426,0
28,Medicine,425,3.17,697119.56,2716178.73,544,0
27,Arts,301,3.43,3411432.35,2776457.11,586,0
19,Medicine,86,3.42,950680.58,682003.75,623,1
25,Management,359,3.15,2350210.58,2164312.61,389,0
19,STEM,133,2.36,1768009.58,377699.89,634,0
24,STEM,343,2.27,4157679.4,2061038.71,609,1
27,Arts,297,3.56,437323.7,2156730.11,627,0
26,Medicine,407,2.19,3186501.17,659645.96,603,0
26,Arts,316,2.7,4721526.03,2823336.72,685,0
28,Arts,86,3.64,702916.88,2999885.92,792,1
21,Arts,168,3.53,3147518.95,840046.46,611,0
24,Management,387,3.19,4712264.81,1584155.9,580,0
29,Arts,297,2.53,3135955.63,2206358.05,338,0
20,Management,402,3.99,1182064.42,1164330.27,419,0
26,Management,363,2.55,2616653.47,1127671.51,335,0
21,Management,420,3.54,3821900.66,2866303.64,549,0
26,Management,278,2.65,3223776.08,2459227.5,598,0
25,Medicine,124,3.88,4021283.8,1023425.83,578,0
22,Medicine,338,3.26,1737822.22,2610304.8,471,0
26,STEM,316,3.63,4669297.87,2750539.59,799,1
20,Management,484,2.7,4173267.37,1579273.58,766,1
21,Management,357,3.78,915782.71,1266075.21,371,0
27,Medicine,401,3.22,4443530.88,2224652.13,738,1
29,Medicine,273,2.58,2898078.74,2598941.06,532,0
21,Management,51,2.9,3442572.57,309983.35,734,1
25,Management,436,3.38,1993866.29,2935361.38,833,1
21,Management,374,2.87,899570.49,2259161.77,624,0
20,Management,40,3.06,418641.44,834680.65,322,0
25,Arts,135,2.97,775084.28,1679148.96,811,1
18,Management,210,2.74,4985762.31,2969081.91,519,0
19,Management,235,3.37,1862317.99,1652305.3,587,0
18,Arts,203,2.05,4388739.75,1543381.71,609,0
23,STEM,417,2.7,1443909.87,1831721.59,317,0
29,Management,357,3.95,4081465.91,2447144.71,717,1
18,Medicine,135,2.39,1385467.57,2249782.25,704,1
18,STEM,32,2.54,4494639.46,2229051.36,588,0
26,STEM,83,3.52,1029709.89,2993900.26,312,0
25,Management,117,2.5,805567.05,1961110.0,554,0
21,STEM,187,2.4,1881069.15,844631.76,423,0
28,STEM,191,3.18,1158264.74,2447258.6,504,0
26,Medicine,176,3.33,2339900.99,1216953.88,521,0
24,STEM,288,2.99,1475580.81,2974368.61,848,1
26,STEM,335,2.06,3150570.32,2613703.67,753,1
28,STEM,22,3.92,2979885.0,1572111.89,653,1
22,Management,346,3.55,4414442.75,1784227.35,677,0
19,Management,55,3.3,3318714.28,2042610.23,339,0
28,Medicine,92,3.84,3746936.86,534446.38,728,1
18,Management,153,3.3,1743395.23,917477.82,655,0
27,STEM,442,2.79,4391891.77,1674377.62,723,1
18,Arts,158,3.87,4371354.96,2227508.38,427,0
18,Arts,229,3.27,4072952.52,1735281.47,830,1
25,Medicine,302,3.0,2663525.5,681762.21,461,0
23,STEM,213,3.4,4241947.71,1143712.95,373,0
26,STEM,391,3.06,3709460.28,1396049.72,489,0
23,Management,287,2.12,292957.59,571916.76,580,0
27,Management,3,2.95,2312459.7,955002.73,801,1
23,Arts,104,2.47,3486638.99,1893050.09,619,0
26,Management,466,2.41,1382020.34,398479.84,748,1
25,STEM,140,2.4,1832245.67,863449.07,624,0
25,Management,440,2.39,3860714.3,1543717.59,349,0
18,Medicine,262,2.57,3698707.66,2676568.02,526,0
20,STEM,54,2.57,2804584.55,2366578.96,384,0
21,Arts,145,2.34,214941.93,2031830.19,535,0
25,STEM,322,2.83,3526653.1,1080115.08,506,0
18,Arts,223,2.39,1685246.41,2056172.88,545,0
28,Medicine,143,3.27,4179627.45,2229934.74,547,0
29,Management,55,2.13,1478493.74,2178792.21,539,0
21,Arts,222,3.31,668247.05,2821480.17,777,1
23,Arts,386,3.48,2407558.8,1481489.97,718,1
24,Management,174,3.95,2601266.69,1483928.5,655,0
23,Management,202,2.9,3939094.12,1233664.53,816,0
23,Management,111,3.72,3379330.33,471130.65,787,1
21,STEM,231,2.19,1066440.76,1170900.63,730,1
24,Management,118,3.76,1810673.1,1200440.78,483,0
28,Management,66,2.08,1019339.95,2979473.31,839,1
23,STEM,126,2.17,647675.01,1735071.31,629,0
24,STEM,410,2.08,3995525.72,581946.85,601,0
26,Arts,129,3.68,1304148.06,1486813.88,461,0
24,Medicine,336,2.2,3198505.96,1258942.67,394,0
21,Arts,180,3.97,4103051.3,370429.2,375,0
18,Management,111,2.39,2016090.41,1717982.47,371,0
21,STEM,201,2.52,4835706.33,2915796.65,689,0
25,Arts,437,2.43,2377627.36,537652.14,578,0
23,STEM,478,2.73,2820601.37,1141309.66,809,1
23,STEM,336,3.88,1505835.51,1345059.22,400,0
20,STEM,203,2.61,2795376.18,1469397.84,421,0
19,STEM,201,2.92,4319938.24,984556.26,355,0
27,STEM,135,3.92,4908466.57,1654277.47,796,1
22,Medicine,239,3.87,4234076.53,2120087.32,659,1
19,STEM,473,2.91,4901969.64,957648.75,736,1
25,Arts,287,3.05,4584309.59,589490.61,538,0
25,STEM,427,2.14,1047780.91,2968323.95,312,0
24,STEM,64,3.99,3720099.35,1323258.57,687,1
25,Arts,162,3.29,2354390.64,1372136.68,714,1
20,STEM,3,3.13,938564.17,925613.62,406,0
23,STEM,32,2.79,2092247.35,2916551.51,626,1
23,Medicine,493,3.94,3155740.93,1825479.65,300,0
28,Management,128,3.94,4105922.41,370549.54,336,0
25,Medicine,146,2.2,2185834.16,774048.72,778,1
23,STEM,13,2.28,4581911.07,802598.6,807,1
27,STEM,436,3.22,4962959.86,416279.36,755,1
19,STEM,18,3.26,4490155.98,2216114.67,649,1
25,STEM,302,2.12,3273656.05,1685381.47,628,1
23,STEM,398,2.05,4771851.94,707925.77,834,1
27,Management,36,3.88,1995644.88,1593447.75,710,1
28,STEM,104,2.86,2409345.56,2007079.1,591,0
20,Arts,275,3.32,2447843.55,2142008.3,697,0
22,Management,402,3.79,2008946.14,1100101.14,364,0
29,STEM,94,3.02,2081445.45,1893037.29,527,0
26,Arts,366,2.78,4632323.29,1353710.09,561,0
27,Arts,37,2.43,241352.27,2693271.5,634,1
20,Management,132,2.76,1922293.75,2490592.38,327,0
25,Management,197,2.2,2522399.03,596817.36,312,0
27,Medicine,488,3.0,1218609.12,1977046.07,480,0
19,Medicine,250,2.11,3660476.97,649747.09,647,0
18,Management,10,3.79,1905548.83,2502463.33,730,1
18,Medicine,162,2.39,2470205.79,2462214.11,495,0
21,STEM,492,3.56,4230605.72,1353600.89,359,0
20,STEM,182,3.59,1378240.17,2748550.23,754,1
29,Management,113,2.05,2286979.95,2308723.12,358,0
29,Management,422,2.5,1897772.04,2010469.69,819,1
24,Medicine,114,3.5,2021981.08,848921.83,582,0
26,STEM,219,2.2,1375627.98,2620184.68,645,0
23,STEM,74,3.49,4027424.7,1503806.49,607,1
27,Management,247,2.65,681427.48,1014501.99,489,0
25,STEM,348,3.78,961958.74,1296807.6,648,1
27,Management,175,3.02,312671.86,1074601.91,358,0
20,Management,267,3.99,401053.87,730743.64,458,0
23,Management,454,3.91,3318986.34,1651602.55,372,0
28,Medicine,323,2.28,3811969.27,1130134.12,736,1
22,Management,229,2.49,4110055.88,2012606.64,818,1
24,Medicine,405,4.0,392594.38,2344839.04,729,1
23,Medicine,493,2.58,3326829.63,998369.87,755,1
23,Management,20,3.05,1687139.25,2827941.63,543,0
20,STEM,261,2.7,4338901.9,2682495.74,754,1
19,Management,186,2.17,3231317.69,1958805.59,621,0
18,Management,204,2.61,2036477.68,727482.78,639,0
24,Medicine,184,2.25,1522860.86,2295186.0,476,0
24,Management,108,3.83,3695830.29,1742657.68,535,0
25,STEM,219,2.21,3997537.59,1175652.43,473,0
18,Management,311,4.0,3777896.71,1271939.38,663,0
27,STEM,217,3.02,4868648.29,1731966.14,573,0
29,Management,324,3.39,1293182.1,2442928.28,827,1
28,Management,2,3.43,4675834.41,2318961.47,647,0
29,STEM,303,2.8,3926657.9,1055731.31,843,1
26,Medicine,243,3.83,3169052.86,1802239.87,746,1
21,STEM,90,3.92,1118251.21,1739160.94,616,1
22,STEM,85,3.03,3366704.75,1483761.47,833,1
26,STEM,160,3.41,773148.42,1656466.23,515,0
29,Arts,176,3.68,4585677.21,1783645.96,358,0
27,STEM,226,3.85,2958295.87,2497448.91,373,0
21,STEM,303,2.4,2776744.46,2148888.08,724,1
27,STEM,114,3.71,4688106.95,2634268.3,679,1
20,Management,459,2.09,929654.21,1023183.13,848,1
21,STEM,330,3.1,3873050.85,798338.39,359,0
20,STEM,10,2.44,1279566.77,1960082.7,823,1
24,Management,289,2.28,4708787.02,2467954.4,674,0
22,STEM,485,3.06,3193983.71,996699.85,826,1
21,Medicine,86,3.89,2743565.56,2068958.31,370,0
22,Management,358,2.0,3268232.66,2368456.59,559,0
26,Medicine,294,3.9,3854944.84,1696543.45,457,0
20,STEM,70,3.65,4757710.74,382342.3,577,0
19,Management,429,2.68,989558.64,1107580.07,700,0
20,STEM,442,2.42,3094209.96,301676.86,397,0
23,Medicine,251,2.49,303440.17,513799.81,666,0
28,Medicine,337,3.18,4237721.23,1133791.9,642,1
21,Management,118,2.49,3111301.98,604594.08,637,0
25,Management,217,2.13,2541734.49,1568119.09,755,1
24,Medicine,3,3.18,4948225.1,2840250.33,400,0
27,STEM,284,3.19,3922545.59,459581.32,305,0
18,Medicine,419,3.93,2280847.02,1413450.72,502,0
25,STEM,146,3.2,1022803.36,1493996.66,303,0
24,Management,162,2.83,603418.95,341800.94,507,0
29,STEM,220,3.95,280467.69,2974981.99,312,0
19,STEM,273,3.13,4298089.01,419038.13,841,1
27,STEM,487,3.43,1499642.04,1661898.3,791,1
28,STEM,217,3.54,3691671.19,1031251.42,749,1
21,Management,73,2.23,4369513.48,1540027.81,355,0
29,Arts,262,3.18,705078.11,880838.05,805,1
21,Medicine,79,2.83,3539331.21,1124214.91,421,0
28,STEM,55,2.82,2904945.63,396175.75,408,0
26,Medicine,329,2.32,3412105.61,1725923.21,767,1
27,STEM,289,3.25,4937309.03,2817837.74,608,0
21,Management,264,2.5,1743039.05,2088740.97,567,0
21,Medicine,207,3.71,1027128.94,2074959.42,839,1
18,STEM,11,3.93,4815408.58,1871964.89,817,1
23,STEM,43,3.04,758554.14,2345439.31,452,0
20,Arts,37,3.01,1101729.37,1285347.49,454,0
29,Management,127,3.44,525454.0,301120.59,467,0
20,Management,28,3.34,4778899.74,374352.1,436,0
23,STEM,58,2.14,2883652.99,626736.23,475,0
27,Arts,206,3.79,3532393.76,2142943.71,713,1
29,Medicine,444,2.3,1456120.72,1594255.75,590,0
27,STEM,116,2.48,4619531.57,1518769.53,748,1
21,STEM,250,2.24,4944775.11,394226.11,755,1
24,STEM,229,3.29,1419570.91,2545990.36,599,0
24,Medicine,257,2.32,2899466.08,2855696.78,327,0
29,Management,369,3.93,2759042.6,2310136.47,443,0
26,Medicine,306,3.7,3716286.06,2959892.51,381,0
24,Management,86,2.7,4616775.01,2282594.6,691,0
20,Medicine,5,3.73,781181.09,1822461.71,524,0
24,Management,415,3.93,2940347.29,1104018.4,693,0
29,STEM,384,2.55,521315.35,2865773.74,401,0
22,Arts,344,2.37,2674045.01,1569069.04,469,0
26,STEM,140,2.78,1591682.2,719753.99,367,0
20,STEM,477,3.27,1708319.49,558116.66,377,0
19,Arts,123,2.75,4315542.21,742718.68,678,0
27,Medicine,21,2.4,2805982.33,1120009.77,412,0
27,Arts,440,2.22,990463.05,1618511.0,743,1
28,Management,63,3.0,945272.76,2056014.38,492,0
19,STEM,226,2.75,2948203.05,1702603.43,786,1
23,Management,434,3.2,1342382.67,1391066.32,422,0
19,STEM,498,2.5,4912284.25,1655480.41,818,1
25,STEM,83,2.01,3182784.89,834848.12,569,0
18,Medicine,461,2.64,2530072.41,1449281.62,443,0
27,Medicine,350,2.08,1783840.48,1698723.76,629,0
23,Management,251,2.73,466839.53,1500504.7,430,0
28,STEM,363,2.31,350237.37,2280912.39,408,0
19,Management,259,2.47,4049982.42,1630625.87,476,0
28,Management,234,3.92,1334148.57,2991832.04,448,0
18,Management,209,2.96,445441.05,1109575.0,782,1
22,STEM,316,2.97,2618177.08,1809717.43,376,0
19,Management,426,2.49,2785810.13,2602655.81,659,0
26,Arts,13,3.74,1329050.25,2624098.49,783,1
27,Medicine,468,2.59,2353443.92,858496.07,313,0
25,Management,359,2.26,3101391.25,1510184.1,480,0
24,STEM,158,3.76,3231551.68,2730968.74,342,0
29,Management,413,2.93,4550451.37,1877202.7,651,0
23,Arts,85,3.27,1304054.01,1621313.51,813,1
25,Medicine,195,2.7,2278633.21,1917236.1,627,0
20,STEM,372,3.56,4068048.08,1489630.22,402,0
18,Arts,481,2.23,3916246.04,1299943.67,349,0
22,STEM,372,3.91,4352424.42,1965095.14,682,1
25,STEM,355,3.58,3033019.09,1131257.81,817,1
28,Medicine,118,3.38,833961.0,2496129.61,555,0
20,STEM,122,3.09,955779.54,1072710.26,764,1
21,Management,26,2.48,2699886.24,1245632.95,583,0
29,Management,376,3.39,4319725.18,2965300.45,749,1
24,Medicine,179,2.85,855915.65,2180104.83,729,1
26,Medicine,91,2.5,4469338.54,2120873.39,721,1
20,Arts,449,2.19,4899153.8,2192812.61,818,1
18,Management,162,2.73,449875.83,2685168.6,574,0
28,STEM,308,2.01,3716909.97,1989324.68,591,0
24,STEM,88,3.77,4613180.71,1087619.42,452,0
28,Medicine,215,3.63,4966339.7,2962385.13,623,1
23,Management,74,3.12,3609303.85,1782481.03,714,1
28,Medicine,215,2.02,3708652.28,2371771.43,572,0
24,STEM,141,2.55,3626312.22,1320756.17,373,0
28,STEM,454,3.24,4694048.39,437399.97,360,0
28,Arts,124,2.13,2453657.33,1816898.58,790,1
19,Arts,88,3.6,3223556.17,424967.47,762,1
25,STEM,365,2.73,1201514.31,2084798.99,712,1
25,STEM,26,2.35,304121.12,2118405.85,358,0
18,STEM,430,3.62,2291210.73,870003.25,767,1
24,STEM,37,2.62,406298.42,1967969.2,666,1
28,Arts,389,2.28,2184767.97,2284337.99,758,1
28,STEM,138,2.54,3284376.93,732417.1,717,1
19,STEM,27,3.07,3175288.04,2559881.83,369,0
24,Management,33,3.44,210305.57,795619.62,728,1
23,Medicine,281,3.48,2683706.9,975095.38,829,1
19,Medicine,217,3.78,3984712.52,1832670.09,339,0
28,Medicine,50,2.35,4755105.19,929014.08,798,1
29,Management,335,3.02,751602.85,1694328.55,366,0
26,STEM,409,3.36,2710969.23,2031596.65,342,0
20,Management,401,3.21,2025456.6,865954.21,726,1
20,STEM,120,2.21,2681020.0,576521.78,336,0
19,STEM,33,2.63,967406.99,1661048.14,526,0
26,Medicine,77,3.55,4454614.11,1732940.59,485,0
19,STEM,439,2.1,1755508.95,1351662.98,302,0
28,Management,104,3.42,3201293.12,2528916.7,587,0
24,STEM,204,2.85,1496676.3,1731574.43,361,0
23,Medicine,316,2.83,4994851.97,1616221.1,719,1
27,Medicine,428,3.71,2248388.19,2972385.72,842,1
19,Management,281,3.93,1424572.24,1703634.25,786,1
19,STEM,88,3.87,313305.96,1894739.15,359,0
20,Medicine,273,3.64,4397945.96,391728.92,761,1
18,Medicine,90,2.68,1100761.41,2729222.92,808,1
25,Arts,197,3.81,4306185.33,320127.99,379,0
22,Management,341,3.17,1976043.5,2635401.07,342,0
24,STEM,53,2.17,1005601.17,2178843.9,566,0
19,Management,23,3.09,1231586.53,1025719.33,811,1
18,Medicine,322,2.91,1256096.59,2249381.18,705,1
29,Management,111,3.48,696624.27,1352551.74,339,0
24,STEM,402,3.08,660242.42,2646260.37,594,0
20,STEM,421,3.03,445980.66,386282.53,847,1
18,Arts,53,2.87,2585878.47,2417363.3,448,0
24,Management,109,2.94,2579299.34,2859376.84,835,1
27,Management,341,3.0,671995.73,1352076.09,308,0
21,Medicine,452,3.37,1920819.77,461598.17,324,0
28,Arts,7,3.4,1942208.75,715339.31,708,1
23,Arts,187,2.82,2027899.02,1097979.84,564,0
25,Medicine,203,2.42,2620400.34,1393622.34,442,0
23,STEM,360,2.43,260845.24,2568645.71,410,0
20,Medicine,414,2.73,2456304.34,1589591.92,411,0
26,STEM,199,2.48,3237297.07,988244.2,599,0
23,STEM,34,2.98,4830178.4,877758.42,849,1
25,Management,385,2.14,1901946.41,695499.77,371,0
18,STEM,11,3.19,4062985.01,389680.95,602,1
23,Medicine,303,3.3,3757825.13,1614887.65,385,0
26,Management,69,3.21,1782049.6,2598067.59,467,0
28,STEM,162,3.98,757832.63,2030504.8,833,1
22,STEM,55,3.74,3776121.98,2964323.6,627,1
23,STEM,31,3.94,4759742.51,556398.82,342,0
18,STEM,293,2.47,2723505.59,2274700.37,523,0
27,Medicine,148,2.8,634368.52,817787.56,428,0
27,Management,89,2.76,3878740.99,1180986.47,776,1
18,Management,318,3.34,542984.43,2956030.57,442,0
18,Management,101,2.17,4306694.28,2716597.44,504,0
29,STEM,330,3.25,2740835.28,1315891.99,566,0
