age,annual_income,credit_score,property_value,down_payment,loan_amount,tenure_years,foir_ratio,approved
41,4324441.35,482,6218094.37,1768186.32,4449908.05,10,0.18,1
57,4384824.07,414,10583478.24,1729579.91,8853898.33,20,0.3,0
52,945675.56,409,5975798.74,993938.29,4981860.45,25,0.77,0
34,2666509.28,782,13084145.73,2217878.77,10866266.96,30,0.58,1
30,1528582.47,733,10528485.65,2310712.96,8217772.69,10,0.8,0
35,4467621.23,529,5439460.68,1379589.78,4059870.9,20,0.16,1
32,4928621.35,835,18235493.51,3196355.7,15039137.81,25,0.33,1
38,2908085.35,626,10375066.73,1575102.6,8799964.12,30,0.41,1
33,3786464.05,774,15313179.87,3153682.6,12159497.27,25,0.3,1
55,2875899.34,716,18697013.45,2301506.22,16395507.23,30,0.61,0
32,1302632.21,576,16043049.4,1632584.32,14410465.08,25,1.22,0
52,4817967.01,731,15114632.92,2760474.16,12354158.76,20,0.33,1
34,684954.6,769,17281052.02,2119254.45,15161797.57,10,2.02,0
46,2412182.53,576,16453077.14,4137927.65,12315149.49,10,0.51,0
36,3405051.09,402,6907503.67,699417.03,6208086.64,30,0.32,1
26,3790777.97,606,4340680.38,547496.23,3793184.16,25,0.17,1
29,970186.4,584,13973013.17,2710399.56,11262613.61,30,1.12,0
42,3714391.71,370,11050609.94,2911474.78,8139135.16,20,0.3,1
51,1253365.92,669,5485395.02,1482318.36,4003076.66,30,0.41,1
33,2633051.56,804,18583860.33,3972956.97,14610903.36,15,0.57,1
30,2951754.41,434,7029647.07,1050009.88,5979637.19,30,0.28,1
51,1031544.07,522,2631060.95,498559.43,2132501.52,25,0.47,0
57,4679942.81,739,16144621.78,3523248.97,12621372.81,20,0.35,1
57,791600.9,718,18675668.79,2074569.42,16601099.38,25,2.54,0
40,803678.24,394,7183710.01,1322862.65,5860847.35,25,0.86,0
44,1622971.6,527,9470247.84,2401755.28,7068492.56,15,0.68,0
40,4687305.0,391,13155877.74,3097042.59,10058835.15,30,0.28,1
32,3193808.64,517,3279839.35,755039.47,2524799.88,10,0.15,1
57,1027728.69,709,6169371.31,1824227.89,4345143.42,15,0.77,0
45,4865337.78,581,13131204.86,1479817.15,11651387.71,15,0.23,1
48,1275184.65,836,11162889.88,3304510.08,7858379.8,20,0.97,1
53,1180061.39,735,18739403.23,3487841.62,15251561.61,25,1.23,0
49,1026766.02,409,15549804.84,1581264.0,13968540.84,25,1.29,0
42,1821763.33,774,8183460.58,2056996.44,6126464.15,20,0.44,1
44,621115.78,439,6352205.4,956074.17,5396131.23,30,1.24,0
43,4520722.43,699,18988836.36,2065963.74,16922872.62,10,0.36,1
58,2090352.67,331,12103628.45,2941618.37,9162010.07,20,0.63,0
50,2832411.59,570,17455387.52,2213911.65,15241475.87,20,0.49,0
57,953007.58,308,18206774.2,5346075.22,12860698.98,15,1.61,0
25,1078901.59,350,12786303.95,1785430.28,11000873.67,10,1.01,0
35,960664.66,663,2897893.73,854253.6,2043640.13,15,0.74,0
40,4732451.34,419,18292403.49,2264349.01,16028054.47,25,0.35,0
44,4192692.27,736,2195988.86,281750.9,1914237.96,20,0.06,1
35,1944594.16,815,13842745.27,2307104.59,11535640.68,15,0.82,0
30,4463948.52,340,14576799.59,3679297.63,10897501.96,15,0.26,1
31,1591040.56,611,19686625.81,4365037.7,15321588.11,25,1.04,0
35,2290459.86,747,15450394.61,1708865.65,13741528.96,10,0.6,1
40,2930248.31,627,14230007.0,1504084.6,12725922.41,20,0.56,1
35,3917390.07,670,12185954.7,2286658.96,9899295.74,15,0.35,1
51,764189.73,670,2780759.2,405414.52,2375344.68,30,0.79,0
54,933302.12,729,15354159.92,4182794.77,11171365.15,10,1.46,0
44,3868955.91,300,5250808.57,970458.3,4280350.27,30,0.11,1
49,949805.11,428,10113476.78,1016833.01,9096643.77,30,0.94,0
43,2535771.9,693,14986400.69,4127200.66,10859200.03,15,0.44,1
32,2285063.83,793,14022031.14,3936123.59,10085907.55,15,0.43,1
43,4979922.36,636,12456561.47,1345055.78,11111505.69,15,0.31,1
47,2231360.99,418,16014312.99,3407191.24,12607121.75,10,0.7,0
32,4175143.6,315,2648948.49,698913.59,1950034.9,15,0.15,1
27,2455370.83,368,5823744.65,1577572.62,4246172.03,30,0.29,1
37,1981516.51,655,16809802.09,2801990.33,14007811.76,10,0.78,0
32,3680733.37,479,15813088.87,2921958.02,12891130.85,10,0.34,1
36,1255735.96,470,5158343.41,1225428.05,3932915.36,30,0.32,1
58,1256249.48,426,8890242.26,1059865.28,7830376.98,20,0.61,0
27,4248897.08,646,16303897.51,2833862.42,13470035.09,10,0.42,1
55,2818246.44,596,2119869.64,632712.09,1487157.55,20,0.16,1
32,4634270.43,357,12402702.88,3057722.71,9344980.17,10,0.18,1
50,1139921.13,829,10254187.87,2085544.47,8168643.41,20,0.65,1
26,3439413.12,635,18879671.64,2056292.76,16823378.88,10,0.51,1
51,2332796.23,496,9224895.92,1797315.45,7427580.48,25,0.47,0
27,1216359.47,371,16532894.0,3329138.42,13203755.58,10,1.15,0
50,680959.01,473,11036491.59,1990836.64,9045654.95,25,1.24,0
33,4236571.78,404,6044820.84,1322090.79,4722730.06,20,0.11,1
39,1434964.52,766,13853404.73,1609189.67,12244215.06,25,1.11,0
31,804573.25,351,7229452.53,2088056.52,5141396.01,10,1.17,0
55,802328.9,665,7677028.36,1299874.19,6377154.17,15,1.16,0
38,3774172.78,797,8701633.11,1751985.1,6949648.02,10,0.3,1
29,3832530.66,843,2255939.2,532589.61,1723349.6,10,0.15,1
28,3519679.5,554,13202392.31,2817593.78,10384798.53,30,0.37,1
35,965201.36,722,7771006.92,1678296.31,6092710.61,30,0.7,0
34,1749574.99,844,8538075.22,2262128.23,6275947.0,15,0.45,1
41,4891145.1,494,19236380.71,2045549.82,17190830.89,10,0.35,0
25,586328.53,321,19035117.7,2058766.49,16976351.21,20,2.76,0
34,1249419.91,822,4020988.55,567133.5,3453855.06,25,0.49,1
51,1970037.86,502,8188383.82,2225351.56,5963032.27,20,0.39,1
52,3835227.26,827,19676921.41,5394223.3,14282698.11,20,0.47,1
26,1692495.14,732,2349454.47,385487.55,1963966.92,25,0.21,1
37,4563632.71,598,17490028.79,3599748.37,13890280.42,30,0.32,1
26,3218841.12,702,5893287.52,1082576.39,4810711.13,20,0.23,1
44,866267.26,473,9545188.32,999181.51,8546006.81,10,1.24,0
31,1848562.72,839,7457842.8,1613636.01,5844206.79,30,0.37,1
41,3566518.58,756,19838677.15,4626227.31,15212449.84,20,0.49,1
29,3185719.73,589,5097223.59,1137508.3,3959715.29,10,0.28,1
41,3205226.52,360,12823297.11,2887006.91,9936290.2,30,0.4,1
38,2512012.21,591,3675455.22,507120.74,3168334.48,10,0.21,1
47,4705548.67,640,15901027.71,3401768.46,12499259.26,10,0.28,1
49,625311.06,585,3154872.12,457668.86,2697203.26,15,0.52,0
32,4653889.17,772,16359437.49,3743707.75,12615729.74,15,0.32,1
52,1839247.83,325,12909547.07,1541535.25,11368011.81,20,0.77,0
51,4534176.39,596,8590644.25,2108213.36,6482430.88,25,0.25,1
51,4931823.07,519,3903037.78,582114.34,3320923.44,10,0.12,0
58,2939193.35,801,13741212.09,3905776.98,9835435.11,15,0.47,1
54,2929663.02,328,14524170.98,2043230.69,12480940.29,20,0.47,0
43,4733975.69,398,16532384.5,4211176.01,12321208.49,15,0.32,1
54,3282823.45,731,2579063.44,447415.4,2131648.05,15,0.23,1
38,3517200.73,732,7057882.53,1965451.51,5092431.02,25,0.21,1
48,4544188.35,374,9435029.62,1097734.72,8337294.89,10,0.25,1
49,4306113.11,406,3832353.8,452099.97,3380253.83,25,0.15,1
30,876910.74,486,10153043.68,2646888.23,7506155.45,30,0.88,0
38,4620555.89,361,9090552.58,2524211.14,6566341.44,30,0.17,1
31,3595535.31,341,19825581.44,3912586.57,15912994.87,20,0.43,0
33,3370120.49,513,16474131.79,2229691.71,14244440.08,20,0.48,0
32,1858424.67,595,19850388.62,4341248.54,15509140.08,20,0.86,0
31,3405891.52,496,2960370.52,785616.07,2174754.46,30,0.12,1
45,3936209.12,472,12688401.77,2417634.02,10270767.74,30,0.28,1
49,3796540.13,465,17145755.16,1839856.83,15305898.33,10,0.49,0
36,4448923.01,503,7794986.14,930607.12,6864379.02,30,0.16,1
54,1606456.93,833,10496001.98,2525953.24,7970048.75,25,0.53,1
45,2515734.66,727,13527716.59,1790166.31,11737550.28,10,0.46,1
47,3741980.32,637,11705129.25,3443971.67,8261157.58,15,0.24,1
52,1471906.88,842,3199229.25,451256.34,2747972.9,15,0.38,1
51,2529797.13,612,11258989.74,2956719.56,8302270.18,15,0.44,1
39,1062594.8,525,8289615.93,1768960.9,6520655.04,25,0.98,0
51,4746166.0,343,15445386.13,2115284.61,13330101.52,20,0.27,0
53,1502005.66,553,11802974.58,2698289.85,9104684.73,10,0.61,0
50,4284149.94,618,19238577.06,4220641.1,15017935.96,20,0.36,1
25,890020.37,832,10352397.1,3097449.74,7254947.36,10,1.38,1
39,1087650.18,445,7531356.17,981433.36,6549922.81,30,0.83,0
48,1261105.03,338,18500843.08,2989462.45,15511380.63,30,1.41,0
41,2834682.31,370,18279882.04,3796030.52,14483851.52,10,0.63,0
56,3275457.18,316,14232737.29,1519736.4,12713000.89,30,0.47,0
34,4926763.99,483,3133366.21,475781.14,2657585.07,15,0.16,0
26,1693654.2,628,9791287.85,1395773.77,8395514.08,10,0.78,0
44,3473648.88,457,17461907.4,1800105.73,15661801.68,15,0.53,0
46,2467346.34,490,17820098.58,2704595.87,15115502.71,30,0.6,0
35,4037911.27,773,6243530.12,1620580.65,4622949.47,10,0.15,1
43,1234533.88,424,15336644.23,3045002.7,12291641.52,15,0.91,0
52,4502216.25,525,17511159.19,3362667.15,14148492.04,15,0.33,0
31,4571321.34,604,11734015.41,1692192.84,10041822.57,20,0.24,1
58,4566313.04,473,10857479.16,3112794.93,7744684.23,30,0.23,0
34,2711291.11,622,10741293.66,2126204.97,8615088.69,10,0.35,1
31,920410.34,726,4166965.15,1199485.8,2967479.35,20,0.52,1
43,983270.54,813,4983296.11,1006606.25,3976689.86,15,0.71,0
48,3993290.44,375,15605047.94,1594864.64,14010183.31,10,0.39,1
49,2452839.16,388,15334182.21,3397413.17,11936769.04,15,0.54,0
52,3535865.01,414,6282746.28,1599033.3,4683712.98,20,0.28,1
30,3807519.35,796,6876955.12,1464361.93,5412593.18,15,0.26,1
43,1702740.69,432,3135128.57,477413.8,2657714.77,25,0.39,1
39,1382948.82,510,7303636.62,2152950.73,5150685.88,20,0.55,0
46,1075157.53,725,15862192.36,2164005.6,13698186.76,20,1.49,0
36,4614273.84,822,4293338.03,702740.42,3590597.62,10,0.15,1
27,3563896.49,373,10515360.54,1725307.92,8790052.62,10,0.28,1
26,564953.64,415,16774326.67,2686437.05,14087889.62,25,2.87,0
44,2926022.13,589,5022957.22,837846.84,4185110.37,30,0.3,0
34,2493998.87,746,16166745.1,1899838.14,14266906.96,20,0.68,0
47,918262.76,724,6304542.43,1884167.42,4420375.01,20,0.55,1
50,2389504.91,427,4982261.54,1239421.68,3742839.86,30,0.36,0
45,1011306.41,610,3432747.66,712240.16,2720507.51,15,0.26,1
39,3930854.74,724,17494518.29,2294767.96,15199750.32,15,0.43,1
28,878933.71,602,4136751.92,657720.86,3479031.07,25,0.94,0
31,3382372.42,337,16451074.12,4810202.11,11640872.01,30,0.32,1
46,3624076.75,524,16796024.78,4862418.54,11933606.25,30,0.36,1
55,4674972.11,508,4851372.43,603799.9,4247572.53,15,0.19,0
36,3657786.01,661,17812757.36,4363766.57,13448990.79,20,0.44,1
39,1802893.3,611,18445336.66,3461451.18,14983885.48,15,0.98,0
49,992149.84,599,3379756.62,763721.0,2616035.63,30,0.54,0
40,2182329.04,415,6624636.06,1657249.13,4967386.94,25,0.44,1
47,3896670.99,624,17621822.39,5196430.95,12425391.44,30,0.34,1
26,1625681.19,690,10243099.02,2041799.99,8201299.03,30,0.63,0
53,3710670.62,396,18878940.2,5656989.85,13221950.35,20,0.35,1
29,4073438.72,345,16692121.96,2665208.42,14026913.53,15,0.35,1
26,1410811.75,457,12068530.18,1853937.63,10214592.54,20,0.92,0
34,4298921.68,319,15679555.37,2771474.18,12908081.19,25,0.28,1
48,2070715.25,590,14597157.19,4334276.88,10262880.31,30,0.71,0
34,974665.91,732,15976551.23,1887711.06,14088840.17,15,1.42,0
35,2637873.82,443,13865384.76,2119299.3,11746085.46,30,0.62,0
56,4671535.77,707,18928595.23,3135037.43,15793557.8,25,0.41,1
32,2162018.55,456,16349469.14,3987435.12,12362034.02,15,0.63,0
41,1263499.49,580,13881627.52,2801769.12,11079858.4,20,0.89,0
27,1752391.26,588,3295212.65,765287.14,2529925.51,10,0.16,0
36,3394130.18,844,3339689.76,876037.94,2463651.82,15,0.19,1
45,1675780.38,380,3841404.73,629901.14,3211503.59,25,0.36,1
46,1202845.39,594,15235146.04,3698229.44,11536916.6,15,1.01,0
38,4579431.43,782,6531227.53,1231698.82,5299528.71,20,0.23,1
58,4765010.01,666,16505059.88,4315364.75,12189695.13,10,0.29,1
57,3031768.12,525,7975507.77,1516546.85,6458960.92,25,0.2,1
53,3035648.77,634,14919768.78,1631506.7,13288262.08,15,0.49,1
55,4892195.9,317,4431674.36,968416.18,3463258.18,15,0.09,1
35,1114413.32,573,3871658.68,804152.23,3067506.44,10,0.6,0
50,1382990.83,612,9099086.1,1803461.41,7295624.69,10,0.7,0
30,4758419.64,581,4314414.2,1065213.08,3249201.12,10,0.11,1
45,4440073.94,678,9358752.9,2601289.94,6757462.96,25,0.14,1
59,4356359.0,494,15046137.06,2002954.62,13043182.44,25,0.36,0
47,1733876.46,785,8018162.75,1660410.04,6357752.71,10,0.38,1
48,1309259.6,803,17231980.87,4647963.24,12584017.63,10,1.25,1
59,4404998.48,539,16445331.83,2930048.12,13515283.71,25,0.41,0
31,2210432.04,776,17867587.16,3789499.56,14078087.6,15,0.84,0
46,3081429.75,736,13790607.2,4005545.6,9785061.6,20,0.46,1
32,854131.34,674,13286051.52,1907345.96,11378705.55,20,1.46,0
32,4283781.47,538,14945640.71,3551057.35,11394583.36,20,0.33,1
25,3389456.89,546,15848030.58,4398561.4,11449469.18,30,0.35,1
53,2235363.03,691,19841940.5,2840121.38,17001819.12,20,0.72,0
55,3238618.58,622,11402287.83,3304869.24,8097418.6,25,0.24,1
33,2158825.05,562,14116441.35,1820505.31,12295936.05,30,0.58,0
41,4598032.38,409,9132198.41,1136957.02,7995241.39,30,0.19,0
53,3183294.67,613,18155406.92,1838334.09,16317072.83,25,0.51,1
57,2195663.1,642,13846932.64,3494978.66,10351953.98,15,0.57,1
56,3853144.86,776,13558466.42,1382008.59,12176457.83,20,0.34,1
56,1720706.31,572,13686417.21,2972509.89,10713907.32,30,0.8,0
57,2188133.74,764,5947937.27,1345877.05,4602060.22,15,0.44,1
39,1484698.95,689,17288561.52,1877928.99,15410632.53,25,1.17,0
41,3443583.2,336,13649180.69,1626849.94,12022330.75,15,0.35,1
46,1839439.11,590,9596137.82,2819186.07,6776951.74,10,0.58,0
59,1252359.76,322,17282918.8,3973068.78,13309850.02,10,1.02,0
36,2441754.3,498,11334171.94,2797460.55,8536711.39,25,0.52,0
48,3692721.14,816,17050834.7,1894664.21,15156170.49,10,0.5,1
28,624331.03,814,3207052.12,838691.14,2368360.98,15,0.52,1
52,4268720.3,526,11301545.95,1920284.75,9381261.2,25,0.25,1
48,2096197.44,609,15992553.59,3693205.94,12299347.66,30,0.69,0
36,2550952.73,401,14285051.52,2360958.9,11924092.62,25,0.54,0
39,3534823.74,342,2958331.79,797538.09,2160793.7,30,0.22,1
48,4400558.68,318,19393925.24,4144491.18,15249434.07,25,0.4,1
42,721429.34,305,16301529.87,2375813.24,13925716.63,25,1.85,0
37,4818821.1,627,16935586.95,4715842.09,12219744.86,25,0.3,1
28,4861570.97,789,9286386.84,1973490.05,7312896.79,30,0.14,1
57,2795308.95,844,9291359.32,1788049.83,7503309.49,25,0.27,1
49,1277331.83,760,13588962.09,3871378.25,9717583.84,20,1.04,0
43,4710337.9,786,3700398.39,1015502.37,2684896.02,30,0.09,1
35,815888.89,719,9313664.34,1144931.4,8168732.94,30,1.23,0
44,3505999.72,834,2678430.0,792342.19,1886087.82,15,0.1,1
29,4922970.28,832,11566963.81,1625165.37,9941798.44,30,0.27,1
38,687928.94,586,18968939.99,4216366.73,14752573.26,20,2.05,0
45,1201023.63,457,16313869.31,2034676.93,14279192.38,10,1.37,0
38,3665492.83,499,6148651.44,704927.33,5443724.11,15,0.3,0
43,1517539.03,836,14115644.2,2611491.58,11504152.61,10,0.93,0
27,2979904.32,493,16688042.19,3003720.06,13684322.13,30,0.46,0
38,2543552.67,634,7908658.72,1396577.1,6512081.62,10,0.39,1
29,1864989.19,799,8306476.61,2487910.22,5818566.39,30,0.37,1
37,2978572.59,373,7609936.0,1085160.72,6524775.28,25,0.35,1
58,3043439.74,314,7629650.26,1825426.65,5804223.6,25,0.32,1
35,1488977.76,819,7399583.34,1251081.94,6148501.4,20,0.39,1
54,2982975.37,560,10322156.77,2049482.88,8272673.89,20,0.39,0
58,1435665.78,659,6792704.89,1058710.66,5733994.22,25,0.52,1
50,2894875.56,318,12741754.39,1661650.73,11080103.66,10,0.5,0
57,1834327.57,665,16485950.9,4796184.35,11689766.55,25,0.61,0
53,2649380.35,329,5598583.75,630684.39,4967899.36,30,0.21,0
49,3618508.75,333,18129979.93,3343860.63,14786119.3,10,0.41,1
50,673300.23,544,8366122.31,1363937.42,7002184.88,10,1.35,0
33,3439525.25,491,17914675.93,3326758.63,14587917.3,25,0.42,0
59,3800288.64,687,9672361.88,1708533.13,7963828.75,10,0.32,1
41,2651231.17,790,17491788.75,3457494.29,14034294.46,30,0.65,0
54,2318613.08,727,13361073.3,3288581.97,10072491.33,15,0.57,1
42,3188931.67,327,16551593.58,4264003.46,12287590.12,20,0.47,0
41,1668511.04,560,3933830.38,877729.54,3056100.84,20,0.26,1
40,1106989.1,432,13479356.69,2211149.51,11268207.17,25,1.4,0
50,2888335.96,672,2126211.08,525082.52,1601128.55,25,0.24,1
37,2268099.8,418,7845204.16,2320788.55,5524415.61,15,0.46,1
47,2852048.27,811,6615026.51,1748889.81,4866136.7,30,0.26,1
38,1903744.16,447,14255259.68,3957950.64,10297309.04,20,0.74,0
53,4669628.78,834,9216613.27,1688132.95,7528480.32,30,0.23,1
28,4728579.15,639,15552505.41,4353077.95,11199427.46,15,0.29,1
47,1231241.76,597,5877813.83,715867.15,5161946.68,15,0.83,0
52,1595122.96,554,16258096.2,2161533.27,14096562.93,20,0.81,0
50,3920964.95,565,5562057.81,1418914.0,4143143.81,15,0.22,1
43,4425505.15,465,13398708.96,1425326.62,11973382.34,20,0.29,1
28,4965488.6,307,6755927.8,1095691.47,5660236.33,25,0.1,0
36,1264128.94,512,13566746.32,3679923.99,9886822.33,15,0.78,0
54,2699493.59,521,18542683.85,4118972.76,14423711.09,10,0.62,0
38,3467436.23,653,7158248.52,1391249.93,5766998.59,25,0.18,1
44,3512325.24,839,4775705.84,947005.57,3828700.27,10,0.24,1
42,1911410.67,346,9158708.19,1198595.84,7960112.34,20,0.5,0
41,3998060.35,302,11292177.32,2302265.73,8989911.59,10,0.34,1
54,2743421.67,663,2779945.65,634935.36,2145010.29,20,0.18,1
39,606132.85,629,2416734.0,304692.96,2112041.03,10,0.68,0
41,3905567.21,742,8714334.31,1579889.23,7134445.08,25,0.18,1
51,3954477.85,537,18461424.58,2951395.74,15510028.84,30,0.5,0
49,4633529.93,733,16216464.49,2076766.44,14139698.05,15,0.38,1
39,3172319.29,595,19054547.54,3841776.87,15212770.67,20,0.57,0
27,3786891.55,399,18602210.34,4332669.63,14269540.72,30,0.38,1
44,2042198.84,730,8119476.77,2148350.72,5971126.05,15,0.34,1
49,786924.87,751,14362385.82,2656752.33,11705633.49,10,1.81,0
56,1120112.48,532,19603176.26,5063181.63,14539994.63,30,1.64,0
27,505374.3,361,12794890.92,1861985.37,10932905.55,25,3.07,0
46,4385113.06,443,4876330.25,968424.81,3907905.44,20,0.13,1
35,4906637.39,847,5791756.49,1073029.59,4718726.9,10,0.14,1
34,3683335.88,765,12389365.39,3104629.45,9284735.94,30,0.27,1
28,2677109.91,810,5689738.02,737499.23,4952238.79,25,0.23,1
35,3325145.77,540,17995213.95,5231673.83,12763540.12,10,0.4,1
37,4389592.4,837,9968340.56,1903132.63,8065207.92,15,0.22,1
37,991067.64,834,16682410.48,4883053.41,11799357.07,30,1.31,1
53,3544372.9,349,17862597.46,4860813.81,13001783.65,10,0.49,0
30,772308.09,300,3192386.22,432057.01,2760329.21,30,0.36,1
35,3456889.1,473,7076923.2,869080.7,6207842.5,10,0.23,0
25,2873978.08,741,19059036.61,2285985.64,16773050.97,20,0.58,1
42,2786099.59,659,9995042.14,1002463.44,8992578.69,30,0.4,1
25,1413663.85,844,2220450.75,491261.89,1729188.86,30,0.39,1
48,1095243.76,558,13994198.99,3894886.99,10099312.0,30,1.14,0
51,1927109.04,640,4049612.33,915657.89,3133954.44,25,0.44,1
34,2583456.42,378,7765259.54,1754559.53,6010700.01,15,0.22,1
57,4602419.72,675,16383098.23,4315420.79,12067677.44,20,0.24,1
38,2021387.17,661,15780186.73,2059084.79,13721101.94,30,0.77,0
49,4791549.68,334,18892931.93,5559658.9,13333273.04,20,0.29,1
37,1715261.54,705,6572041.37,825835.26,5746206.11,15,0.4,1
45,3753318.2,821,6347144.01,1729857.26,4617286.75,15,0.16,1
52,1071039.23,503,12432378.83,3641728.95,8790649.88,30,1.24,0
38,1112808.46,791,17031809.16,3698892.21,13332916.95,30,1.59,1
41,4777496.22,432,16788921.36,3388753.06,13400168.29,15,0.28,1
43,1734985.06,519,16541233.01,2058315.56,14482917.45,10,0.77,0
52,1721443.06,565,12954243.16,3034852.8,9919390.36,15,0.66,0
47,3547232.6,666,11496017.69,2245985.08,9250032.61,20,0.4,1
59,2395562.53,559,9463194.77,2433432.99,7029761.78,20,0.49,1
57,4409172.43,573,12959772.37,3810198.2,9149574.17,10,0.23,1
33,1204802.14,489,14587283.12,2149449.33,12437833.8,30,1.24,0
29,2515695.73,461,12302658.06,2540428.7,9762229.36,30,0.56,0
25,4985673.61,370,2952891.81,787180.13,2165711.68,25,0.05,1
51,2460819.84,334,2648254.22,389992.9,2258261.32,25,0.24,0
35,4123640.91,660,11764194.54,2340135.32,9424059.23,10,0.23,1
41,4346471.63,779,13117556.32,1486211.82,11631344.5,15,0.31,1
44,900448.14,824,8052419.88,936409.44,7116010.43,15,1.17,0
50,4647247.45,756,13930575.42,2544644.48,11385930.94,20,0.27,1
42,921289.95,787,19052439.93,2993175.6,16059264.33,15,1.87,0
34,3673448.76,462,5370626.16,1257685.34,4112940.83,10,0.26,1
25,4955325.69,658,18029856.15,5162570.25,12867285.9,10,0.29,1
51,1766624.09,831,3621267.14,449995.76,3171271.39,15,0.42,1
43,3955037.05,720,10735178.03,2417179.42,8317998.61,30,0.29,1
55,593208.94,580,6245026.45,1619547.2,4625479.25,10,0.97,0
54,3058499.21,580,8948581.9,2144073.53,6804508.37,15,0.21,1
46,1110313.03,819,4157600.51,629177.46,3528423.05,15,0.31,1
25,1288618.9,703,5915093.93,808985.51,5106108.42,20,0.69,0
51,3661011.65,467,4585667.08,633982.21,3951684.88,20,0.19,1
57,3991802.96,778,8846114.14,1611061.79,7235052.35,25,0.18,1
59,1744409.23,811,9612118.76,2211783.11,7400335.65,15,0.52,1
35,2146322.85,684,6373562.02,1007222.0,5366340.01,25,0.35,1
25,3831806.44,360,12988143.04,3264627.14,9723515.89,20,0.38,1
56,2176136.19,443,8503040.99,1235418.56,7267622.43,30,0.5,0
27,574814.21,703,9331907.06,2219482.42,7112424.64,20,1.41,0
51,4878590.66,687,18744448.93,5416098.46,13328350.47,25,0.25,1
54,4715207.85,462,8254599.26,1638055.57,6616543.69,25,0.19,0
28,2416485.48,403,10713289.89,2341445.24,8371844.65,15,0.43,1
47,699082.12,710,16088514.24,4807757.35,11280756.89,10,1.65,0
38,2152034.48,355,2050339.15,371071.67,1679267.49,15,0.11,1
47,2725982.21,605,16574682.12,3422757.09,13151925.03,30,0.47,1
55,2688564.21,752,19827833.47,4503113.72,15324719.75,15,0.61,1
43,1182789.36,654,3222985.22,538308.34,2684676.88,25,0.59,1
53,4301445.99,498,11949320.02,2081377.85,9867942.17,10,0.26,0
36,3233324.94,823,13617522.72,2953003.62,10664519.1,10,0.41,1
48,3074859.78,423,9361760.89,2495137.92,6866622.97,30,0.38,1
32,1840289.2,316,5091972.48,516208.0,4575764.48,15,0.35,0
46,1571849.87,829,3672300.14,578338.97,3093961.16,10,0.38,1
31,3926998.71,632,14250364.75,3400653.19,10849711.56,10,0.26,1
25,1666580.04,648,13878609.25,3520396.31,10358212.94,30,0.85,0
53,3159425.39,749,11546351.27,1288409.6,10257941.67,20,0.36,1
38,561652.61,547,8985192.67,1720693.26,7264499.4,30,1.97,0
39,4662130.26,449,13103788.06,2498701.39,10605086.68,30,0.33,0
35,3905370.95,847,3711887.77,588311.32,3123576.45,20,0.08,1
55,977054.34,484,18478468.5,2165938.21,16312530.29,30,1.7,0
45,1891360.19,579,6862452.99,833621.38,6028831.61,25,0.54,0
40,2212115.55,325,14805974.48,2207983.97,12597990.51,15,0.59,0
59,4525214.23,399,9155772.58,1111487.64,8044284.94,20,0.18,1
57,2283338.5,377,12862915.65,2782819.23,10080096.43,25,0.65,0
59,596510.93,350,15866952.27,2314014.68,13552937.59,30,2.97,0
32,2114806.03,324,18715789.94,3392663.77,15323126.17,30,0.83,0
44,2116371.02,563,12513712.05,1509528.97,11004183.08,30,0.51,0
48,3912146.34,824,12618264.14,2215744.91,10402519.23,10,0.34,1
32,3043495.13,476,15606476.82,2276857.95,13329618.86,20,0.5,0
29,4207674.04,678,19832320.93,2905486.7,16926834.23,15,0.36,1
50,3836338.69,835,14483819.23,3320404.95,11163414.29,30,0.3,1
33,2427350.4,500,3268523.53,334577.09,2933946.44,30,0.15,0
29,997213.77,549,17705678.17,5137523.63,12568154.53,20,1.33,0
28,1511100.72,792,16545265.45,4793342.2,11751923.25,25,0.72,0
45,579736.55,729,16125273.33,1896165.62,14229107.71,30,3.01,0
52,3242816.4,568,13566796.61,2861602.36,10705194.24,15,0.32,1
41,2056868.76,372,2010357.17,492731.63,1517625.54,30,0.26,1
42,524682.55,463,4757592.06,498093.22,4259498.84,25,0.77,0
49,3753417.1,608,19731078.16,4186867.33,15544210.84,10,0.51,1
27,4225450.5,647,9499173.11,2606307.74,6892865.37,15,0.27,1
41,924482.31,493,3313345.72,485462.36,2827883.36,15,0.65,0
28,2822008.0,471,2725688.26,369964.33,2355723.93,15,0.21,0
56,3034805.49,322,10508408.87,2510662.99,7997745.87,20,0.41,1
44,1539127.1,324,15662094.43,4191578.17,11470516.25,25,0.92,0
31,915308.06,838,17106223.92,4042518.24,13063705.69,20,1.93,0
42,2890523.73,408,15329786.51,3718079.54,11611706.97,10,0.41,1
51,3857036.63,368,3029786.76,315001.92,2714784.84,25,0.09,0
47,2298696.62,553,7153722.59,1715196.88,5438525.72,10,0.41,1
53,1741707.65,383,8320990.22,2329834.98,5991155.24,20,0.64,0
42,3156874.99,421,19485792.93,2568702.41,16917090.52,25,0.63,0
51,2646491.16,827,4740724.5,851407.86,3889316.64,15,0.23,1
39,4455420.95,650,7495037.41,1460979.43,6034057.98,10,0.17,1
46,3313711.24,598,17551370.15,3914588.97,13636781.17,30,0.38,0
59,3432101.37,554,5605471.81,1344815.88,4260655.92,15,0.27,1
28,1119778.19,840,9111369.79,1682848.43,7428521.36,30,0.74,1
29,3665898.55,673,18204655.53,4064734.96,14139920.57,30,0.45,1
43,4001993.06,351,18094396.56,3690149.39,14404247.16,25,0.33,1
47,3409529.35,639,2887248.31,344959.55,2542288.76,25,0.13,1
52,1737064.56,552,13209681.93,1503307.47,11706374.46,20,0.69,0
48,3987822.26,496,11911951.2,2145035.88,9766915.32,10,0.23,1
43,2728665.92,695,15025516.89,3299613.43,11725903.46,15,0.45,1
51,619238.24,839,12802004.77,1540809.66,11261195.11,25,2.52,0
59,3160065.15,704,19026167.18,4799700.79,14226466.39,20,0.45,1
29,1448645.67,350,13714725.48,3950285.52,9764439.96,25,0.95,0
30,1799227.07,330,19013113.57,3873108.88,15140004.69,25,0.76,0
54,2938212.76,685,4837697.73,1208374.49,3629323.24,25,0.26,1
25,951036.59,437,9081363.92,2533736.17,6547627.75,15,1.24,0
42,2776278.82,427,17827795.45,4881224.02,12946571.43,25,0.59,0
56,3267611.66,630,9342296.55,1550819.05,7791477.5,20,0.23,1
49,4404796.17,396,13319329.23,3259322.64,10060006.59,20,0.26,1
45,2518650.97,388,12961575.55,1448729.09,11512846.47,25,0.57,0
25,4400559.35,555,16990369.39,2113279.2,14877090.19,15,0.37,0
58,3813936.48,726,16881491.84,4678845.98,12202645.87,10,0.29,1
31,2845972.03,313,14341259.8,2645047.33,11696212.47,15,0.55,0
50,4995720.23,708,6994790.55,1351144.36,5643646.19,30,0.21,1
52,2485355.55,480,8046820.99,841645.86,7205175.13,15,0.32,0
43,2020204.1,405,4968126.67,1110289.14,3857837.53,10,0.23,0
26,519015.21,604,10396131.44,2384431.57,8011699.88,20,2.0,0
48,712866.12,834,8531406.07,1298126.29,7233279.77,30,1.14,0
36,3383197.14,785,2572922.48,341091.44,2231831.04,15,0.18,1
58,1801310.17,553,9923343.23,2694052.06,7229291.17,10,0.42,1
49,4977196.02,389,5421670.63,1553987.49,3867683.13,20,0.09,1
49,3105328.71,660,18833657.85,2468651.67,16365006.18,25,0.62,0
26,3662793.6,339,19638629.59,3478649.13,16159980.46,15,0.45,0
43,2054942.6,546,6901102.84,1109861.67,5791241.17,10,0.48,0
48,3467581.87,717,3791128.77,909227.12,2881901.65,10,0.14,1
56,514530.71,592,13827569.33,2257566.04,11570003.28,25,2.95,0
42,1659606.43,329,16376784.58,2345072.64,14031711.95,15,1.0,0
47,2274385.89,344,13985287.54,3459306.1,10525981.45,30,0.51,0
34,1545350.91,623,16377285.8,4172362.81,12204922.98,30,0.96,0
34,2672569.76,495,19562106.41,4720363.52,14841742.89,25,0.5,0
57,4707667.48,599,5442062.04,1449697.74,3992364.31,15,0.14,1
43,2718565.68,304,14049722.17,2325845.52,11723876.66,30,0.45,0
33,3789913.62,485,8972031.19,1221442.46,7750588.73,25,0.22,0
46,1601919.92,505,12333711.31,3344510.81,8989200.5,30,0.53,0
57,2812980.53,362,10830417.88,1672214.15,9158203.73,10,0.49,0
28,4621329.49,738,4892338.02,564228.92,4328109.1,30,0.1,1
42,1448674.66,560,4972607.79,973558.6,3999049.19,20,0.38,0
53,3843484.3,697,16269921.97,3478453.43,12791468.54,20,0.33,1
47,765545.28,358,15164674.31,1729143.53,13435530.79,20,2.24,0
29,803023.78,613,3769749.24,1016552.44,2753196.8,30,0.52,1
32,2650570.45,729,4966239.04,979294.4,3986944.64,25,0.24,1
48,2128358.44,320,4689179.73,601158.92,4088020.81,25,0.45,0
45,4657638.03,534,11762914.93,3270598.83,8492316.1,10,0.19,1
31,4196003.82,504,19139651.54,4203563.16,14936088.38,20,0.35,1
42,596226.08,555,17681926.29,3041396.57,14640529.72,15,3.2,0
52,3035831.26,775,15804981.32,2596405.34,13208575.98,20,0.52,1
37,1755419.47,546,9042948.78,1185925.32,7857023.46,15,0.45,1
57,2743124.63,490,2121953.1,422845.5,1699107.6,25,0.21,1
58,4009809.24,796,11923591.18,1313434.31,10610156.87,15,0.3,1
34,4188039.11,531,11633748.03,2409299.82,9224448.22,10,0.28,1
43,1695063.46,474,9673232.94,1898840.41,7774392.53,15,0.42,1
54,4974694.51,484,11832371.71,2319704.7,9512667.01,10,0.27,0
34,1493961.83,508,17063080.24,4519430.72,12543649.52,25,0.79,0
33,2582744.37,637,3151361.53,347089.61,2804271.92,30,0.28,1
34,1632910.8,379,8291851.65,868530.17,7423321.47,20,0.53,0
53,1745691.54,670,12762795.35,2192137.77,10570657.58,15,0.83,0
56,654878.15,536,15440251.34,1856014.32,13584237.02,10,2.01,0
35,3831031.03,352,10552559.11,1363668.55,9188890.55,20,0.31,0
49,4753697.97,503,7047978.26,1722972.04,5325006.22,15,0.1,1
31,3614777.17,411,6354867.9,1505073.8,4849794.1,30,0.22,1
29,1343324.38,524,7346076.58,882564.01,6463512.57,15,0.46,0
54,2011076.06,708,7486097.49,1990274.61,5495822.88,15,0.5,1
58,1778198.99,562,13932195.58,3366992.1,10565203.48,25,0.64,0
42,2673843.87,735,5846877.72,760290.32,5086587.41,10,0.29,1
40,2676139.28,775,7453796.77,1979341.95,5474454.82,15,0.38,1
32,4307299.77,433,12007326.02,2300067.6,9707258.41,10,0.3,0
46,615563.75,302,7135566.43,2124341.14,5011225.28,10,1.47,0
33,4858081.06,481,11275821.2,3069436.45,8206384.75,20,0.19,1
56,4795741.49,627,8394818.47,1889987.25,6504831.21,20,0.21,1
30,964629.73,484,11760494.87,3446964.84,8313530.03,30,0.82,0
35,2633652.24,560,8916983.73,1861688.27,7055295.46,30,0.26,1
27,1977302.59,836,9133055.05,1665118.46,7467936.59,25,0.51,1
32,1671648.6,809,7408749.99,988703.24,6420046.75,30,0.6,0
33,2069016.62,609,18658612.73,2207832.97,16450779.76,20,0.84,0
39,4302664.31,632,14859396.03,3691226.38,11168169.66,15,0.33,1
49,3714593.97,653,14986433.97,4090043.93,10896390.04,15,0.33,1
52,4472636.97,675,2305649.17,543471.99,1762177.17,20,0.16,1
58,517692.24,587,14146908.62,3916949.89,10229958.73,15,2.88,0
49,832593.34,441,6718326.1,916818.72,5801507.38,15,0.63,0
27,1227972.91,410,12680645.57,1540297.41,11140348.16,30,1.07,0
29,2371946.27,493,10329252.01,2384198.78,7945053.23,20,0.45,0
54,3916701.88,815,3560795.8,669929.01,2890866.79,15,0.11,1
35,1883736.0,544,3853196.47,1027061.57,2826134.9,10,0.16,1
53,4513476.71,528,8795151.05,1589890.43,7205260.62,20,0.17,0
54,3418683.81,455,19279963.98,4207671.97,15072292.01,10,0.45,1
42,2821555.97,372,12941566.23,3179199.8,9762366.43,30,0.47,0
59,1705458.73,334,14891665.88,3535427.34,11356238.54,30,0.88,0
50,3421563.04,494,8961118.24,1210379.04,7750739.2,10,0.34,0
29,3160753.47,340,6218523.99,947258.34,5271265.64,15,0.18,1
53,3219947.34,525,8764594.48,2514813.35,6249781.13,15,0.31,1
50,1988907.5,374,11244768.05,1310694.15,9934073.91,25,0.68,0
36,4228078.43,737,4581121.97,994148.59,3586973.38,20,0.2,1
27,1603244.88,467,5329631.29,1518899.74,3810731.55,10,0.26,1
41,4537441.69,366,18809573.01,2978427.3,15831145.71,30,0.37,0
26,2780458.92,743,8150025.48,1862576.38,6287449.1,10,0.29,1
41,1506934.24,505,3500522.87,959342.36,2541180.51,30,0.31,1
26,1603040.62,537,18247008.06,2516150.22,15730857.83,25,1.02,0
27,2869704.08,446,3646783.47,735219.61,2911563.86,10,0.21,1
37,857739.73,369,5758197.76,919069.39,4839128.37,30,0.7,0
35,3024151.92,827,19286424.48,5187161.48,14099263.0,10,0.54,1
33,4773492.42,560,10809330.71,2445338.84,8363991.88,30,0.28,0
53,3248576.18,779,2530120.14,553495.06,1976625.07,20,0.06,1
51,4163342.8,376,19425736.24,3432278.7,15993457.54,15,0.37,0
33,4979468.75,506,18572067.6,2490941.21,16081126.39,30,0.31,0
44,4428824.54,373,4230807.73,710503.27,3520304.46,10,0.12,1
55,3904041.68,723,4666012.96,553774.02,4112238.94,30,0.16,1
45,3004265.19,809,9856623.23,2591536.3,7265086.93,30,0.38,1
56,4802828.72,830,9259851.09,2757713.16,6502137.93,30,0.22,1
38,4524458.84,838,10151847.49,2833237.77,7318609.72,30,0.2,1
35,937293.81,571,7510495.67,2032191.25,5478304.42,10,0.95,0
31,582309.66,781,6186368.77,1711651.25,4474717.52,15,1.03,0
30,4417511.09,568,3105420.44,694813.94,2410606.5,15,0.09,1
33,2133015.74,488,17108726.24,4872163.78,12236562.46,20,0.74,0
41,4603116.13,319,11310145.36,1869736.23,9440409.13,10,0.23,1
55,3822842.97,487,2422931.47,448544.62,1974386.85,30,0.15,1
55,2621712.4,719,11342778.04,2095233.29,9247544.75,10,0.5,1
42,3593168.05,477,15390620.42,4345741.52,11044878.9,20,0.37,1
54,2201231.56,339,17243097.46,4871258.65,12371838.81,15,0.67,0
28,4510050.36,538,3425463.81,504756.98,2920706.83,20,0.19,1
42,4989995.07,666,3610773.5,436305.83,3174467.68,30,0.06,1
32,791612.99,310,19805255.2,3125931.4,16679323.79,20,2.31,0
45,802131.75,755,7393986.94,838089.26,6555897.67,10,1.34,0
58,3185984.14,323,7081391.45,1450860.75,5630530.7,30,0.2,1
55,871386.72,832,18442129.48,1890153.05,16551976.43,30,2.18,0
27,915503.46,708,4049291.3,856424.93,3192866.37,30,0.54,1
57,640631.98,362,5022558.12,1225490.55,3797067.57,20,0.59,0
48,2960310.21,556,8091964.85,1007854.49,7084110.36,15,0.3,0
28,2011147.99,308,9053566.3,1179045.74,7874520.56,30,0.46,0
47,1819684.97,386,14394340.77,1766362.1,12627978.67,15,0.64,0
57,3389781.41,728,15183809.09,2599217.28,12584591.81,25,0.35,1
25,3232272.74,325,17911489.85,1792094.57,16119395.28,10,0.48,0
29,3807598.8,782,13284179.38,2342293.57,10941885.81,20,0.33,1
43,1764346.02,700,11973139.22,3016892.42,8956246.8,30,0.63,0
51,2779385.45,539,4947208.97,1082921.12,3864287.85,20,0.27,1
34,3528230.03,816,16073979.21,4029549.22,12044430.0,30,0.34,1
52,2771610.72,357,7882433.01,1833912.54,6048520.47,10,0.2,1
34,4944622.51,575,11915042.81,1846698.22,10068344.59,20,0.25,0
57,4054784.49,657,16153187.65,3444701.51,12708486.14,25,0.29,1
51,761467.77,575,15704981.54,3301201.79,12403779.74,30,2.0,0
49,887088.95,574,3565922.73,472981.95,3092940.78,20,0.53,0
32,1283352.96,711,18056976.1,3131471.55,14925504.55,30,1.18,0
37,1503364.58,399,12098549.55,1529268.79,10569280.76,25,0.85,0
27,3367754.96,524,6430000.36,1130600.24,5299400.13,30,0.2,1
44,2941323.92,497,10997722.44,2951315.78,8046406.67,20,0.33,1
43,4016065.47,408,11959358.36,2618691.2,9340667.16,30,0.33,0
28,3130408.53,641,2941042.84,512183.41,2428859.43,15,0.23,1
26,3099604.02,370,14095676.19,1617132.73,12478543.46,20,0.48,0
40,1232269.79,408,7460134.84,1888058.21,5572076.62,15,0.72,0
27,1757614.62,391,12168536.37,2772553.42,9395982.94,10,0.56,0
53,3384931.13,398,19993352.33,4819778.26,15173574.07,10,0.46,0
36,1586730.5,325,6122329.08,1047389.67,5074939.42,25,0.58,0
33,4717922.46,491,2968696.69,533556.72,2435139.97,25,0.17,0
53,4559063.06,625,6191088.81,815366.34,5375722.46,10,0.16,1
47,3964494.71,461,15127455.34,3005082.75,12122372.59,30,0.39,0
55,2564963.3,563,18465919.72,4476089.16,13989830.55,20,0.55,0
45,1734812.8,763,12935435.21,2188438.89,10746996.32,15,0.85,0
29,4870979.16,658,18099641.71,2928214.6,15171427.11,30,0.36,1
51,2843305.58,717,14903850.67,2380877.99,12522972.68,20,0.58,1
41,1951486.08,407,5360355.88,1217542.77,4142813.11,20,0.22,1
33,665470.67,726,9286243.16,2004916.84,7281326.31,25,1.5,0
43,3519759.0,500,13517561.82,3170145.49,10347416.33,20,0.34,0
49,2585063.79,655,7768150.58,1442418.19,6325732.39,25,0.38,1
58,2811708.62,410,19274376.69,2346960.94,16927415.75,15,0.7,0
35,3689093.08,800,11302445.95,2918505.03,8383940.92,20,0.28,1
25,4736503.15,507,12625227.05,3523843.96,9101383.09,25,0.18,1
58,3394830.86,464,10245159.45,1863328.85,8381830.6,15,0.39,1
37,2969496.71,406,5000010.3,1379406.31,3620603.99,25,0.16,1
58,1923986.37,716,2038084.26,380528.62,1657555.64,25,0.3,1
43,2609466.53,392,8037480.96,909937.21,7127543.75,15,0.46,0
50,4354349.1,484,6310105.84,1316492.73,4993613.11,25,0.19,1
31,3363781.25,741,15588584.36,4557871.66,11030712.7,25,0.42,1
34,1133731.56,566,3276468.36,829733.07,2446735.29,25,0.44,0
45,4726340.36,585,11892238.31,3312163.08,8580075.22,10,0.17,1
27,1725355.73,826,14320986.48,1582879.38,12738107.1,30,0.91,1
33,4827084.87,755,2789304.24,464774.63,2324529.61,30,0.09,1
32,611933.87,390,6573231.34,1346760.68,5226470.66,25,1.2,0
59,997908.15,436,9646308.36,1580679.08,8065629.28,10,1.06,0
30,1007998.59,721,6648410.8,1667750.05,4980660.75,30,0.88,0
45,1443620.89,584,16713598.23,3082531.7,13631066.53,15,1.0,0
48,1046162.58,680,11778332.18,3157844.3,8620487.87,15,1.04,0
26,3947861.61,505,4077395.16,785216.88,3292178.29,10,0.14,1
40,3030645.24,782,5038215.09,1094533.48,3943681.61,10,0.24,1
39,1880677.33,789,16328547.61,4542591.74,11785955.87,20,0.62,1
46,4183377.21,659,17136442.7,5013408.45,12123034.26,15,0.36,1
28,929001.87,692,2964427.22,477086.23,2487340.99,15,0.85,0
48,4597691.52,332,6224930.3,1439798.5,4785131.8,30,0.1,1
26,1031558.36,403,7916720.0,1717606.34,6199113.66,10,0.96,0
59,3202821.9,395,15040440.42,3474821.12,11565619.3,10,0.46,0
59,3485413.56,342,11649970.84,1447032.78,10202938.06,10,0.41,1
47,4100216.97,491,5680578.73,1670043.17,4010535.56,25,0.12,1
38,1988442.91,368,13356584.82,3860481.21,9496103.61,15,0.53,0
29,4299183.26,617,14546562.02,3492110.37,11054451.64,10,0.35,1
33,4500435.1,746,16740752.3,4757079.39,11983672.9,20,0.26,1
38,704209.85,561,12138032.32,2775000.53,9363031.79,10,1.54,0
28,2922015.76,473,15057089.92,2896172.64,12160917.28,30,0.5,0
29,2795835.17,592,2847816.24,357781.32,2490034.91,30,0.22,1
57,4820845.78,411,11605079.09,2988338.61,8616740.48,15,0.19,1
57,4781982.91,631,3461438.0,1007644.91,2453793.09,15,0.16,1
50,2880801.6,617,4226541.24,805709.61,3420831.63,20,0.24,1
32,4830847.59,639,4572268.76,572670.51,3999598.25,10,0.1,1
58,4239877.76,380,5086375.97,1027566.82,4058809.14,15,0.15,1
51,2327085.18,765,7626627.05,1610812.0,6015815.05,15,0.42,1
33,840052.98,415,7172021.62,824825.49,6347196.13,30,1.21,0
47,3892829.73,390,9185376.94,1920694.77,7264682.17,20,0.25,1
41,4285445.27,697,9089509.09,1305355.29,7784153.8,10,0.24,1
56,3712689.62,596,6497379.79,1214347.16,5283032.63,25,0.16,0
35,4814599.62,334,15553832.72,1768079.15,13785753.57,20,0.34,0
38,4900729.32,598,7072226.48,737149.04,6335077.43,10,0.15,1
53,1591890.47,556,14574223.06,1803175.38,12771047.68,25,0.78,0
39,4093559.79,696,4821758.13,916144.65,3905613.48,30,0.14,1
28,2228171.42,565,7988048.18,1581415.42,6406632.76,30,0.43,0
30,4979489.66,443,19074665.36,3215361.1,15859304.26,25,0.39,1
39,1410911.38,473,5501263.2,1644245.11,3857018.08,25,0.42,1
52,2941176.95,375,12486808.07,3283660.25,9203147.82,25,0.41,0
45,606021.61,802,9064527.54,2327525.42,6737002.12,10,1.33,1
28,3320906.57,816,2348867.08,677108.97,1671758.12,10,0.11,1
28,4735167.78,737,6740513.25,1027098.98,5713414.26,15,0.13,1
43,3749723.79,425,12083878.53,2014145.02,10069733.51,25,0.33,0
45,3236293.82,528,7162115.42,1224858.3,5937257.12,25,0.28,1
33,3223336.8,556,2772238.85,432494.18,2339744.66,20,0.15,1
41,3340576.04,539,8680492.69,1637663.84,7042828.85,20,0.33,1
27,3948120.17,699,6088733.06,897536.86,5191196.21,20,0.22,1
52,2800718.9,564,15657720.44,4694576.71,10963143.74,25,0.47,0
57,2441484.71,416,9896416.02,1440062.51,8456353.51,15,0.51,0
33,2345188.55,795,11860035.05,3092341.52,8767693.54,25,0.56,1
39,1228187.51,533,16806101.75,3265065.26,13541036.5,10,1.45,0
36,2699820.81,651,8561875.6,1540308.94,7021566.67,20,0.43,1
41,1979395.04,694,4403253.02,473686.98,3929566.04,30,0.35,1
45,1563635.87,683,10648783.36,2510896.98,8137886.39,10,0.82,0
26,3855565.25,480,18326317.42,5479698.1,12846619.32,15,0.3,1
27,1789679.77,318,2043715.86,230504.38,1813211.48,20,0.2,1
53,4960836.84,742,16180882.34,3686933.26,12493949.08,30,0.3,1
32,1510352.73,820,15669230.39,4560534.5,11108695.89,10,0.73,1
50,1019969.17,716,11089703.8,1943613.01,9146090.79,15,1.34,0
58,2896828.92,525,6713755.96,1574292.53,5139463.43,25,0.26,1
42,1782976.3,756,18939781.17,4388958.02,14550823.14,15,0.81,1
48,2342306.22,689,6661840.96,735617.97,5926222.98,10,0.39,1
45,880877.6,785,11500037.36,3240664.24,8259373.13,15,1.28,0
51,3139867.92,325,14891561.62,2037671.58,12853890.04,25,0.38,1
59,1099313.86,516,7590312.99,1269073.92,6321239.07,15,0.73,0
49,4478041.5,465,19157238.14,5083518.91,14073719.23,10,0.35,1
32,2668066.01,726,3158898.04,499600.25,2659297.79,30,0.23,1
26,1261423.05,534,5451526.61,1200370.72,4251155.88,25,0.73,0
27,3048240.02,433,13937476.92,3225428.91,10712048.01,30,0.4,1
52,1603297.09,807,7160163.85,1434896.31,5725267.54,20,0.46,1
46,1921019.21,528,17635741.29,2898926.56,14736814.72,25,0.7,0
30,936638.28,331,4861909.6,808815.37,4053094.22,25,0.39,1
32,1288270.3,659,10604266.69,1578209.85,9026056.84,20,1.03,0
41,2470237.09,643,17139180.63,2819518.37,14319662.26,15,0.7,0
32,4722161.51,739,3663283.1,725550.03,2937733.07,15,0.11,1
39,1379423.94,516,14849924.1,1954717.09,12895207.0,10,0.97,0
32,1693928.46,415,15426800.43,2320382.84,13106417.6,10,0.89,0
55,2022814.08,679,11087305.2,2106661.49,8980643.71,30,0.57,1
32,4654538.06,815,10665724.46,1650414.7,9015309.76,15,0.19,1
41,4270244.97,453,10761559.24,1606160.55,9155398.69,20,0.32,1
45,2843061.14,355,6857573.78,1602456.28,5255117.5,30,0.18,1
28,2906305.84,717,6301083.58,977057.8,5324025.78,30,0.31,1
38,4256954.62,685,14592671.54,2319369.39,12273302.15,10,0.28,1
54,2543264.05,527,11517661.55,3377553.82,8140107.73,20,0.36,0
56,4930509.08,683,12197786.38,3068287.62,9129498.76,30,0.26,1
26,4345937.75,834,5210623.32,1405810.26,3804813.06,15,0.12,1
49,3140771.43,506,8801878.49,1678257.74,7123620.75,30,0.25,1
26,1300390.57,764,9334510.57,1310785.51,8023725.07,10,0.6,0
28,4779219.57,325,3999417.93,646897.38,3352520.55,20,0.1,0
37,2934234.21,637,10521304.81,1707960.19,8813344.62,15,0.36,1
57,1514554.64,730,19224301.32,4501177.91,14723123.41,15,1.01,0
40,4592530.44,611,18039801.22,5171961.03,12867840.19,10,0.34,1
30,2615150.64,738,4460288.36,467017.41,3993270.95,30,0.23,1
42,4836107.15,838,14180157.49,4039848.89,10140308.61,10,0.22,1
48,4729534.59,431,10442370.96,1376850.05,9065520.91,20,0.24,1
41,3294147.72,660,13520843.45,2102558.17,11418285.28,30,0.35,1
44,3928387.99,329,17606014.38,2147762.86,15458251.53,25,0.49,0
34,3231848.69,513,15930992.89,3699338.67,12231654.22,10,0.38,0
50,4186701.57,633,19704387.3,2493778.38,17210608.92,15,0.5,1
38,3825880.54,533,9372388.31,952932.08,8419456.23,30,0.27,1
49,4625855.27,457,3934116.93,410241.36,3523875.57,15,0.11,1
57,665940.16,300,2817966.97,355234.45,2462732.52,25,0.62,0
30,1540066.13,481,11281627.35,2443309.44,8838317.91,15,0.71,0
45,1259874.95,695,8374285.02,2207998.18,6166286.84,20,0.64,0
53,3517866.51,644,9778219.05,1115704.77,8662514.28,10,0.25,1
26,2831802.73,734,19987372.97,2864416.2,17122956.77,20,0.6,1
32,4760579.9,359,17716680.77,3940714.46,13775966.3,20,0.38,1
48,2205749.4,832,2204234.41,278417.84,1925816.57,20,0.19,1
26,4906897.66,498,18622956.04,4461369.09,14161586.95,25,0.34,1
55,2003843.66,378,12493632.39,3729660.93,8763971.45,15,0.65,0
57,2236101.7,499,16327123.0,3548684.56,12778438.44,15,0.62,0
50,2098448.91,340,4174514.58,1180774.0,2993740.58,30,0.41,1
50,584851.9,522,7258766.27,1782586.11,5476180.15,15,1.12,0
49,1881781.22,776,9200518.12,1192267.67,8008250.45,30,0.56,1
34,2102555.79,828,5441498.07,1093079.37,4348418.7,15,0.26,1
38,3836367.27,468,11516317.87,1947195.74,9569122.13,30,0.29,0
32,746876.87,677,5633778.68,788392.28,4845386.4,15,0.81,0
38,1382717.33,473,8711170.74,1756109.71,6955061.03,15,0.85,0
27,2543760.88,681,16216875.19,1859575.03,14357300.16,10,0.7,0
59,1526878.62,839,17975323.72,3943297.51,14032026.21,15,0.98,0
56,1145462.6,461,5555543.44,1237001.78,4318541.66,10,0.58,0
25,1724636.61,505,9872704.31,2603432.11,7269272.19,10,0.6,0
43,2100640.17,462,3158800.07,815340.75,2343459.32,20,0.36,1
47,1757642.39,649,16714534.78,3357806.97,13356727.81,30,0.69,0
30,1674820.83,842,2170871.03,303627.89,1867243.13,25,0.41,1
38,4287924.04,584,2532680.75,726800.47,1805880.27,10,0.08,1
27,4220824.19,755,12565589.05,3577726.62,8987862.43,25,0.24,1
40,2727246.29,670,12712650.55,3101890.78,9610759.77,30,0.49,1
43,960970.4,699,4111624.08,1098808.65,3012815.44,20,0.39,1
33,4629248.53,661,3604974.03,463017.02,3141957.01,25,0.12,1
52,1004312.58,561,7186472.66,1933495.78,5252976.88,25,0.78,0
29,844893.14,584,11569921.92,3378750.18,8191171.74,20,0.89,0
41,3955759.84,575,3932224.33,805197.86,3127026.48,30,0.09,1
56,3009846.64,520,9670189.04,1740066.68,7930122.36,25,0.29,0
32,3231987.04,405,15650154.13,1966803.29,13683350.84,15,0.52,0
44,2230909.62,531,8038206.73,2154113.14,5884093.59,10,0.27,1
59,4536039.71,409,19101334.45,1974792.09,17126542.36,20,0.41,1
40,897351.93,837,11008881.01,2191966.49,8816914.52,30,1.11,0
38,4878414.18,549,2591926.81,596479.3,1995447.51,25,0.05,1
58,3537030.17,319,18952742.43,5253538.87,13699203.55,20,0.44,1
29,4609043.94,362,18889650.73,5426065.46,13463585.26,20,0.32,0
31,2777395.89,648,12254916.8,3446959.38,8807957.42,25,0.46,1
53,3590914.0,320,16613673.89,2121196.3,14492477.6,10,0.42,0
39,4203588.59,688,19148296.08,4012067.05,15136229.03,10,0.36,1
46,1092869.76,470,11781238.83,2666017.46,9115221.37,10,1.17,0
43,4169383.77,523,19551311.42,2393767.05,17157544.38,15,0.46,0
55,648353.31,396,9690783.5,1616831.25,8073952.24,10,1.57,0
30,3138661.29,444,15131324.73,3005318.16,12126006.58,10,0.45,0
56,2039060.6,464,2323327.16,389235.76,1934091.39,10,0.37,1
28,4897869.36,671,11780166.53,2449057.85,9331108.68,15,0.21,1
33,3884080.69,331,3677370.53,893554.71,2783815.83,15,0.12,1
26,2191484.52,597,18510138.43,5280005.97,13230132.46,20,0.8,0
30,3267385.38,843,4543548.82,870709.69,3672839.12,20,0.1,1
56,1093557.16,644,14432945.68,3879685.29,10553260.39,10,1.41,0
55,3541574.22,377,3760538.84,1009319.59,2751219.25,10,0.22,0
46,1609137.03,314,16211449.51,2273071.88,13938377.64,30,0.86,0
32,4061333.08,611,18878081.62,2444762.95,16433318.67,20,0.43,1
29,1758136.01,836,18454245.66,3761658.05,14692587.61,20,0.94,0
46,546280.4,476,15696426.32,3442430.22,12253996.1,10,3.1,0
47,586319.23,745,17939156.42,4825999.4,13113157.02,20,2.71,0
43,1843877.55,477,9788301.87,2380320.06,7407981.81,25,0.37,1
38,2597051.71,815,18064098.57,1929921.08,16134177.49,20,0.58,1
55,3880736.09,699,19877239.71,5402970.4,14474269.31,30,0.48,1
25,4138170.63,534,6524219.14,753507.71,5770711.43,15,0.17,0
45,1762073.83,595,11303112.72,2749386.83,8553725.9,30,0.63,0
54,2839207.32,434,3124750.99,718952.47,2405798.51,10,0.27,0
25,2388899.66,482,9940195.61,2776281.23,7163914.38,15,0.41,1
44,1448840.22,803,14119133.46,2400417.03,11718716.43,20,0.86,0
39,1215181.07,612,8087344.53,1178767.27,6908577.26,30,0.82,0
43,795716.79,300,9829889.51,2340923.73,7488965.77,30,1.13,0
35,4909992.28,382,8341443.5,1717049.34,6624394.16,10,0.13,1
55,2038644.57,395,8362292.17,854398.98,7507893.19,10,0.36,1
36,1872956.67,431,2693139.22,701708.39,1991430.83,25,0.32,1
31,2896803.53,332,19042125.33,3759099.3,15283026.03,15,0.48,0
30,1248434.17,596,17512402.29,5071681.83,12440720.46,30,1.27,0
45,2020494.51,304,17094066.5,5070727.38,12023339.13,30,0.57,0
34,3861523.27,799,2397318.95,709346.34,1687972.62,20,0.18,1
32,2252481.65,457,3552735.5,835811.4,2716924.1,25,0.2,1
42,1571095.46,365,11746749.45,3228806.04,8517943.41,25,0.86,0
32,1935391.22,541,16366167.49,2426386.36,13939781.13,30,0.71,0
56,644557.95,553,6771365.85,1081623.94,5689741.92,25,1.49,0
32,4523696.25,809,14945066.4,3377311.68,11567754.73,30,0.36,1
47,4599635.89,517,6024394.87,828018.96,5196375.91,20,0.17,1
28,1694687.06,537,18372030.32,2242446.0,16129584.32,25,1.1,0
38,1822849.15,436,7934375.32,906948.01,7027427.31,25,0.37,0
42,549777.59,544,15328919.54,2214355.96,13114563.58,10,3.13,0
52,726429.48,799,12153919.91,3257356.17,8896563.74,15,1.88,1
38,3790572.01,632,11853013.84,2094162.82,9758851.02,15,0.32,1
37,4405096.0,676,11560245.26,2803781.16,8756464.1,25,0.18,1
50,4600950.05,410,9813758.45,1160049.6,8653708.85,15,0.18,0
31,2043891.47,783,11039713.36,2412978.42,8626734.94,10,0.59,1
49,1396138.06,828,12323063.9,2133559.1,10189504.8,25,0.72,0
52,4778878.62,753,9349409.1,2697971.1,6651438.0,20,0.15,1
39,732089.18,442,9385764.21,1051968.11,8333796.1,15,1.83,0
29,577350.42,300,18212329.74,4389267.44,13823062.3,20,2.78,0
56,4255235.53,490,15779488.36,3876281.48,11903206.88,30,0.28,1
44,1144084.09,558,12762270.83,2236633.65,10525637.17,30,1.16,0
45,4226328.36,729,10667635.08,1223670.95,9443964.13,10,0.31,1
45,2761912.44,423,5406453.24,1010056.29,4396396.96,15,0.21,0
31,4384573.77,784,16905666.83,4354822.88,12550843.94,15,0.39,1
41,1371920.92,413,10844432.98,2004938.27,8839494.71,15,0.59,0
38,4333668.45,810,18651631.51,2410909.58,16240721.93,20,0.47,1
57,1504674.54,529,17182231.3,3498948.95,13683282.35,10,0.88,0
35,1452338.59,838,5776437.84,1700591.64,4075846.2,15,0.34,1
57,2787361.92,472,13697666.98,3823586.31,9874080.68,30,0.46,0
43,904661.64,590,15996359.76,2425533.59,13570826.17,30,1.99,0
45,4396806.77,668,5616337.45,968175.26,4648162.19,15,0.2,1
54,1740133.09,597,10680194.8,1589049.86,9091144.94,10,0.67,0
52,3656913.94,734,18098297.37,4134306.91,13963990.46,15,0.43,1
31,2101149.77,398,12287551.1,2949096.85,9338454.25,10,0.47,0
36,825193.64,499,4397091.1,741919.27,3655171.83,30,0.97,0
29,4028141.07,495,10266006.84,1038707.14,9227299.7,15,0.31,1
50,4446863.27,602,16652633.56,3488208.15,13164425.41,25,0.32,1
54,904841.5,310,11330248.38,2979577.39,8350670.98,30,1.02,0
29,4415649.86,400,5034145.45,1373627.05,3660518.4,10,0.21,1
56,620920.0,789,10651860.31,2369305.33,8282554.97,25,2.16,1
25,2070556.56,527,13458641.75,3500662.22,9957979.53,15,0.51,0
30,4940106.05,406,17317258.97,2918527.85,14398731.12,20,0.32,0
40,2089942.82,407,4729202.98,1043760.79,3685442.19,15,0.4,1
51,4667482.27,622,8802447.57,1619874.3,7182573.27,30,0.21,1
38,860570.29,519,9158306.32,2220365.77,6937940.55,10,0.98,0
29,3533199.63,798,13938947.73,2028546.16,11910401.57,20,0.46,1
51,4677256.86,804,11229487.51,2409820.94,8819666.57,20,0.22,1
30,4194699.34,315,7889714.4,1811171.79,6078542.61,25,0.22,1
28,3335044.92,573,19607280.63,2339745.7,17267534.93,10,0.48,0
37,4651149.88,784,5952245.15,1449914.59,4502330.56,30,0.14,1
57,3612615.44,313,4910617.47,984195.49,3926421.98,20,0.19,1
57,2364873.58,759,13566206.26,2797153.79,10769052.47,15,0.61,1
54,910971.89,709,12035140.3,3429332.32,8605807.98,20,1.18,0
38,3544771.92,422,2100111.97,474490.69,1625621.27,15,0.08,1
43,4187458.83,776,6355493.54,1644841.53,4710652.01,25,0.16,1
25,4677792.92,779,15684897.53,1638183.29,14046714.23,15,0.35,1
52,2078788.43,544,2909393.34,317503.23,2591890.12,10,0.36,1
29,4659840.58,322,19781863.9,2908917.01,16872946.88,10,0.45,0
30,3401157.04,406,18133290.18,3733485.16,14399805.02,15,0.51,0
49,2297125.2,421,10297528.33,1085601.86,9211926.47,10,0.62,0
48,1801877.74,495,6844239.01,1486969.16,5357269.85,20,0.59,0
35,1671160.33,514,12030002.73,1372972.41,10657030.32,30,0.7,0
56,3980188.1,430,5480279.39,729627.79,4750651.59,25,0.23,1
29,1906769.05,627,9939136.29,2081450.84,7857685.45,30,0.68,0
46,4748903.19,588,18357223.11,3699613.55,14657609.56,10,0.33,1
59,697044.25,307,14268781.61,3715803.37,10552978.24,30,1.77,0
55,3714494.61,515,3743374.38,869268.1,2874106.28,15,0.18,1
47,3136462.98,474,8091780.64,1083702.07,7008078.57,10,0.36,0
36,868816.15,328,5944923.36,923351.28,5021572.07,25,0.82,0
27,4044601.88,529,17074214.34,3620935.17,13453279.17,10,0.45,1
41,3572191.03,736,16919382.97,4749287.5,12170095.47,15,0.34,1
45,2491636.67,712,16542158.52,3453634.47,13088524.05,15,0.66,0
54,2469706.04,470,16682848.85,4498315.07,12184533.78,20,0.45,0
48,1942629.0,608,2959975.25,401078.46,2558896.79,10,0.12,1
42,4921579.75,491,15898828.8,3640195.69,12258633.11,20,0.29,1
43,1772564.75,440,4346148.44,924571.98,3421576.46,15,0.18,1
49,2035463.2,399,12461361.59,3130457.19,9330904.4,20,0.44,1
58,2004362.77,763,2576386.81,524539.66,2051847.15,15,0.35,1
54,1461420.92,811,7944954.8,2201378.0,5743576.8,15,0.73,1
39,1914038.47,486,6402703.05,747693.42,5655009.63,25,0.38,1
27,2629794.87,764,13786661.52,2382279.31,11404382.22,20,0.41,1
37,4175736.65,688,3972644.86,800371.13,3172273.73,25,0.09,1
45,3584532.66,712,12596506.51,2681717.81,9914788.7,10,0.27,1
40,1795356.96,605,7926041.55,1609428.28,6316613.27,20,0.61,0
42,1265238.95,391,6323158.48,883623.23,5439535.25,25,0.56,0
51,1828439.49,331,19719544.84,5035398.72,14684146.13,25,0.76,0
38,3312667.5,468,8157702.67,979095.43,7178607.23,10,0.31,0
29,3941631.99,659,5054789.16,875363.0,4179426.17,10,0.21,1
32,1057031.77,458,19891174.08,3742319.79,16148854.3,30,1.51,0
54,3841476.83,721,6135607.04,883048.47,5252558.57,20,0.21,1
58,4973764.93,368,9037013.57,1479668.7,7557344.87,25,0.21,1
50,737366.8,336,18832750.63,4008979.48,14823771.15,20,2.43,0
26,1013099.04,706,11381055.79,1741740.88,9639314.91,25,0.87,0
38,4082968.27,502,5829189.74,1616865.67,4212324.07,10,0.17,1
27,2779643.52,519,6136097.56,1799430.82,4336666.74,30,0.17,1
39,4196267.63,801,14286652.46,3871634.77,10415017.69,20,0.29,1
30,1960224.98,387,17561337.0,3852627.74,13708709.26,25,0.67,0
58,2499659.12,413,3139917.7,494853.2,2645064.5,25,0.23,0
45,2325232.15,446,13275347.58,2729543.88,10545803.71,10,0.43,0
56,4777090.81,400,13811328.45,1834907.35,11976421.1,15,0.34,0
28,4411101.44,780,11820898.21,2944206.96,8876691.25,25,0.31,1
41,2550325.23,561,16793715.04,2160045.38,14633669.67,20,0.7,0
59,3334858.46,563,14277098.02,1560062.19,12717035.83,10,0.51,0
42,1700776.98,639,13867243.15,3889875.36,9977367.79,10,0.59,1
49,3036382.42,656,11077076.02,2801514.11,8275561.9,25,0.41,1
26,2277950.54,788,15599115.18,4453310.8,11145804.38,10,0.49,1
26,2315968.84,689,10315062.56,1753903.16,8561159.39,30,0.37,1
50,3157484.17,822,18480525.35,3279798.49,15200726.86,10,0.49,1
25,4465192.45,659,15386917.9,2924577.51,12462340.39,10,0.35,1
47,1064689.98,548,13980297.22,1573431.36,12406865.86,25,1.1,0
47,725356.39,408,10488783.5,1058438.25,9430345.25,30,2.0,0
42,3282448.31,596,12214719.68,1271504.5,10943215.18,20,0.32,0
29,2402937.76,814,18193463.06,2504529.77,15688933.29,20,0.71,0
57,4017251.89,634,10880578.08,1941124.89,8939453.19,15,0.26,1
43,936727.74,535,16530122.89,2055935.78,14474187.11,15,1.61,0
59,1525998.12,349,2705183.24,749034.04,1956149.2,30,0.18,1
35,2317702.28,454,6874081.96,1017919.26,5856162.7,15,0.38,1
32,4312355.32,839,19375279.54,5686085.4,13689194.14,20,0.32,1
39,4158449.11,814,18637984.51,1943876.18,16694108.33,10,0.47,1
29,1594288.4,416,15166328.58,3572448.0,11593880.58,10,0.81,0
35,1187796.83,643,6243274.85,1274495.79,4968779.06,30,0.56,1
25,1252849.77,647,12309223.52,1501968.04,10807255.48,30,0.78,0
26,1257639.61,662,11276107.28,3125833.82,8150273.46,15,0.65,0
59,3114665.19,370,3927707.23,752400.95,3175306.27,10,0.14,0
42,1469105.32,421,11272967.18,1749748.41,9523218.77,10,0.72,0
48,4085251.03,525,4890083.84,847565.68,4042518.16,20,0.13,1
40,1805801.06,333,10178916.86,1552424.94,8626491.92,20,0.59,0
29,3759655.47,403,17805626.71,4977071.99,12828554.72,30,0.46,0
55,2306830.46,348,8208727.98,2392606.66,5816121.32,30,0.29,1
41,2643125.55,817,2801354.43,311694.98,2489659.44,15,0.25,1
58,3183000.39,536,13374026.41,3607325.81,9766700.6,15,0.37,1
31,4768472.75,765,13530216.47,4042472.12,9487744.35,30,0.25,1
41,1666574.26,417,7119540.08,1381719.16,5737820.92,10,0.53,0
44,2045848.65,777,19221417.08,2523477.69,16697939.39,10,1.01,0
50,2278447.35,427,3655432.39,888588.59,2766843.8,30,0.15,1
55,2521715.35,647,15163565.4,1547685.64,13615879.75,25,0.56,1
45,4752438.13,507,11685093.46,1346786.91,10338306.55,15,0.25,1
58,4005078.26,687,18823439.49,3152511.49,15670928.01,15,0.44,1
45,4996666.14,427,5280105.54,1374800.28,3905305.26,20,0.14,1
34,1809696.53,480,19370278.32,3299496.1,16070782.22,25,0.89,0
41,3076861.95,492,8213081.34,1674454.03,6538627.31,15,0.26,0
28,3236211.71,589,14439763.49,1537811.2,12901952.29,25,0.52,0
41,1681853.12,490,10035482.78,1636021.88,8399460.9,25,0.57,0
32,4113127.37,847,14752562.78,3671230.78,11081332.0,10,0.25,1
34,2589538.41,523,11262041.18,2248979.88,9013061.3,15,0.35,0
37,2411809.43,339,7162786.36,1372014.42,5790771.94,30,0.25,0
26,1853207.57,789,13848867.64,2672830.45,11176037.19,30,0.82,0
56,4246014.19,794,15103634.0,4391204.79,10712429.21,20,0.34,1
54,1833889.22,657,12036260.59,3607749.97,8428510.62,10,0.59,1
56,2196050.41,320,5042747.73,1102782.4,3939965.33,15,0.21,1
51,3296872.73,613,6450787.85,888323.24,5562464.62,20,0.26,1
43,968430.01,416,13784202.35,3033536.27,10750666.08,10,1.41,0
32,4122608.67,505,6172769.69,1153333.2,5019436.48,25,0.13,0
31,4735166.31,626,17843584.94,4475477.86,13368107.08,30,0.34,1
50,3253101.69,693,16319551.19,2244816.42,14074734.77,20,0.39,1
50,3948879.97,483,9743838.09,1070781.1,8673056.99,30,0.2,1
35,4526956.09,662,3306476.39,828793.76,2477682.62,20,0.06,1
58,4584505.2,648,9152770.25,1611475.43,7541294.82,25,0.18,1
25,900094.84,325,4999478.7,1482839.81,3516638.9,10,0.53,0
39,2582097.91,687,4717713.13,1099786.86,3617926.27,15,0.33,1
29,3406697.67,827,16692089.84,3726128.03,12965961.81,10,0.36,1
49,3626704.71,470,6250664.28,938976.66,5311687.62,25,0.14,0
47,2601085.08,822,16120626.78,3281038.77,12839588.01,15,0.49,1
44,4764883.55,767,5031171.41,655222.75,4375948.66,25,0.13,1
29,3801744.18,420,14616328.97,2732747.64,11883581.32,25,0.31,0
43,1146017.64,628,3079675.75,490265.3,2589410.45,25,0.72,0
34,3439436.87,742,14351047.36,3902432.43,10448614.93,25,0.33,1
57,4645620.91,786,13506932.76,3877219.42,9629713.35,15,0.26,1
39,2872488.41,419,5077104.71,1260216.51,3816888.2,20,0.32,1
48,4327549.56,410,5770207.58,1302354.67,4467852.91,25,0.14,1
42,3935383.68,787,10136110.19,2955561.23,7180548.97,10,0.25,1
53,4444979.06,612,8040609.86,1317128.39,6723481.47,10,0.22,1
42,4403723.13,746,10368345.54,2083368.11,8284977.43,15,0.23,1
54,900912.25,678,4562897.36,555103.74,4007793.62,30,1.04,0
31,4182066.01,608,5651720.3,1005797.56,4645922.75,15,0.17,1
46,748801.59,473,2877395.86,483754.62,2393641.25,25,0.98,0
54,836460.58,433,2736816.37,289089.78,2447726.58,25,0.69,0
57,2360872.24,454,3546958.57,1001138.14,2545820.43,20,0.1,0
30,4095117.88,482,17620380.65,1812073.87,15808306.78,25,0.38,0
42,4139011.4,459,6280542.5,1056467.84,5224074.67,20,0.15,0
50,2315305.73,748,5564959.26,1158494.76,4406464.5,20,0.18,1
31,800473.14,762,19312404.44,4256762.45,15055641.99,25,1.87,0
34,3452257.28,338,15042772.69,2524101.21,12518671.48,10,0.37,1
42,1189229.45,768,4612839.61,536133.7,4076705.91,10,0.81,0
26,2229924.55,419,2434567.02,495277.46,1939289.56,15,0.28,1
46,2858523.1,447,4103179.32,1101471.05,3001708.27,25,0.21,1
36,3039577.1,513,13261829.98,3446867.76,9814962.21,30,0.47,0
39,3841529.95,319,2504135.48,554790.95,1949344.53,15,0.16,1
57,2234532.28,325,15661076.26,2410830.64,13250245.61,10,0.75,0
55,3615129.19,389,18402314.55,4646786.21,13755528.35,20,0.42,1
38,3496746.61,526,6646248.02,1159347.43,5486900.58,25,0.16,0
53,3382196.83,607,19305283.35,2245691.63,17059591.73,30,0.47,1
40,4570033.66,366,19613400.09,3321329.98,16292070.11,15,0.45,0
44,2520040.56,672,6870157.12,1806328.35,5063828.77,20,0.25,1
36,535600.09,375,17966690.26,5330719.04,12635971.22,30,3.03,0
53,4243154.83,556,7692371.14,1161572.33,6530798.81,30,0.19,1
52,2106153.89,449,2076350.7,337276.48,1739074.22,10,0.21,0
57,4671129.78,640,11116878.18,1857374.49,9259503.69,25,0.27,1
26,3912125.16,444,15877882.72,3517638.84,12360243.88,30,0.43,1
26,1309762.42,797,8590164.69,1105788.08,7484376.61,15,0.7,0
26,1131230.87,846,11075217.51,3086140.76,7989076.74,15,1.14,0
27,2742610.04,664,10909179.75,1719616.35,9189563.4,30,0.47,1
51,4614803.65,786,9097590.19,1819867.26,7277722.93,25,0.23,1
44,3357193.71,606,15864855.8,4029295.89,11835559.91,15,0.47,1
58,717632.04,680,2788219.12,353694.87,2434524.24,20,0.64,0
27,4899778.19,793,3337873.42,693133.19,2644740.23,10,0.11,1
35,847457.26,304,16691111.51,1731142.56,14959968.94,10,2.22,0
25,3994693.2,641,11367782.52,3387776.31,7980006.21,30,0.26,1
58,1994990.3,650,17525249.29,3093197.45,14432051.84,25,0.95,0
53,517728.49,636,6976662.91,1274937.14,5701725.77,30,1.65,0
50,2387446.97,384,12275057.09,2670352.0,9604705.08,30,0.38,1
51,3029738.52,782,13338715.69,2559506.52,10779209.18,30,0.41,1
41,4684038.21,831,11180341.95,3098898.31,8081443.64,30,0.19,1
38,1755549.18,760,6267153.73,1014429.84,5252723.89,15,0.57,1
36,1846033.96,300,3770336.14,835648.62,2934687.52,20,0.3,1
27,2428894.21,711,15048334.96,4054251.84,10994083.12,15,0.47,1
34,2694250.07,720,17543558.45,2304258.93,15239299.52,20,0.59,1
31,1687987.75,427,6891898.55,938410.05,5953488.5,15,0.36,1
36,527279.31,787,8920052.3,2152491.86,6767560.44,25,1.78,1
57,4982459.25,746,3175208.27,360765.95,2814442.32,25,0.08,1
50,3986303.87,330,9392587.77,1546263.55,7846324.22,15,0.23,0
27,4761799.12,423,10399774.07,2536270.44,7863503.63,15,0.22,1
42,1852911.92,734,17531759.9,3968657.38,13563102.52,15,0.88,0
50,1588560.19,755,7500326.25,1928907.29,5571418.96,10,0.6,1
50,3965680.52,419,10975238.24,1525363.04,9449875.19,15,0.36,1
36,1325413.91,664,13732741.7,3158150.78,10574590.93,15,0.78,0
34,4580324.97,423,11666885.86,2165791.14,9501094.72,30,0.19,0
51,3682658.96,799,18483523.94,4270019.07,14213504.87,10,0.36,1
55,4721373.58,708,6613631.81,1345446.33,5268185.48,20,0.21,1
47,4066237.0,505,10856572.82,3255410.46,7601162.36,15,0.21,1
26,3852115.9,619,5924711.45,772307.04,5152404.41,10,0.26,1
55,4749578.68,472,4290548.61,498758.46,3791790.14,25,0.19,0
30,3885437.7,798,17198988.82,4366783.13,12832205.69,25,0.41,1
46,3959684.23,499,18232013.6,4547420.54,13684593.06,10,0.35,1
37,909210.68,493,9686764.38,2705772.85,6980991.53,15,1.19,0
26,722063.57,553,3392714.64,793306.22,2599408.41,25,0.39,0
51,4606830.04,754,10223117.0,1170462.98,9052654.02,25,0.3,1
41,1882790.55,529,18347259.62,4148040.51,14199219.11,25,0.81,0
33,2528857.73,456,9308790.25,2104293.31,7204496.95,30,0.33,1
29,1174301.68,513,14278591.79,2231993.52,12046598.28,20,1.3,0
50,1902866.74,405,13993224.04,2790768.51,11202455.54,15,0.59,0
26,1057309.35,560,8021099.5,1637010.24,6384089.27,15,0.82,0
34,553778.83,815,11934055.65,2829665.08,9104390.57,20,2.39,1
25,3943278.37,601,18727300.4,5378188.12,13349112.29,15,0.43,1
39,3236617.63,529,5645133.28,973838.21,4671295.07,30,0.28,0
35,4052638.67,805,17035805.01,1779542.66,15256262.35,15,0.42,1
29,1935389.63,463,18716688.9,4889616.71,13827072.19,20,0.66,0
36,3957337.7,361,7971343.57,1559944.04,6411399.53,20,0.27,1
37,1817204.59,708,16871101.45,4827875.78,12043225.66,10,0.66,0
53,1450873.97,407,19532624.0,2554041.39,16978582.6,25,1.44,0
50,4612904.8,787,15232293.25,3308909.01,11923384.23,25,0.33,1
57,4247683.05,315,4714917.18,492685.95,4222231.23,20,0.11,0
27,4218607.28,823,16901157.11,2688531.22,14212625.9,10,0.35,1
42,1457259.81,791,14380912.21,2637855.99,11743056.22,15,1.03,0
42,3302355.95,368,5804323.78,1583592.03,4220731.75,20,0.26,1
54,4572344.38,607,3832123.07,906418.13,2925704.94,15,0.09,1
58,3409491.02,368,3624815.41,1019261.03,2605554.38,20,0.11,1
36,1301946.34,806,16219751.86,4050267.94,12169483.92,25,1.15,0
45,4485229.82,513,10497118.95,1212467.31,9284651.64,10,0.26,1
53,2792872.07,544,13946290.03,2062405.46,11883884.57,15,0.48,0
56,3135388.55,700,5801702.36,1260857.3,4540845.07,30,0.24,1
38,4007397.03,593,17193780.8,3961190.94,13232589.85,10,0.36,1
33,578553.57,560,14490093.39,3888520.05,10601573.34,30,2.08,0
33,3995143.58,379,8866278.42,1294392.94,7571885.48,30,0.28,1
27,792055.06,480,15040544.43,3169073.32,11871471.11,20,1.74,0
36,2112173.51,736,12775309.85,2020907.61,10754402.24,20,0.63,0
50,4308382.73,634,8130012.97,1905254.52,6224758.45,10,0.15,1
28,2424045.83,370,5403421.19,1127346.48,4276074.71,30,0.32,1
29,2966339.4,516,4863821.68,1077311.89,3786509.79,30,0.2,1
33,911383.32,629,16044382.94,3724896.86,12319486.08,25,1.28,0
31,2366637.55,630,10038664.54,2917560.08,7121104.46,30,0.52,1
41,1118613.54,610,15177612.87,2855942.09,12321670.78,20,1.03,0
54,3254023.38,799,7930729.12,1834951.58,6095777.54,10,0.18,1
44,4501162.23,494,11671136.47,1223227.56,10447908.91,20,0.25,0
38,4058424.3,391,7144148.2,1502593.17,5641555.03,10,0.15,1
40,1480597.15,332,8201565.94,1718702.04,6482863.9,30,0.44,1
43,749005.05,773,12490273.81,2231820.63,10258453.18,25,1.48,0
38,3484374.03,583,12018182.88,2200630.7,9817552.18,15,0.3,0
49,2236235.31,470,17181597.26,5002609.46,12178987.8,25,0.72,0
26,1897024.11,339,15674282.91,3398318.55,12275964.36,20,0.68,0
47,3980713.28,688,14051183.81,2776640.96,11274542.85,15,0.28,1
44,2926289.79,511,4923296.75,1060592.76,3862703.99,15,0.29,1
57,3382572.59,661,10406555.51,1645887.58,8760667.93,25,0.33,1
42,3063266.66,431,4939102.14,1077553.32,3861548.82,20,0.27,1
25,2832612.07,759,19769937.33,2991759.44,16778177.89,10,0.56,1
31,1404875.14,715,10129389.86,1438204.0,8691185.85,20,0.91,0
39,1962106.68,741,15564031.36,1835340.41,13728690.95,10,0.63,0
26,1064481.05,764,3706861.19,807882.86,2898978.33,20,0.62,1
38,2017188.61,662,4288525.1,1206387.87,3082137.23,15,0.21,1
40,1335287.16,575,16904104.16,2086640.91,14817463.25,15,1.34,0
30,1109823.24,695,19778634.19,5193953.68,14584680.5,10,1.7,0
40,4319280.25,571,9644122.23,1883927.85,7760194.38,30,0.24,0
49,927354.58,819,2515615.86,321531.19,2194084.67,25,0.44,1
31,2193624.32,474,7166706.17,2037549.58,5129156.59,30,0.29,1
47,4671985.71,353,6387083.03,1412605.53,4974477.5,30,0.15,0
31,4648498.49,844,2425610.17,655898.04,1769712.12,25,0.11,1
56,2238334.64,446,9531930.79,2180784.13,7351146.66,30,0.49,0
28,3881075.58,728,9890000.92,1303457.87,8586543.05,10,0.3,1
38,1372771.66,444,10797610.42,2027640.7,8769969.72,25,0.78,0
44,1170008.29,736,10586275.81,2474643.85,8111631.96,25,1.01,0
35,3542244.16,444,9250898.69,2314677.13,6936221.56,15,0.26,1
44,3522592.8,686,3536939.91,588990.38,2947949.53,30,0.23,1
49,3339852.71,749,5612680.16,1509816.51,4102863.66,10,0.26,1
42,898054.64,744,9195677.03,1034190.14,8161486.89,15,1.07,0
41,2497908.09,311,2262441.21,505467.58,1756973.63,20,0.09,1
55,1824046.2,780,10812029.66,2358091.1,8453938.57,15,0.7,1
55,1269158.45,642,14917476.01,2819940.58,12097535.43,10,1.12,0
29,4436900.76,527,17974260.28,5320953.28,12653307.0,20,0.35,1
36,2225840.63,369,7165313.57,1333349.33,5831964.23,10,0.36,0
42,1976422.1,676,17523051.12,1926144.47,15596906.65,10,0.79,0
43,4876094.67,387,7127556.7,1104197.76,6023358.95,15,0.17,0
41,2780518.36,516,17529460.18,2675265.72,14854194.46,30,0.63,0
45,4334540.06,795,6435998.57,724181.22,5711817.35,15,0.25,1
40,3268150.07,357,3016650.38,518956.27,2497694.1,10,0.2,1
42,2518718.11,381,19289976.94,4658914.03,14631062.9,15,0.53,0
40,845463.9,410,7833842.48,1292060.17,6541782.31,30,0.82,0
45,1868118.67,727,11272587.96,2252056.86,9020531.09,10,0.53,1
30,2065102.53,639,6091212.0,1689182.37,4402029.63,10,0.48,1
46,630969.31,333,16376375.99,3798142.59,12578233.4,25,2.2,0
32,2384011.69,742,6372581.83,1443668.36,4928913.47,25,0.35,1
47,1569310.46,367,10947777.23,2704452.62,8243324.62,25,0.49,0
35,1563472.84,608,12872069.58,3200927.79,9671141.79,10,0.94,0
35,4211392.34,356,14234958.05,2565427.99,11669530.06,10,0.35,0
43,1547174.8,722,9757196.53,2092578.09,7664618.44,30,0.51,1
56,2281695.41,787,6492471.48,1797523.6,4694947.88,25,0.42,1
42,1804803.88,667,5917124.67,1270299.76,4646824.91,20,0.48,1
55,4797848.66,462,6954045.14,1454089.45,5499955.68,20,0.14,1
44,4705284.03,673,19013984.39,3545156.42,15468827.97,10,0.31,1
57,1494667.63,306,13670389.65,2217128.25,11453261.4,15,0.91,0
49,1106276.05,620,2447236.94,617767.12,1829469.82,30,0.22,1
37,3995302.01,368,12158937.54,2450314.08,9708623.45,10,0.29,1
47,1972017.95,460,9181254.24,1690717.98,7490536.26,15,0.43,1
36,4847758.8,474,9803305.43,2227555.73,7575749.7,30,0.24,1
29,1826583.69,637,9425635.98,2570050.03,6855585.95,15,0.64,0
36,1187889.42,448,8908478.56,893192.69,8015285.87,10,1.01,0
40,940987.48,564,8713387.91,1412025.39,7301362.52,10,1.19,0
47,4364014.82,841,8340664.58,1390716.08,6949948.5,20,0.17,1
55,2862981.7,429,6382887.54,1262412.75,5120474.79,20,0.36,0
26,4001434.35,820,2823858.34,798026.3,2025832.04,20,0.18,1
30,907051.74,524,16568300.06,4599716.3,11968583.76,25,1.32,0
26,4879760.64,394,10528356.94,2478809.23,8049547.71,10,0.18,1
48,4455633.13,479,13504875.27,3950754.24,9554121.03,15,0.23,1
28,609714.94,809,6608231.83,1113217.38,5495014.45,20,1.53,0
59,2145288.98,441,18189857.89,4405803.83,13784054.06,15,0.63,0
54,1692190.72,807,13415646.34,1893963.2,11521683.13,10,0.65,0
27,4207012.01,758,4333409.49,704472.28,3628937.22,30,0.21,1
30,2642641.9,812,2378927.11,419835.53,1959091.58,10,0.2,1
48,2386262.92,681,19739481.41,2956403.95,16783077.45,30,0.73,0
48,4328732.6,745,17647909.37,4406181.44,13241727.93,10,0.28,1
35,2444396.93,761,13555556.85,1507418.14,12048138.71,20,0.5,1
51,4099132.66,790,2498546.87,473472.59,2025074.28,10,0.13,1
29,622373.32,611,5163687.84,1118519.69,4045168.15,10,0.95,0
47,3510533.48,408,3438964.83,358875.43,3080089.4,25,0.18,0
39,4418199.74,484,12491627.35,2965263.8,9526363.55,15,0.27,1
30,2703058.61,335,10594577.28,2065684.17,8528893.11,15,0.44,1
39,935448.22,758,16079437.43,4155926.04,11923511.39,25,1.66,0
27,867135.81,449,11241503.51,2047663.67,9193839.84,10,0.96,0
29,4804255.7,776,12087267.55,2318947.21,9768320.34,10,0.22,1
34,3716164.35,549,6463840.31,654813.75,5809026.57,30,0.19,0
32,3102097.63,641,14930616.91,2102604.57,12828012.33,25,0.4,1
58,1577107.72,308,13732039.29,3856177.3,9875861.98,10,0.77,0
50,1808870.32,303,8241300.7,2068126.6,6173174.1,15,0.51,0
32,3454660.5,685,6268923.51,1385731.48,4883192.03,20,0.14,1
28,4238478.73,403,16451134.22,4636286.37,11814847.84,30,0.36,0
57,3251036.89,331,13896253.08,2801063.5,11095189.58,15,0.31,0
36,3618469.63,816,9235882.85,965922.64,8269960.21,25,0.33,1
43,928651.05,626,16264001.2,2600986.48,13663014.73,15,1.79,0
31,2029383.42,366,12452547.57,1734879.74,10717667.83,20,0.5,0
46,816629.69,621,7406603.25,1315451.45,6091151.79,30,1.33,0
46,1232387.66,562,18278443.81,3152038.25,15126405.56,25,1.59,0
30,538773.18,772,13419325.71,1688895.51,11730430.2,10,2.04,0
35,2560208.63,388,14782444.48,2663519.81,12118924.67,10,0.59,0
31,4275454.05,494,5073449.89,1039748.45,4033701.44,15,0.19,0
58,549117.73,387,4790623.04,599389.51,4191233.53,15,1.25,0
55,1365685.68,715,16639460.27,2336664.97,14302795.3,25,1.17,0
28,3802242.63,847,13413961.46,3565012.53,9848948.92,20,0.3,1
54,1399915.43,832,6909065.22,1858794.35,5050270.87,30,0.43,1
50,1541360.49,520,12243411.67,1712310.13,10531101.55,25,0.69,0
55,3289167.7,470,19238888.56,4941152.32,14297736.25,25,0.5,0
28,600232.55,616,7224307.8,785678.71,6438629.09,10,1.19,0
49,4930119.93,562,9502888.72,2837192.8,6665695.92,20,0.16,1
50,4314302.21,842,9926666.64,2361320.93,7565345.71,30,0.17,1
49,2621234.33,490,18784462.09,3038844.02,15745618.07,20,0.56,0
48,1738211.97,557,15045627.94,3602351.86,11443276.08,10,0.67,0
32,4521683.71,483,12588486.17,2465452.19,10123033.98,30,0.23,1
51,1954118.57,331,14529259.81,2739266.04,11789993.77,30,0.82,0
55,3409856.55,500,10548540.32,2659802.6,7888737.72,20,0.28,1
54,4658753.87,451,18309363.66,4763979.84,13545383.82,20,0.36,1
37,1274923.96,491,6674821.92,1193257.71,5481564.21,10,0.81,0
43,4134882.47,478,7971695.74,1450610.91,6521084.84,25,0.24,0
33,2218572.15,814,11711773.2,2504130.54,9207642.66,15,0.41,1
36,2069730.76,596,19989734.58,3734198.6,16255535.98,30,0.85,0
35,1757156.03,310,19596643.85,4466297.4,15130346.45,20,0.87,0
59,4221938.55,765,12074847.53,2904764.93,9170082.6,20,0.29,1
38,4393003.37,660,14163995.94,3778272.74,10385723.2,30,0.28,1
49,1572422.95,654,4957533.06,908045.88,4049487.18,15,0.34,1
55,3211061.98,377,19860281.18,3176782.67,16683498.51,15,0.58,0
38,2194798.39,492,4304621.0,786408.18,3518212.82,15,0.22,1
57,3049622.77,624,11054951.04,2131310.12,8923640.92,30,0.4,1
48,3023587.24,703,14722933.09,3473599.52,11249333.57,20,0.34,1
25,4716005.19,304,2593300.08,461436.46,2131863.62,30,0.04,0
45,4948391.39,669,3762191.18,879919.35,2882271.84,10,0.16,1
34,4098001.12,708,5061809.81,914386.96,4147422.85,15,0.21,1
38,4296197.52,357,4746755.76,1190617.46,3556138.3,20,0.18,1
48,2847486.8,522,18956629.89,3958530.15,14998099.74,30,0.66,0
36,4998147.32,735,18929483.9,3612621.16,15316862.74,20,0.37,1
40,2391308.8,813,14010246.32,4146370.56,9863875.76,30,0.44,1
47,3181991.25,438,19410414.48,4100430.42,15309984.05,20,0.6,0
56,3167887.2,699,7152803.75,1933569.37,5219234.38,25,0.27,1
51,1263290.68,383,11869590.44,3468697.89,8400892.54,10,0.81,0
31,3482390.29,630,11602461.0,2777532.28,8824928.72,10,0.39,1
41,4911604.68,405,18591759.19,3889887.65,14701871.54,20,0.3,0
31,3473305.43,844,7978495.24,938013.66,7040481.58,25,0.26,1
26,906533.36,378,6721170.95,1786801.51,4934369.44,25,0.76,0
44,2286158.25,841,10311598.85,3039575.85,7272023.0,25,0.33,1
40,3413986.3,407,2286736.33,496433.6,1790302.72,15,0.19,1
35,1118747.49,321,14583943.44,1520437.34,13063506.1,30,1.43,0
27,1780896.95,602,3918750.42,1171514.75,2747235.66,15,0.25,1
43,3158301.47,473,13744400.62,2755888.42,10988512.2,30,0.4,1
43,2210714.95,445,8046444.18,2331841.33,5714602.85,30,0.39,0
54,1543161.28,736,3249423.77,727717.41,2521706.36,25,0.28,1
49,979347.71,341,14448637.69,4229110.31,10219527.39,30,1.05,0
31,2537393.32,301,19469579.17,4773915.13,14695664.04,10,0.66,0
50,1627057.71,415,13883836.04,1976966.53,11906869.52,10,0.88,0
37,673381.9,665,4821677.67,1278421.95,3543255.72,25,0.98,0
51,2188623.67,827,9572814.34,2840326.57,6732487.77,30,0.54,1
36,2642427.32,696,6037048.51,836362.21,5200686.3,10,0.37,1
30,2456761.25,803,18553620.7,5284408.46,13269212.23,20,0.54,1
45,4169167.64,458,14076828.19,1499810.24,12577017.94,30,0.28,0
59,1752726.3,351,7067672.26,1865625.32,5202046.94,25,0.38,1
35,4880627.99,758,11676298.09,1444553.28,10231744.82,25,0.31,1
53,4549537.26,425,18630823.4,4399568.42,14231254.99,30,0.33,1
36,1677838.16,751,14805567.9,2682439.77,12123128.13,25,0.8,0
27,1027505.38,590,2865322.24,521693.49,2343628.75,20,0.75,0
43,696877.75,347,5988838.25,1390634.64,4598203.61,30,0.78,0
45,2695514.1,491,6610705.76,1756281.19,4854424.57,25,0.36,1
31,1637348.39,803,10113466.79,2365008.98,7748457.81,30,0.75,0
56,1728024.48,737,17373432.6,3813387.2,13560045.4,30,1.05,0
38,4669299.2,412,8313461.91,1836279.53,6477182.38,15,0.18,1
49,1587838.75,646,5105379.77,971020.24,4134359.52,10,0.47,1
59,4826292.54,323,11883978.44,1420517.38,10463461.06,15,0.26,0
42,2431379.52,647,18290253.65,4255690.18,14034563.48,20,0.54,1
53,2745854.52,744,2486973.63,422212.66,2064760.97,20,0.2,1
35,510081.56,326,6776360.66,767764.93,6008595.73,10,1.41,0
29,4129180.98,563,18987574.02,3713258.33,15274315.69,20,0.36,1
34,4191465.1,412,5036468.34,1326088.22,3710380.12,20,0.2,1
40,1778127.02,302,4615958.8,535144.93,4080813.87,15,0.4,1
44,818384.94,352,19693699.05,4400769.62,15292929.43,10,1.86,0
41,4157683.43,718,5135204.73,1176957.2,3958247.53,15,0.17,1
43,2617202.67,759,2795158.48,644510.71,2150647.77,15,0.17,1
31,4671776.12,469,8824200.49,1647610.11,7176590.38,30,0.26,0
54,4357399.63,462,2147072.15,610729.55,1536342.6,20,0.16,1
28,4581799.24,642,6777906.08,745726.24,6032179.84,20,0.17,1
49,1176528.87,680,18083201.24,2650137.94,15433063.31,15,1.18,0
56,505464.48,543,8602301.34,1454590.16,7147711.18,25,1.8,0
53,2987062.39,604,3472990.39,781240.28,2691750.12,25,0.22,1
36,2122268.82,620,17056252.72,2846714.17,14209538.56,15,0.72,0
39,4489995.35,787,10894051.27,3089416.4,7804634.87,25,0.17,1
46,1495106.7,398,16178297.05,3123889.73,13054407.33,30,1.11,0
55,4068771.24,530,13002505.0,3386017.96,9616487.04,10,0.3,1
36,754432.17,708,14717467.94,3288711.6,11428756.33,30,1.9,0
45,2182943.19,716,2817480.83,528708.81,2288772.02,15,0.22,1
43,4677101.93,452,14766132.7,3904149.71,10861982.99,25,0.27,1
32,4294107.12,632,15527113.81,3074029.56,12453084.25,25,0.38,1
29,2360562.06,506,8687237.43,2294644.08,6392593.35,30,0.5,0
36,1469230.2,633,5522392.93,1480630.24,4041762.69,10,0.49,1
35,831270.39,827,9460091.17,2291667.19,7168423.98,15,0.94,0
57,1005911.05,503,3373616.89,753090.12,2620526.77,30,0.28,0
26,2980791.05,457,4940671.73,894304.88,4046366.85,15,0.28,1
30,3310760.53,328,16007548.24,3256005.94,12751542.29,25,0.45,0
46,1517246.01,619,2333905.76,496141.81,1837763.95,25,0.39,1
59,1007000.65,652,18261801.5,5163842.74,13097958.76,30,1.43,0
29,752175.37,840,17307378.16,4588225.8,12719152.37,25,1.59,0
51,4084112.67,529,13247721.72,2766512.86,10481208.86,10,0.36,1
50,4019845.44,304,6564229.26,1396239.79,5167989.46,20,0.18,1
37,4729097.64,511,2445609.66,628887.05,1816722.62,30,0.08,1
30,2021828.18,429,11376767.06,3392537.1,7984229.96,20,0.57,0
51,3065753.97,598,3281062.35,383417.03,2897645.32,30,0.22,1
40,3069232.82,678,5994508.69,976716.56,5017792.13,25,0.15,1
55,3037102.84,426,19550857.38,3556820.73,15994036.65,15,0.62,0
57,3777722.55,773,9076906.13,1466402.18,7610503.95,15,0.24,1
33,4044500.59,465,13108689.47,3583706.89,9524982.58,10,0.34,1
35,1202414.62,392,9074009.05,1676487.41,7397521.63,10,0.69,0
41,1030465.55,823,3115015.27,426386.43,2688628.84,15,0.24,1
57,853428.62,475,12387620.11,2409693.74,9977926.36,30,1.11,0
52,4513820.83,545,9801761.85,2024931.42,7776830.43,25,0.19,1
43,3016735.98,499,11248222.76,1719749.36,9528473.41,30,0.3,1
33,857950.17,528,8620726.8,1878686.4,6742040.41,10,0.78,0
50,2277074.69,520,5472925.25,1384823.87,4088101.38,15,0.39,1
59,3856638.33,837,6694781.83,2005352.81,4689429.02,10,0.12,1
56,1253926.81,762,9956953.92,1761056.86,8195897.06,25,0.63,0
26,4418272.54,806,18784645.88,5154447.87,13630198.01,25,0.41,1
35,2201910.33,354,18268983.37,4063021.82,14205961.55,30,0.61,0
25,4160155.93,561,7630721.34,783716.97,6847004.36,30,0.19,1
25,4185259.85,356,9566272.27,1891636.3,7674635.97,10,0.27,0
42,2405024.08,565,6018976.15,1629324.36,4389651.78,30,0.17,1
30,1623444.8,621,17435601.14,2048086.41,15387514.73,30,1.2,0
56,1535617.26,742,4884791.47,764862.96,4119928.51,25,0.47,1
42,4654417.22,365,13414238.23,3655876.19,9758362.04,30,0.22,1
30,4892802.67,349,4295800.99,563376.11,3732424.88,15,0.11,1
40,4630458.05,355,2083197.64,559808.54,1523389.11,15,0.15,1
32,1303485.19,742,2547195.96,708316.37,1838879.58,10,0.14,1
33,3921678.35,839,17023950.69,3603829.6,13420121.09,15,0.43,1
25,4863683.47,685,3596662.84,993070.72,2603592.12,20,0.13,1
36,1357410.5,614,11380271.86,2758749.79,8621522.08,30,0.94,0
35,4245103.2,368,14694766.49,3913323.11,10781443.38,15,0.32,1
34,967840.51,379,16782545.4,1716826.19,15065719.22,25,1.48,0
52,4419329.82,829,18095788.24,4936437.14,13159351.1,30,0.39,1
36,4835519.17,364,7244593.85,1985940.12,5258653.73,20,0.21,1
52,3406223.97,726,7570721.24,1954371.33,5616349.91,10,0.24,1
34,855167.39,725,9235947.2,1911391.08,7324556.12,25,1.28,0
33,2135903.62,726,2248789.43,580746.82,1668042.61,10,0.1,1
30,897976.72,555,9122254.83,2467172.75,6655082.08,30,0.76,0
46,1692708.76,432,2406155.78,350450.6,2055705.17,15,0.36,0
41,2665584.31,364,15510363.48,3524378.81,11985984.67,20,0.49,0
32,3268128.53,630,13302225.2,2852106.81,10450118.39,15,0.31,1
57,4266839.27,311,19363978.57,3174703.05,16189275.52,30,0.44,1
47,3665664.75,341,11513243.37,1471016.16,10042227.21,15,0.29,1
57,3373459.1,795,7999583.19,1254915.27,6744667.91,25,0.22,1
55,749991.69,415,4464722.88,1058177.76,3406545.12,10,1.16,0
31,799244.36,468,8701850.9,1105169.15,7596681.75,25,1.2,0
27,658407.94,450,18283905.39,3360454.18,14923451.21,10,2.79,0
42,2132102.46,821,17690594.32,4955739.77,12734854.55,20,0.67,1
25,4615342.94,728,8088614.02,1532966.76,6555647.26,15,0.17,1
44,3074206.22,674,2207613.75,578078.17,1629535.58,10,0.09,1
41,2979063.96,724,18883450.94,4831427.16,14052023.79,25,0.47,1
36,2768729.51,556,12996674.49,3399197.69,9597476.8,25,0.34,1
40,4353932.17,537,12795568.45,2414984.3,10380584.14,20,0.31,0
54,4238589.97,808,15428059.11,4544875.2,10883183.91,10,0.29,1
58,548569.56,508,14627919.93,4319131.82,10308788.11,15,1.8,0
48,4716653.13,480,4439600.24,988201.35,3451398.88,15,0.07,1
36,1640213.33,828,12885168.24,1614582.55,11270585.69,20,0.7,0
25,726090.26,564,4588857.93,878806.8,3710051.13,10,0.94,0
40,3211633.79,543,3567845.41,804523.95,2763321.47,15,0.09,1
26,2095577.99,557,15056175.77,3707685.12,11348490.64,25,0.52,0
29,2823813.91,436,14375632.08,3814169.33,10561462.75,10,0.55,0
37,4915287.65,572,10559867.22,2489138.97,8070728.25,20,0.25,1
44,1950091.16,758,12172956.8,3187204.6,8985752.2,15,0.63,1
44,4360512.58,600,4842434.17,1222919.78,3619514.4,10,0.21,1
35,2827836.48,774,11526161.74,1303914.87,10222246.87,25,0.45,1
28,4575004.49,481,4361555.42,724823.95,3636731.47,15,0.15,1
31,2778857.49,481,18232875.54,3665329.78,14567545.76,20,0.49,0
28,2288592.32,430,5588371.19,1514017.56,4074353.64,30,0.41,1
39,3485354.64,682,10376377.18,1996367.14,8380010.04,20,0.26,1
41,2183414.29,407,12641381.79,1730174.84,10911206.95,20,0.49,0
44,3174780.13,666,10614894.16,2316597.74,8298296.42,20,0.33,1
35,4211826.98,736,6945175.96,861667.48,6083508.47,30,0.26,1
45,1468698.69,437,3306600.97,768809.11,2537791.86,30,0.23,1
52,3350828.71,672,11308699.18,1700746.17,9607953.01,25,0.34,1
51,656221.81,606,4065764.79,736225.94,3329538.85,15,1.25,0
41,1900282.31,653,11369199.27,3335284.41,8033914.86,25,0.64,0
57,1040160.69,492,19454217.61,4606236.82,14847980.8,15,1.62,0
43,2147829.54,379,4107524.67,880023.97,3227500.7,15,0.33,1
59,546872.04,454,12290201.42,2471200.68,9819000.74,30,2.16,0
27,3025573.5,503,14795554.14,2692819.78,12102734.35,10,0.54,0
51,2919866.17,465,19583072.21,5451785.32,14131286.89,30,0.57,0
56,1359050.52,574,9840051.07,1103107.61,8736943.47,25,0.73,0
51,4521333.43,713,18048357.56,2248064.71,15800292.85,15,0.4,1
51,3975176.8,710,17649085.86,2630810.45,15018275.41,10,0.39,1
42,2777481.66,451,9362237.44,1000147.2,8362090.24,15,0.31,1
50,2731436.58,693,16640254.16,2243757.81,14396496.34,30,0.62,0
43,2624015.5,501,6980309.85,1562485.33,5417824.53,15,0.29,1
38,4294157.77,735,18626564.69,2805946.76,15820617.93,15,0.39,1
42,3996811.04,387,10715631.22,1412784.22,9302847.0,15,0.27,0
34,2687253.25,438,15649562.83,1923296.6,13726266.23,25,0.59,0
27,4695892.14,654,14834484.57,3493861.54,11340623.03,20,0.22,1
34,4791149.98,471,3252981.71,724029.43,2528952.28,15,0.16,1
26,1064855.5,691,19786166.29,2997105.53,16789060.76,25,1.65,0
38,1445475.08,310,5782107.97,1706115.16,4075992.81,30,0.43,1
29,839844.57,666,2612986.07,585084.65,2027901.41,15,0.61,0
51,1017745.79,816,16217132.88,1944622.57,14272510.31,15,1.29,0
56,4677826.96,625,8185612.96,1347324.53,6838288.43,10,0.22,1
45,960929.68,685,14072959.45,2657965.86,11414993.58,20,1.53,0
50,3574202.58,609,12986155.13,1764079.79,11222075.34,20,0.44,1
51,3668541.98,640,10983237.63,3071659.31,7911578.32,20,0.29,1
44,4184623.82,675,15558120.39,1645460.8,13912659.58,25,0.32,1
28,4812804.38,753,19389178.34,5080466.31,14308712.03,30,0.29,1
58,2097462.6,422,17391723.0,2469741.44,14921981.56,20,0.92,0
58,4928140.31,392,9991521.88,1564194.68,8427327.19,15,0.2,0
29,4235218.94,401,2644375.27,267410.64,2376964.63,25,0.17,0
37,2691367.65,692,10795504.36,2006426.51,8789077.85,20,0.46,1
33,1737171.11,337,10218263.54,2947646.32,7270617.22,15,0.63,0
49,4244604.96,655,9287382.82,1130546.96,8156835.86,10,0.22,1
51,3752672.15,405,6354408.33,1577664.04,4776744.29,20,0.14,1
36,4431026.28,675,4871685.89,1453391.37,3418294.51,25,0.19,1
40,1093467.16,384,16075871.36,2048458.59,14027412.77,15,1.43,0
29,4858584.47,734,8304169.28,2204095.96,6100073.32,10,0.17,1
28,2768297.52,373,4890218.85,663161.86,4227056.99,15,0.25,0
44,4359807.77,614,7841070.34,2089190.33,5751880.01,10,0.19,1
59,1690526.89,668,16102101.47,2763118.68,13338982.78,20,0.72,0
53,4174397.33,836,6363939.4,793335.07,5570604.34,10,0.16,1
32,3509240.71,486,5393912.26,880640.36,4513271.9,15,0.28,1
46,3166147.22,686,7832262.77,1906619.48,5925643.29,10,0.31,1
47,3559689.41,720,7700477.63,2305290.82,5395186.81,20,0.15,1
57,4113773.51,328,3697689.27,971030.43,2726658.84,20,0.18,1
42,2515223.61,572,6055203.29,1137067.65,4918135.65,15,0.38,1
32,3926307.33,519,10324667.34,1093381.69,9231285.65,15,0.26,1
26,2578266.22,304,19386473.8,2032124.88,17354348.92,20,0.66,0
51,577359.83,428,16547093.91,2914737.93,13632355.98,10,3.15,0
59,3806712.92,734,5194124.36,1237253.08,3956871.29,25,0.25,1
41,4312547.25,391,7534054.2,804634.3,6729419.9,30,0.24,0
55,1168291.03,783,14122130.32,1470077.63,12652052.69,15,1.27,0
54,4786578.06,414,2820198.33,608826.76,2211371.57,15,0.12,1
27,1889467.84,307,2213135.12,341645.03,1871490.09,20,0.17,0
27,4452930.7,817,14513506.33,3010187.21,11503319.13,20,0.27,1
50,1607422.18,775,15021738.73,2100796.09,12920942.64,25,0.85,0
53,608845.3,653,12470600.33,3682517.08,8788083.24,10,1.44,0
41,2037538.53,731,8636152.59,1914300.99,6721851.6,25,0.46,1
28,1914304.13,789,19037279.38,2182120.38,16855158.99,30,1.03,0
32,4704106.86,578,7327044.86,1520476.08,5806568.77,15,0.15,1
32,3526154.3,768,4183482.01,464692.97,3718789.04,20,0.26,1
46,3575161.71,796,11180708.61,3171980.51,8008728.1,15,0.3,1
26,670217.09,771,12191054.62,3456010.6,8735044.03,20,1.23,1
55,2248078.98,433,5495594.7,1441106.28,4054488.42,25,0.35,1
33,2874950.63,685,6004901.77,1098579.69,4906322.08,30,0.24,1
37,1103630.57,724,9004211.85,1081193.9,7923017.95,10,0.8,0
26,2281968.75,688,9814491.69,2767580.53,7046911.15,10,0.48,1
28,4491479.17,800,14330975.14,2664168.52,11666806.62,25,0.34,1
58,3532272.92,623,2998971.0,736537.06,2262433.94,25,0.13,1
46,1700026.9,587,8817135.98,1485869.17,7331266.8,10,0.46,0
44,4334837.8,331,10326008.26,2712226.25,7613782.0,10,0.23,1
32,3521602.04,421,4610992.01,1357070.1,3253921.92,30,0.11,1
57,782615.32,818,11001038.84,2603545.18,8397493.66,10,1.25,0
56,4055828.54,584,2755881.9,522618.76,2233263.14,15,0.15,1
42,2355493.96,833,6588172.32,1816108.14,4772064.18,10,0.35,1
54,4205972.81,609,10604385.62,2869472.16,7734913.46,15,0.27,1
56,1372863.88,653,15361278.62,2739190.42,12622088.2,30,1.05,0
59,3319626.82,507,4179587.28,771703.52,3407883.76,10,0.26,1
36,3840848.7,482,19645886.3,3489444.05,16156442.24,25,0.42,0
56,1268809.38,388,15156433.84,2892476.97,12263956.88,20,0.94,0
56,1145050.09,741,3355734.43,987032.67,2368701.76,15,0.2,1
46,3766666.42,680,13978988.88,2457014.08,11521974.8,30,0.32,1
58,2798162.1,834,7772677.91,992757.17,6779920.74,25,0.31,1
54,1802621.76,416,9360460.19,1129390.77,8231069.42,15,0.6,0
28,3956078.65,362,15778579.07,1613828.22,14164750.85,30,0.43,0
51,2353925.87,548,2351207.2,471698.73,1879508.48,25,0.21,1
59,4992896.82,528,19747864.71,4748113.66,14999751.06,10,0.33,1
49,3366645.16,342,4845037.49,897449.37,3947588.12,15,0.21,0
31,1734158.12,423,3034276.16,579163.43,2455112.73,20,0.2,1
32,2626246.24,773,18277243.78,3396530.48,14880713.3,10,0.52,1
57,2038985.8,730,9196581.49,1542365.47,7654216.02,15,0.59,1
35,731369.48,382,7768947.87,903733.62,6865214.25,25,1.38,0
25,4025524.1,473,14880480.66,4216165.47,10664315.19,10,0.24,1
58,4286971.39,667,6726005.86,1743781.36,4982224.5,10,0.13,1
41,756672.8,543,18067494.42,4417180.74,13650313.68,20,2.38,0
49,1254754.69,496,10835207.9,3124228.17,7710979.73,10,1.01,0
50,3123528.84,645,13423005.43,2519075.0,10903930.43,20,0.32,1
30,2421096.08,426,17932680.13,3731219.79,14201460.34,20,0.66,0
47,775389.24,463,3838772.75,848740.15,2990032.6,10,0.65,0
31,737408.86,403,7114553.34,1747271.32,5367282.02,20,1.37,0
34,2036025.91,817,8484109.94,1960261.28,6523848.65,20,0.32,1
41,2547973.06,453,17652605.88,5167485.56,12485120.32,20,0.59,0
54,981580.01,661,5719700.74,664636.26,5055064.48,30,0.78,0
48,3938526.92,403,9646293.62,2179660.98,7466632.64,25,0.32,1
57,725741.26,481,13552838.54,3879663.86,9673174.67,15,1.42,0
52,1844100.33,547,17014387.4,4933270.72,12081116.68,15,0.74,0
49,4661405.82,367,5728945.68,993790.32,4735155.37,10,0.18,1
56,4596952.83,567,8132298.69,1762599.61,6369699.08,25,0.14,1
52,4785900.19,816,13923275.4,2330377.59,11592897.81,10,0.28,1
38,4555238.67,423,15204549.5,1802717.74,13401831.76,10,0.28,0
34,1603038.68,415,13927830.69,3658389.48,10269441.2,20,0.76,0
58,2854145.55,669,6736088.12,783466.34,5952621.78,25,0.3,1
37,4859692.32,420,19414632.85,2243639.03,17170993.82,15,0.39,1
57,3820998.97,424,3988346.43,805647.5,3182698.93,25,0.16,1
51,2862814.35,623,4875144.66,1006915.92,3868228.74,10,0.26,1
55,2688940.03,685,10627418.63,2541806.83,8085611.81,20,0.36,1
47,2398151.79,687,17885493.85,3621129.61,14264364.24,25,0.62,0
59,2054229.9,670,11492122.55,2906072.03,8586050.52,30,0.55,1
49,2272098.87,599,18684396.09,2579154.49,16105241.6,20,0.75,0
42,2387436.22,526,9548344.21,1534293.52,8014050.7,30,0.52,0
45,3129767.74,374,7597610.42,985262.27,6612348.15,15,0.33,0
47,3523855.06,326,10716959.66,2536507.7,8180451.96,10,0.31,1
41,1481600.98,588,18288651.82,2031419.5,16257232.31,20,1.18,0
29,4316881.29,757,13517593.63,2145018.23,11372575.41,15,0.37,1
50,813030.12,724,18903371.31,4993306.36,13910064.94,25,1.9,0
40,2106562.36,385,5979682.94,1745527.34,4234155.61,25,0.32,1
36,3694048.5,729,17070467.96,4525719.83,12544748.13,25,0.46,1
52,2860729.18,679,7203696.75,1235187.31,5968509.45,25,0.35,1
50,2314167.67,537,10500510.54,2031681.83,8468828.71,15,0.34,0
50,2990612.42,441,17133658.88,3031917.13,14101741.75,25,0.51,0
38,4345065.03,516,14943983.53,1774678.06,13169305.47,30,0.4,0
56,1406377.83,541,14310858.68,2839621.72,11471236.97,15,1.01,0
36,3973420.05,433,11522134.47,3279333.31,8242801.16,20,0.19,1
25,1407400.45,689,18511070.79,2879776.32,15631294.48,20,1.26,0
49,1805380.27,496,16923879.8,2265541.56,14658338.23,10,1.06,0
32,3008988.46,791,2858011.27,311512.77,2546498.51,15,0.19,1
40,3290960.53,461,6221267.15,1431427.91,4789839.24,10,0.25,0
42,678640.62,473,18227791.18,4410140.33,13817650.85,25,2.46,0
59,3941394.02,691,4788623.01,949779.88,3838843.13,30,0.09,1
31,4165975.17,821,7051501.42,944223.2,6107278.21,20,0.22,1
54,1199881.19,594,2570814.35,492588.16,2078226.18,20,0.39,0
26,3815557.49,492,4713453.56,502813.46,4210640.1,30,0.2,1
28,2332152.88,754,9286096.96,1023769.16,8262327.8,25,0.49,1
40,2256551.34,548,13838390.22,2950733.91,10887656.31,15,0.5,0
40,1372492.94,469,12808031.84,2730652.21,10077379.63,25,0.78,0
57,3959014.85,789,17605859.04,2605141.54,15000717.5,20,0.34,1
32,4383312.52,632,17505066.72,4183692.43,13321374.29,30,0.29,1
32,2008941.39,705,2031762.54,306015.06,1725747.48,20,0.31,1
47,1224820.96,302,11671871.0,2296746.63,9375124.38,10,1.14,0
39,4902414.18,378,17317366.32,3450242.67,13867123.65,20,0.36,0
56,2715581.77,340,17351133.47,2249856.72,15101276.75,30,0.66,0
49,2328942.5,403,10270835.31,1998289.91,8272545.4,10,0.55,0
27,3074675.21,713,19929247.19,5055817.35,14873429.84,30,0.59,1
35,4407960.08,639,10820450.81,2660608.59,8159842.22,10,0.27,1
50,1587904.16,566,2050846.86,400403.24,1650443.61,20,0.18,1
37,4064532.41,598,19930857.32,3405504.3,16525353.03,25,0.47,0
34,2625621.3,369,13631899.19,1868934.1,11762965.09,20,0.49,0
57,3225204.13,686,4831031.26,1321907.88,3509123.38,10,0.22,1
59,4976287.81,610,7512900.64,994879.78,6518020.86,15,0.13,1
44,3581771.08,509,6780910.19,1415621.37,5365288.82,10,0.22,1
47,2649096.17,424,8425486.39,2427456.96,5998029.43,30,0.27,1
42,881835.56,667,19829850.3,2901165.88,16928684.43,25,2.03,0
54,1452481.25,465,19571777.53,2708996.69,16862780.84,10,1.37,0
49,4902494.95,457,15752246.47,2525115.57,13227130.89,20,0.27,0
34,4471838.67,702,14972435.36,3500481.4,11471953.97,25,0.26,1
32,539134.98,378,5781317.04,715778.04,5065539.0,20,0.99,0
40,4021786.16,611,12534904.11,2665295.49,9869608.62,20,0.26,1
38,3787905.57,384,4919936.84,974416.5,3945520.34,20,0.23,0
53,2357015.17,572,5708633.99,1433905.31,4274728.68,30,0.37,1
44,2558637.86,737,17730174.1,5080759.5,12649414.6,30,0.5,1
47,3068854.77,487,10374202.48,1448709.12,8925493.35,20,0.34,0
31,3160708.12,749,19277866.78,4213552.05,15064314.73,10,0.56,1
46,2066998.03,529,17962437.04,2824798.93,15137638.1,25,0.78,0
59,4429160.95,442,19853397.07,4252665.89,15600731.18,10,0.44,1
34,792381.91,566,8648095.92,1835088.73,6813007.19,20,1.06,0
26,2298759.3,809,4211203.11,722456.37,3488746.74,30,0.21,1
54,1989557.52,519,10033077.3,1494052.3,8539025.0,20,0.4,1
29,3996902.02,562,3391304.39,738066.58,2653237.81,10,0.14,1
39,977894.38,541,18590349.88,2467153.57,16123196.31,15,1.61,0
34,1274389.07,777,15044026.15,2664007.38,12380018.77,30,1.23,0
27,2497884.89,632,19010089.71,3341369.28,15668720.44,20,0.58,1
28,1785778.02,786,17506866.31,4615263.79,12891602.52,30,0.72,1
48,3823272.01,683,18890061.59,4523071.59,14366990.0,25,0.44,1
47,2025762.08,743,16175514.31,4124120.65,12051393.66,30,0.73,0
45,937142.09,474,9795063.73,1688526.85,8106536.88,30,1.03,0
34,1623545.55,495,18553412.02,2169598.18,16383813.84,15,1.19,0
58,2551437.73,429,9632883.38,1138667.69,8494215.69,10,0.42,0
40,1751707.78,761,18609285.34,5337918.68,13271366.66,25,0.81,1
40,4753728.15,749,5832113.22,742961.83,5089151.39,30,0.17,1
34,4062526.05,573,10442623.46,2993671.06,7448952.4,20,0.22,1
50,3961946.41,731,13396392.36,3988308.64,9408083.72,15,0.32,1
58,1170492.88,714,18224262.08,2747268.58,15476993.5,20,1.61,0
34,4910162.74,375,11911513.74,1922379.7,9989134.05,20,0.22,1
36,1836489.46,734,12460794.74,2119847.41,10340947.32,30,0.78,0
41,4571586.47,635,15144616.35,2483188.86,12661427.49,25,0.27,1
28,2140845.97,679,3669463.01,575735.55,3093727.46,25,0.38,1
39,1197092.83,799,17429755.63,2854227.56,14575528.07,10,1.37,0
45,3981776.48,759,11492705.65,2911129.37,8581576.28,30,0.26,1
36,2181455.04,707,4584328.15,691093.69,3893234.46,15,0.34,1
56,1085072.5,634,12710600.77,2753889.23,9956711.53,20,1.09,0
48,2941781.92,570,15844611.66,3947054.8,11897556.86,20,0.53,0
57,1059531.7,662,17356160.25,2420747.04,14935413.2,20,1.32,0
57,861429.53,388,11281236.62,2401521.27,8879715.34,30,1.01,0
