age,annual_income,credit_score,emp_status,loan_amount,loan_purpose,existing_monthly_emi,dti_ratio,approved
48,324113.73,552,Salaried,443062.18,Debt Consolidation,8755.45,0.78,0
51,546983.73,720,Salaried,594421.06,Education,19182.3,0.78,0
48,772129.57,586,Self-Employed,116724.88,Home Renovation,13568.82,0.26,0
47,588377.88,755,Salaried,830217.11,Debt Consolidation,4372.18,0.56,1
32,579182.54,663,Self-Employed,376989.99,Wedding,11333.55,0.45,0
52,369358.12,561,Salaried,135180.88,Debt Consolidation,13874.57,0.57,0
50,455870.94,587,Salaried,564140.55,Debt Consolidation,18520.78,0.9,0
22,523495.4,703,Salaried,768015.25,Education,16517.83,0.87,0
59,395602.89,815,Salaried,949604.15,Debt Consolidation,4166.47,0.93,1
59,583343.37,471,Self-Employed,982510.67,Medical,7817.06,0.72,0
39,489486.63,757,Salaried,377606.72,Home Renovation,14633.12,0.62,0
38,575078.27,714,Salaried,500561.49,Debt Consolidation,6235.23,0.42,1
52,681743.23,407,Salaried,921821.8,Medical,3262.35,0.51,0
40,540602.16,367,Self-Employed,311217.34,Education,12358.78,0.47,0
52,519701.78,371,Salaried,541451.42,Home Renovation,11806.65,0.62,0
43,422991.77,473,Self-Employed,647680.36,Medical,1346.71,0.55,0
35,627037.5,583,Salaried,405302.25,Home Renovation,3027.57,0.27,0
59,676413.78,836,Salaried,611381.87,Wedding,413.21,0.31,1
23,607135.38,554,Salaried,975948.28,Home Renovation,10414.19,0.74,0
23,773528.52,343,Salaried,299080.72,Wedding,12239.47,0.32,0
43,826751.04,480,Salaried,396576.04,Home Renovation,7149.29,0.26,0
55,250000.0,843,Salaried,337066.89,Medical,54.59,0.45,0
37,342040.63,793,Self-Employed,741545.45,Medical,8211.83,1.01,0
23,704171.24,783,Self-Employed,649840.17,Home Renovation,1621.55,0.34,1
21,870825.95,796,Salaried,608114.06,Education,12560.83,0.41,1
29,724609.52,433,Salaried,756058.92,Debt Consolidation,18772.41,0.66,0
46,679451.01,380,Salaried,420096.48,Debt Consolidation,14410.01,0.46,0
31,502768.17,367,Salaried,147183.6,Medical,11653.7,0.38,0
53,250000.0,476,Salaried,260785.19,Medical,7520.56,0.71,0
53,871339.62,363,Salaried,203086.69,Debt Consolidation,3908.57,0.13,0
30,631523.18,716,Self-Employed,522456.55,Debt Consolidation,19172.52,0.64,0
30,873870.12,762,Self-Employed,576608.72,Medical,698.88,0.23,1
34,715356.93,501,Salaried,626495.17,Medical,14793.82,0.54,0
57,250000.0,307,Salaried,822176.24,Education,2495.55,1.22,0
42,512274.41,708,Salaried,430570.88,Home Renovation,16214.25,0.66,1
34,1043172.23,666,Salaried,281523.57,Medical,8696.09,0.19,1
49,354235.21,382,Salaried,635471.08,Education,18360.67,1.22,0
52,656098.29,781,Salaried,388748.3,Wedding,13210.37,0.44,1
47,283596.16,532,Self-Employed,187760.75,Medical,17287.87,0.95,0
50,486647.46,532,Salaried,497242.61,Debt Consolidation,3675.14,0.43,0
40,306186.39,549,Salaried,927819.39,Debt Consolidation,16190.46,1.64,0
21,604761.56,312,Salaried,545153.14,Debt Consolidation,5880.76,0.42,0
26,829642.95,578,Salaried,823838.56,Education,17343.06,0.58,0
54,330373.92,837,Salaried,882672.07,Wedding,18473.75,1.56,0
41,1078037.48,563,Salaried,95125.93,Debt Consolidation,5286.13,0.09,0
43,823932.2,668,Salaried,269519.79,Home Renovation,15947.68,0.34,1
24,486938.15,602,Salaried,914370.62,Debt Consolidation,7698.4,0.82,0
29,888687.89,596,Salaried,98050.36,Medical,10080.02,0.17,0
36,779019.95,627,Self-Employed,870492.64,Home Renovation,11315.46,0.55,0
28,250000.0,421,Self-Employed,859823.1,Home Renovation,11415.06,1.69,0
58,551987.95,332,Salaried,940902.31,Wedding,932.68,0.59,0
38,919925.69,400,Salaried,211945.75,Wedding,15702.96,0.28,0
55,348703.24,648,Salaried,820597.88,Education,16089.08,1.34,0
25,637479.38,540,Salaried,531267.47,Education,236.46,0.28,0
39,1030336.67,720,Salaried,907202.29,Education,10368.12,0.41,1
55,849188.72,440,Self-Employed,448265.07,Home Renovation,19425.91,0.45,0
49,250000.0,514,Salaried,252607.6,Education,7075.0,0.68,0
50,364271.39,584,Salaried,59114.1,Education,3627.21,0.17,0
52,250000.0,729,Salaried,202109.86,Home Renovation,1797.23,0.36,1
24,952827.51,313,Self-Employed,902680.54,Debt Consolidation,5125.78,0.38,0
59,250000.0,346,Salaried,416829.63,Education,3576.04,0.73,0
56,600012.31,728,Salaried,318293.64,Wedding,14742.91,0.47,0
23,610546.25,847,Salaried,659727.34,Home Renovation,17507.68,0.7,1
51,888701.44,609,Self-Employed,252061.61,Wedding,14464.93,0.29,1
36,563471.87,677,Self-Employed,261401.03,Education,6035.17,0.28,0
43,690112.71,652,Salaried,822933.22,Debt Consolidation,2622.2,0.44,0
32,791762.61,544,Salaried,585462.98,Education,10002.64,0.4,0
50,796920.73,599,Salaried,846515.74,Wedding,3060.5,0.4,0
43,394324.01,808,Salaried,194356.12,Home Renovation,9622.82,0.46,1
28,687858.82,345,Salaried,241171.65,Home Renovation,12596.54,0.34,0
37,282725.27,512,Salaried,809996.21,Wedding,6716.24,1.24,0
49,1184791.47,592,Salaried,782003.94,Medical,12584.47,0.35,0
56,612801.0,446,Self-Employed,887756.8,Education,9937.34,0.68,0
58,496150.81,709,Salaried,496833.32,Debt Consolidation,18016.4,0.77,0
34,660534.08,686,Salaried,824974.7,Medical,6106.5,0.53,0
46,462295.75,811,Salaried,358441.25,Debt Consolidation,13621.96,0.61,1
24,412253.03,728,Salaried,671598.18,Medical,4035.93,0.66,0
29,580460.71,756,Salaried,375919.14,Medical,17763.27,0.58,1
23,659664.56,700,Salaried,418991.42,Education,13295.43,0.45,0
54,682839.14,769,Salaried,845820.69,Debt Consolidation,5305.45,0.51,1
26,539249.35,640,Salaried,359672.43,Education,3257.41,0.29,1
32,667559.79,815,Salaried,777832.4,Debt Consolidation,2571.25,0.43,1
34,250000.0,363,Salaried,911458.68,Medical,7294.04,1.57,0
32,678435.16,619,Self-Employed,816357.01,Education,17502.22,0.71,0
34,815742.64,424,Salaried,339916.71,Education,16855.33,0.39,0
52,747039.68,422,Salaried,652492.9,Medical,11753.41,0.48,0
47,382091.98,771,Self-Employed,706429.64,Wedding,10074.69,0.93,0
40,766277.09,475,Self-Employed,477203.64,Wedding,5417.33,0.29,0
55,526290.44,633,Salaried,729145.45,Home Renovation,547.27,0.47,0
52,837258.64,539,Salaried,935651.79,Wedding,19318.33,0.65,0
21,250000.0,527,Salaried,704815.25,Home Renovation,15496.75,1.68,0
52,350836.76,633,Salaried,698533.89,Education,3707.74,0.79,0
35,370089.4,444,Salaried,653598.4,Wedding,8738.25,0.87,0
33,981888.27,400,Salaried,110527.75,Medical,1073.59,0.05,0
55,922693.55,631,Salaried,945948.78,Education,14965.14,0.54,0
43,623817.57,679,Salaried,402590.06,Debt Consolidation,3680.96,0.29,1
51,1064381.23,787,Self-Employed,758943.56,Home Renovation,6163.71,0.31,1
52,571120.28,372,Salaried,962352.29,Wedding,19040.25,0.96,0
34,410340.01,410,Salaried,431049.44,Education,6501.69,0.54,0
59,520944.22,737,Salaried,405581.2,Medical,18660.03,0.69,0
45,496183.35,700,Salaried,488483.31,Debt Consolidation,14786.88,0.69,0
58,250000.0,840,Salaried,443449.99,Medical,11468.58,1.14,1
21,697122.58,786,Salaried,524688.43,Medical,3878.75,0.32,1
26,466235.88,587,Salaried,845812.21,Education,4521.41,0.72,0
57,440028.85,739,Salaried,653853.12,Wedding,9555.0,0.76,0
33,945122.96,357,Salaried,146342.44,Education,18934.75,0.29,0
48,406372.41,835,Self-Employed,903909.08,Wedding,17853.05,1.27,0
27,435171.76,818,Salaried,504235.26,Home Renovation,7232.27,0.59,0
57,548038.06,701,Salaried,200773.71,Wedding,10303.6,0.35,1
21,476922.71,346,Salaried,294428.16,Medical,8580.41,0.42,0
41,947098.81,792,Self-Employed,639385.47,Education,10269.49,0.36,1
26,872913.26,668,Salaried,814485.45,Debt Consolidation,144.93,0.31,1
43,435836.24,392,Salaried,295190.39,Medical,11693.23,0.55,0
42,654301.85,587,Self-Employed,491416.85,Education,13923.34,0.51,0
42,391122.36,343,Self-Employed,92571.51,Medical,14140.65,0.51,0
34,901441.94,796,Salaried,388419.0,Wedding,4411.21,0.2,1
41,418228.76,660,Self-Employed,804202.86,Medical,9564.72,0.92,0
36,1092595.89,346,Self-Employed,684475.24,Medical,3170.45,0.24,0
38,958422.09,628,Salaried,543205.68,Home Renovation,18385.74,0.42,1
25,822526.83,704,Salaried,649043.35,Medical,10401.57,0.41,1
30,292001.74,350,Salaried,140776.81,Debt Consolidation,357.96,0.18,0
36,565894.91,823,Self-Employed,266665.34,Medical,1883.27,0.2,1
49,528499.9,636,Salaried,524857.88,Education,14947.51,0.67,0
58,659826.63,415,Salaried,836614.39,Wedding,1670.2,0.45,0
27,718467.09,834,Salaried,753830.49,Medical,15455.52,0.61,1
53,653294.98,611,Salaried,822645.26,Education,3609.26,0.49,0
52,506768.3,323,Salaried,925793.59,Wedding,4890.28,0.72,0
24,728227.03,356,Salaried,315700.06,Debt Consolidation,10137.77,0.31,0
47,310148.41,735,Salaried,992331.56,Education,14784.13,1.64,0
32,835449.14,361,Salaried,781424.78,Debt Consolidation,12475.9,0.49,0
29,930539.33,594,Salaried,129666.12,Home Renovation,12403.28,0.21,0
41,480400.16,379,Salaried,766473.16,Education,6332.53,0.69,0
21,784757.39,584,Salaried,735375.95,Medical,6036.08,0.4,0
46,813059.8,370,Self-Employed,81660.28,Education,13322.76,0.23,0
39,250000.0,709,Self-Employed,834514.58,Medical,15368.18,1.85,0
38,1054257.14,658,Salaried,582172.69,Education,18588.01,0.4,1
38,603774.73,451,Salaried,184172.36,Home Renovation,861.53,0.12,0
25,775831.09,541,Salaried,715384.79,Education,13818.85,0.52,0
59,646922.65,516,Salaried,273298.53,Education,18994.87,0.49,0
57,250000.0,577,Self-Employed,999550.05,Education,17914.64,2.19,0
33,1054782.54,389,Salaried,160428.89,Medical,16080.18,0.23,0
41,250000.0,710,Self-Employed,934503.82,Debt Consolidation,19105.32,2.16,0
22,488393.9,790,Salaried,63005.66,Home Renovation,6429.2,0.2,1
56,250000.0,590,Salaried,546843.23,Education,13790.54,1.39,0
51,905149.34,603,Salaried,152237.59,Wedding,19753.6,0.32,1
35,621888.48,788,Salaried,651883.02,Wedding,17857.42,0.69,1
55,328826.97,634,Salaried,545549.86,Education,15256.74,1.11,0
30,964647.12,735,Salaried,661204.3,Debt Consolidation,17958.16,0.45,0
42,540469.17,803,Salaried,659461.02,Wedding,10571.54,0.64,1
58,697294.57,410,Salaried,421243.21,Education,8446.25,0.35,0
35,895576.58,834,Self-Employed,404338.39,Debt Consolidation,16538.47,0.37,1
39,663986.77,704,Salaried,499908.25,Wedding,14979.81,0.52,0
43,658306.74,697,Salaried,942967.69,Medical,14203.39,0.74,0
40,542504.84,845,Salaried,781620.65,Medical,3630.14,0.56,0
29,553242.73,716,Salaried,595683.08,Education,18421.42,0.76,0
39,384302.09,425,Salaried,570161.24,Home Renovation,11005.7,0.84,0
33,903314.73,365,Salaried,443977.74,Debt Consolidation,10316.56,0.3,0
51,574969.05,306,Salaried,990645.38,Education,2483.73,0.63,0
21,780931.06,428,Self-Employed,897318.96,Education,11000.19,0.55,0
58,795580.9,373,Salaried,940034.91,Debt Consolidation,11530.92,0.57,0
23,646732.97,564,Salaried,759981.01,Medical,17980.6,0.73,0
52,726978.3,497,Salaried,148967.97,Education,16559.89,0.34,0
27,271970.9,405,Salaried,991876.48,Medical,1317.07,1.27,0
50,360296.63,349,Salaried,650955.75,Debt Consolidation,14558.3,1.09,0
40,764197.14,793,Salaried,526013.96,Wedding,5417.08,0.31,1
33,250000.0,492,Salaried,404767.64,Home Renovation,11150.46,1.07,0
56,708126.05,762,Salaried,255709.72,Home Renovation,18066.15,0.43,1
59,774856.47,451,Salaried,613674.1,Education,12137.65,0.45,0
40,700757.32,718,Salaried,267683.64,Home Renovation,10808.3,0.31,1
43,541639.72,356,Salaried,707767.63,Education,7364.07,0.6,0
28,1035542.11,542,Salaried,646732.69,Medical,2999.72,0.24,0
40,478299.88,764,Salaried,364483.18,Medical,930.39,0.28,1
27,550905.4,560,Salaried,369961.32,Home Renovation,2405.47,0.28,0
35,724320.95,669,Salaried,722208.2,Medical,8328.49,0.47,0
48,250000.0,708,Salaried,912112.52,Wedding,6798.2,1.54,0
28,273843.65,630,Salaried,228773.81,Wedding,11495.23,0.78,0
31,573820.9,624,Salaried,683525.96,Wedding,8168.67,0.57,0
47,902619.18,488,Salaried,706170.38,Wedding,8517.79,0.37,0
45,250000.0,845,Self-Employed,849434.16,Debt Consolidation,18987.08,2.04,0
31,329772.14,610,Self-Employed,394523.61,Education,14656.4,0.93,0
45,881291.43,335,Salaried,896910.17,Debt Consolidation,4889.8,0.41,0
27,440237.74,724,Salaried,784066.55,Medical,5958.75,0.76,0
32,407308.8,838,Salaried,570634.74,Debt Consolidation,19778.24,1.05,0
21,750682.58,621,Self-Employed,159326.43,Wedding,4987.07,0.15,0
51,471290.31,360,Salaried,279955.17,Medical,2097.46,0.25,0
44,658746.82,601,Salaried,748609.91,Education,2094.79,0.42,1
44,614739.51,573,Salaried,666961.12,Debt Consolidation,16774.65,0.69,0
38,793534.03,755,Self-Employed,350791.58,Home Renovation,10202.46,0.3,1
35,831452.8,361,Salaried,319298.13,Home Renovation,10159.57,0.27,0
47,250000.0,815,Salaried,887894.56,Medical,5056.14,1.43,0
28,810437.9,422,Salaried,271263.17,Medical,18721.03,0.39,0
42,481787.35,588,Salaried,208954.77,Medical,17458.51,0.58,0
36,772921.92,506,Salaried,647053.11,Debt Consolidation,15944.26,0.53,0
47,458142.38,571,Self-Employed,408934.87,Wedding,7388.04,0.49,0
50,763673.96,568,Salaried,464320.12,Education,13050.05,0.41,0
43,250000.0,792,Salaried,489322.92,Medical,3448.75,0.82,1
44,949169.62,594,Salaried,283563.23,Home Renovation,181.81,0.1,0
56,541294.84,846,Salaried,799326.2,Home Renovation,13743.82,0.8,1
40,819438.76,824,Salaried,425995.22,Medical,401.16,0.18,1
42,425745.62,325,Self-Employed,220272.77,Wedding,18998.26,0.71,0
38,713538.26,502,Salaried,391263.72,Medical,3806.41,0.25,0
42,808985.86,758,Salaried,129161.05,Wedding,9394.08,0.19,1
25,352193.61,301,Salaried,998891.55,Education,9075.27,1.25,0
48,250000.0,311,Salaried,450056.42,Debt Consolidation,7321.43,0.95,0
44,410470.29,794,Salaried,958198.92,Education,4942.43,0.92,1
44,399890.13,644,Self-Employed,324387.99,Wedding,8022.29,0.51,0
38,478790.66,656,Self-Employed,235423.62,Medical,8382.25,0.37,0
21,650823.52,428,Salaried,972078.08,Medical,9759.51,0.68,0
35,710101.61,441,Salaried,86431.71,Medical,10594.71,0.22,0
37,250000.0,450,Salaried,151057.98,Debt Consolidation,780.44,0.24,0
47,758665.65,821,Salaried,297409.05,Wedding,3465.63,0.19,1
45,760261.41,842,Salaried,281793.85,Debt Consolidation,14448.21,0.35,1
54,612517.77,379,Salaried,139808.37,Medical,3623.28,0.15,0
51,633875.17,769,Salaried,873984.09,Wedding,6276.74,0.58,0
24,1144943.42,331,Salaried,727487.66,Wedding,10404.59,0.32,0
21,507248.81,423,Salaried,53795.56,Education,2198.34,0.09,0
31,423730.97,501,Salaried,359458.06,Home Renovation,7361.44,0.49,0
25,1033675.65,367,Salaried,487209.72,Wedding,4677.4,0.21,0
23,788943.86,530,Salaried,439915.51,Medical,14087.85,0.4,0
31,679828.07,714,Salaried,624897.46,Home Renovation,7702.71,0.44,1
26,689608.37,790,Salaried,778184.43,Education,13080.08,0.6,1
21,661697.22,336,Salaried,580860.95,Education,3007.79,0.35,0
53,433296.46,541,Salaried,621864.72,Home Renovation,18092.51,0.98,0
32,684684.01,794,Self-Employed,171893.92,Medical,9827.18,0.26,1
38,392609.99,363,Salaried,398249.69,Debt Consolidation,13855.88,0.76,0
48,330748.11,506,Salaried,249210.61,Medical,19924.9,0.97,0
53,532049.89,443,Salaried,309072.92,Medical,17670.69,0.59,0
53,676664.65,816,Salaried,568206.61,Education,8492.88,0.43,1
44,879444.87,491,Salaried,958990.63,Debt Consolidation,3604.89,0.41,0
26,250000.0,754,Self-Employed,307077.08,Wedding,2634.02,0.54,0
21,564875.65,316,Salaried,939593.64,Education,8168.64,0.73,0
49,386392.71,767,Self-Employed,999706.06,Education,11629.03,1.22,0
44,489527.27,696,Salaried,152830.15,Debt Consolidation,12586.24,0.41,1
32,483729.87,655,Salaried,803878.73,Home Renovation,4491.02,0.67,0
59,931450.53,632,Salaried,630062.47,Education,5569.75,0.3,1
50,774025.79,750,Salaried,908331.07,Education,6360.17,0.49,0
50,635120.0,825,Salaried,89894.92,Education,15761.01,0.34,1
24,713860.42,528,Salaried,130385.48,Debt Consolidation,11446.97,0.25,0
53,934403.81,541,Salaried,758910.96,Medical,8361.15,0.38,0
26,504488.13,431,Salaried,549123.81,Medical,3946.01,0.46,0
27,250000.0,581,Salaried,176670.99,Education,9178.5,0.68,0
45,727585.26,432,Salaried,480348.11,Wedding,2396.94,0.26,0
29,1042610.61,596,Salaried,773037.24,Debt Consolidation,2242.1,0.27,0
40,250000.0,718,Salaried,192390.71,Wedding,13673.2,0.91,0
37,377233.03,354,Salaried,154064.27,Medical,17167.18,0.68,0
46,462776.72,530,Salaried,806952.71,Wedding,12500.09,0.91,0
56,373295.96,586,Self-Employed,993522.97,Home Renovation,5751.73,1.07,0
36,857055.54,717,Salaried,530872.8,Home Renovation,12527.66,0.38,1
44,845295.55,849,Salaried,267708.84,Debt Consolidation,18805.5,0.37,1
27,882571.53,607,Salaried,999617.89,Education,13441.48,0.56,0
54,794545.15,697,Self-Employed,724601.16,Education,3426.49,0.36,1
46,285405.53,766,Self-Employed,858649.35,Medical,8909.68,1.38,0
54,483898.42,635,Salaried,862545.16,Home Renovation,11555.73,0.88,0
48,810210.28,744,Salaried,242909.14,Medical,7403.03,0.21,1
53,572787.02,700,Salaried,969717.58,Education,18085.71,0.94,0
24,393879.81,516,Salaried,408484.02,Education,59.62,0.35,0
58,419793.95,360,Salaried,159808.21,Wedding,2717.68,0.2,0
33,407084.86,427,Salaried,210437.47,Medical,14247.75,0.59,0
56,618420.03,524,Self-Employed,729540.41,Debt Consolidation,14669.01,0.68,0
28,333403.32,307,Salaried,233783.91,Medical,648.49,0.26,0
56,347531.76,400,Salaried,332474.73,Home Renovation,6031.62,0.53,0
47,785965.37,465,Salaried,532206.0,Home Renovation,1077.67,0.24,0
29,762845.75,695,Self-Employed,63800.57,Medical,19668.2,0.34,1
32,250000.0,581,Salaried,62281.46,Debt Consolidation,18388.01,0.97,0
51,496639.94,818,Salaried,903215.39,Home Renovation,1228.81,0.64,1
44,511603.21,738,Salaried,202292.67,Debt Consolidation,10906.5,0.39,1
23,442127.71,726,Salaried,481017.16,Wedding,297.24,0.37,1
48,439474.09,682,Salaried,52650.09,Home Renovation,18779.76,0.55,0
30,809348.99,353,Salaried,537731.36,Education,931.89,0.24,0
56,250000.0,840,Salaried,465638.66,Wedding,16953.54,1.43,1
42,513770.4,420,Self-Employed,295093.87,Debt Consolidation,10193.19,0.43,0
24,390142.48,392,Salaried,900573.97,Home Renovation,7204.91,0.99,0
57,742620.88,701,Salaried,105131.89,Debt Consolidation,2674.4,0.09,1
28,527633.51,578,Salaried,788205.91,Medical,1981.75,0.54,0
44,571016.29,430,Salaried,680222.41,Home Renovation,4451.22,0.49,0
35,529180.69,308,Salaried,703460.12,Wedding,11736.29,0.71,0
48,434594.61,419,Salaried,405007.41,Wedding,17173.31,0.78,0
44,542630.77,340,Salaried,700541.93,Education,2683.84,0.49,0
59,677816.36,498,Self-Employed,773753.38,Wedding,2737.42,0.43,0
39,471728.29,392,Salaried,428065.58,Medical,16825.43,0.73,0
36,307418.79,573,Salaried,911754.92,Home Renovation,13744.03,1.53,0
21,325486.66,392,Salaried,801856.2,Medical,9186.85,1.16,0
48,699829.33,369,Self-Employed,218277.51,Debt Consolidation,5711.1,0.2,0
37,528949.41,705,Salaried,955393.92,Wedding,5720.59,0.73,0
26,250000.0,386,Salaried,938924.9,Education,1152.1,1.31,0
36,975024.93,637,Salaried,598575.34,Medical,9972.23,0.33,1
31,578948.53,693,Salaried,856917.42,Education,18502.34,0.88,0
53,967398.22,418,Salaried,455582.21,Home Renovation,12083.32,0.31,0
54,640094.24,411,Self-Employed,778862.69,Wedding,4799.3,0.5,0
46,927580.47,828,Salaried,921651.89,Wedding,16726.85,0.55,1
43,250000.0,522,Salaried,136619.12,Education,9739.13,0.65,0
26,521811.85,798,Salaried,677421.23,Education,18777.67,0.86,0
45,673771.62,646,Salaried,372219.85,Education,5518.54,0.28,1
32,588822.29,501,Salaried,640247.02,Debt Consolidation,9436.14,0.55,0
22,733242.48,502,Self-Employed,496025.9,Medical,13119.59,0.44,0
25,903683.23,600,Salaried,640287.4,Wedding,7856.36,0.34,1
25,650255.22,457,Salaried,432486.11,Wedding,1235.07,0.24,0
36,482640.37,689,Salaried,777220.39,Medical,8511.21,0.75,0
54,404396.27,387,Salaried,376910.78,Medical,3726.29,0.42,0
51,527929.74,422,Salaried,709632.86,Medical,12644.59,0.74,0
51,1009967.29,684,Self-Employed,949999.27,Medical,3745.7,0.36,0
32,1027201.41,456,Salaried,726245.26,Wedding,16948.51,0.43,0
28,479998.08,367,Salaried,469329.74,Medical,3650.9,0.42,0
24,368379.24,309,Salaried,843673.49,Education,18391.53,1.36,0
29,906765.19,513,Salaried,294109.18,Education,9048.25,0.23,0
59,716195.16,519,Salaried,524246.73,Education,1075.43,0.26,0
26,620673.68,445,Salaried,521743.17,Medical,12802.42,0.53,0
39,581245.21,753,Self-Employed,713726.98,Education,10738.62,0.63,0
27,632884.71,696,Salaried,255420.27,Home Renovation,12477.9,0.37,1
33,678012.84,480,Salaried,230140.18,Wedding,1015.04,0.13,0
52,699714.8,750,Salaried,60579.82,Home Renovation,6737.25,0.14,1
28,402320.57,743,Salaried,381666.6,Education,2900.1,0.4,1
23,553199.5,320,Salaried,112410.18,Debt Consolidation,10552.34,0.3,0
54,257671.39,654,Salaried,382436.69,Wedding,15538.95,1.22,0
43,830714.64,628,Salaried,255570.56,Home Renovation,10782.06,0.26,1
49,561825.99,431,Salaried,116356.1,Wedding,4648.47,0.17,0
22,670293.23,378,Salaried,123773.64,Medical,18247.65,0.39,0
58,993172.91,491,Salaried,188536.05,Wedding,11484.99,0.2,0
45,471318.93,621,Salaried,977198.89,Medical,1976.91,0.74,0
42,390697.54,415,Self-Employed,824578.76,Education,7677.86,0.94,0
38,946126.26,370,Salaried,627854.0,Medical,5438.99,0.29,0
44,822363.17,609,Salaried,185012.3,Home Renovation,2331.61,0.11,1
50,1074133.46,625,Self-Employed,682082.36,Wedding,12686.57,0.35,1
52,595960.64,606,Salaried,909632.71,Debt Consolidation,10636.58,0.72,0
52,1086351.06,720,Self-Employed,102053.3,Home Renovation,15006.81,0.2,1
50,277069.27,558,Salaried,296908.64,Wedding,3125.37,0.49,0
46,800833.39,738,Salaried,91561.4,Medical,13811.97,0.25,1
36,266501.8,718,Salaried,67984.98,Home Renovation,6826.69,0.39,1
42,463294.2,467,Salaried,757990.74,Wedding,2950.53,0.62,0
24,877879.34,633,Salaried,894721.56,Debt Consolidation,11364.0,0.5,0
55,777724.82,549,Salaried,192646.01,Wedding,6807.32,0.19,0
59,872035.97,609,Salaried,97214.99,Home Renovation,3462.29,0.08,1
38,559850.08,563,Salaried,866403.97,Home Renovation,7756.31,0.68,0
40,729085.82,376,Salaried,386648.39,Education,13662.67,0.4,0
30,700518.97,431,Salaried,224737.59,Home Renovation,1948.4,0.14,0
31,736105.32,791,Self-Employed,272994.88,Wedding,6003.41,0.22,1
52,426704.46,488,Salaried,340150.91,Debt Consolidation,11236.31,0.58,0
57,515378.63,804,Self-Employed,642515.95,Wedding,410.32,0.43,1
48,777997.54,454,Salaried,769591.91,Home Renovation,8193.75,0.46,0
30,1173425.82,644,Salaried,418114.27,Education,5236.99,0.17,1
26,714583.21,510,Salaried,748146.58,Education,12266.01,0.55,0
22,703058.22,744,Salaried,781407.43,Debt Consolidation,11874.75,0.57,0
57,670974.2,562,Salaried,920097.65,Home Renovation,7859.14,0.6,0
32,561522.32,699,Salaried,119672.63,Medical,10917.62,0.3,1
40,527126.21,378,Salaried,191961.88,Education,7258.38,0.29,0
38,392908.05,414,Salaried,679833.01,Debt Consolidation,13402.71,0.99,0
26,526674.5,803,Salaried,273820.09,Debt Consolidation,9044.53,0.38,1
50,538702.26,630,Salaried,503030.98,Debt Consolidation,1747.05,0.35,1
43,447586.44,708,Salaried,826066.79,Medical,4372.93,0.73,0
39,781605.95,764,Salaried,901407.87,Debt Consolidation,10868.39,0.55,1
55,270008.42,727,Salaried,554862.12,Education,13307.09,1.28,0
40,450657.63,460,Salaried,557647.55,Education,8159.54,0.63,0
33,250000.0,752,Salaried,713582.98,Home Renovation,19988.09,1.91,1
26,870914.89,840,Salaried,104552.83,Home Renovation,5718.64,0.12,1
47,656666.51,842,Salaried,365113.48,Medical,11023.19,0.39,1
58,250000.0,628,Salaried,953478.25,Medical,6734.72,1.59,0
23,429705.45,615,Salaried,542897.81,Debt Consolidation,12729.1,0.78,0
25,666145.3,303,Salaried,398292.37,Education,3243.5,0.26,0
37,715925.47,636,Salaried,362955.32,Home Renovation,13890.31,0.4,1
39,309927.46,612,Salaried,978289.18,Medical,7647.76,1.35,0
58,472464.72,658,Self-Employed,794927.35,Home Renovation,9074.06,0.79,0
50,880698.96,328,Self-Employed,860468.67,Wedding,3311.55,0.37,0
42,333897.71,824,Salaried,497218.32,Education,5942.94,0.71,1
33,512912.36,544,Salaried,152181.62,Wedding,11358.37,0.36,0
34,946469.4,374,Self-Employed,539574.94,Education,19430.32,0.44,0
53,549615.56,737,Salaried,225297.35,Debt Consolidation,13773.66,0.44,1
47,907639.95,710,Self-Employed,557922.06,Debt Consolidation,9828.57,0.33,1
26,329535.32,440,Self-Employed,177329.15,Medical,11938.01,0.61,0
25,826274.75,728,Salaried,936607.49,Education,5712.68,0.46,0
46,579067.11,420,Self-Employed,817571.26,Home Renovation,13514.27,0.75,0
54,250000.0,481,Salaried,218502.46,Education,482.37,0.31,0
55,469217.09,352,Salaried,825046.0,Wedding,4106.49,0.69,0
31,568399.17,747,Salaried,887957.42,Debt Consolidation,18675.61,0.92,0
59,806418.28,764,Self-Employed,356152.16,Medical,14998.96,0.37,1
58,250000.0,448,Self-Employed,450255.01,Debt Consolidation,3359.53,0.76,0
58,762980.61,731,Salaried,579292.37,Debt Consolidation,768.59,0.27,1
40,721525.1,646,Salaried,81280.8,Debt Consolidation,16729.22,0.32,1
50,767780.62,830,Self-Employed,593247.35,Wedding,3753.89,0.32,1
31,481978.06,794,Self-Employed,701714.67,Wedding,3810.11,0.58,0
44,528046.87,310,Salaried,217918.36,Wedding,19107.09,0.57,0
23,559690.22,461,Self-Employed,306419.67,Debt Consolidation,14181.75,0.49,0
37,891064.41,430,Self-Employed,769571.58,Debt Consolidation,12833.17,0.46,0
40,1055514.0,351,Self-Employed,929751.92,Debt Consolidation,14335.82,0.46,0
21,732307.46,775,Salaried,775577.09,Medical,1140.69,0.37,1
33,321035.17,331,Salaried,538150.58,Medical,7387.47,0.83,0
25,797579.73,322,Self-Employed,706767.97,Education,9764.45,0.44,0
47,682584.41,744,Salaried,653033.39,Medical,10394.07,0.5,0
46,771348.26,660,Salaried,981906.95,Education,791.6,0.44,1
43,397428.65,480,Salaried,409084.93,Wedding,7652.98,0.57,0
23,460149.47,347,Self-Employed,906807.42,Home Renovation,361.56,0.67,0
33,250000.0,470,Salaried,307163.18,Medical,14412.56,1.1,0
25,298362.4,635,Salaried,256201.23,Education,18728.18,1.04,0
47,794518.81,455,Salaried,144254.21,Debt Consolidation,12898.66,0.26,0
51,479059.87,365,Salaried,653765.61,Wedding,8348.51,0.66,0
50,891543.77,561,Salaried,844896.5,Home Renovation,11062.73,0.46,0
42,399089.87,674,Salaried,269890.08,Education,19283.7,0.81,0
40,522392.72,590,Salaried,577492.62,Wedding,1862.54,0.41,0
41,563142.93,818,Self-Employed,276032.64,Debt Consolidation,14371.35,0.47,0
25,625191.02,810,Salaried,826884.82,Debt Consolidation,18697.02,0.8,0
29,564093.61,384,Salaried,279619.29,Home Renovation,9854.1,0.37,0
32,250000.0,310,Salaried,311158.67,Home Renovation,6240.08,0.71,0
40,784157.15,698,Salaried,847450.43,Debt Consolidation,14947.04,0.59,0
46,583957.48,512,Salaried,323824.73,Medical,19832.63,0.59,0
51,940526.14,477,Self-Employed,338874.65,Medical,1555.97,0.14,0
28,1072428.35,642,Salaried,353618.47,Home Renovation,16788.09,0.3,1
27,808421.55,304,Salaried,863596.67,Debt Consolidation,15555.39,0.59,0
58,610628.98,530,Self-Employed,364477.8,Education,10487.9,0.41,0
50,284405.46,774,Salaried,981588.28,Medical,16008.35,1.83,1
42,580814.89,371,Salaried,281447.11,Debt Consolidation,2853.33,0.22,0
27,1151620.02,837,Salaried,148658.38,Wedding,19192.07,0.24,1
54,452464.07,826,Salaried,753919.59,Debt Consolidation,816.25,0.58,0
58,604108.0,642,Self-Employed,118462.27,Medical,8760.07,0.24,1
31,349001.96,486,Salaried,640415.95,Debt Consolidation,17173.93,1.2,0
22,1163759.78,575,Salaried,834053.16,Wedding,8242.45,0.32,0
44,273336.37,404,Self-Employed,984376.64,Debt Consolidation,5109.86,1.42,0
21,250000.0,619,Salaried,565417.51,Home Renovation,3440.94,0.92,0
22,735697.74,620,Salaried,224374.09,Medical,11209.4,0.28,1
21,566289.63,483,Salaried,732850.72,Debt Consolidation,1560.12,0.46,0
50,361191.67,725,Salaried,728178.52,Wedding,9637.08,0.99,0
37,663930.52,461,Salaried,161070.77,Education,19408.02,0.43,0
46,481558.74,540,Salaried,357727.34,Wedding,7367.11,0.43,0
34,482118.94,388,Salaried,297457.64,Home Renovation,11205.26,0.48,0
47,750447.26,506,Salaried,977685.49,Wedding,17153.62,0.71,0
47,724135.21,489,Salaried,918952.13,Education,1861.99,0.45,0
27,802865.51,417,Salaried,178766.91,Wedding,1298.7,0.09,0
42,589173.11,803,Salaried,604960.56,Education,12226.33,0.59,1
33,416824.76,806,Salaried,799269.95,Home Renovation,6949.42,0.84,1
46,301021.98,316,Salaried,277953.93,Wedding,18550.46,1.05,0
55,357492.81,707,Salaried,193759.3,Education,11752.12,0.58,0
52,408775.97,779,Salaried,625844.21,Wedding,13707.1,0.91,1
51,250000.0,522,Salaried,540459.45,Medical,14920.13,1.44,0
52,586590.97,350,Salaried,563535.63,Debt Consolidation,3356.09,0.39,0
28,899900.51,373,Salaried,728280.84,Home Renovation,6309.62,0.35,0
44,635321.75,780,Salaried,432999.0,Medical,13654.23,0.49,0
36,791127.42,437,Self-Employed,387836.98,Medical,194.52,0.17,0
40,469613.65,676,Salaried,397244.66,Medical,1448.78,0.32,1
43,724864.53,541,Salaried,555257.09,Education,2133.61,0.29,0
40,319851.84,461,Self-Employed,367313.52,Medical,835.06,0.41,0
38,609934.13,355,Self-Employed,674961.67,Wedding,10857.19,0.58,0
57,250000.0,544,Salaried,527044.89,Education,17101.33,1.52,0
41,400292.71,527,Salaried,840060.69,Medical,716.54,0.72,0
44,760780.66,416,Salaried,696603.15,Medical,18617.87,0.6,0
31,250000.0,510,Salaried,945408.82,Medical,7830.99,1.64,0
31,707646.96,369,Salaried,203947.11,Debt Consolidation,16008.75,0.37,0
59,389044.16,430,Salaried,555324.48,Medical,2054.05,0.54,0
35,489186.6,528,Salaried,613017.39,Debt Consolidation,16187.2,0.81,0
33,625943.82,734,Salaried,299104.04,Debt Consolidation,3712.81,0.23,1
56,801092.98,437,Salaried,712270.6,Medical,7342.54,0.41,0
32,896745.05,648,Self-Employed,665889.63,Education,5805.52,0.33,1
53,1240008.32,607,Salaried,654839.54,Medical,7961.17,0.25,1
41,664547.9,447,Self-Employed,585051.8,Wedding,4261.36,0.37,0
22,810818.55,426,Salaried,341694.93,Debt Consolidation,5149.29,0.22,0
55,726632.15,640,Salaried,465465.89,Home Renovation,4998.96,0.3,1
48,307535.25,643,Self-Employed,409629.42,Wedding,15015.21,1.03,0
46,447971.08,414,Salaried,136288.58,Debt Consolidation,6865.59,0.29,0
48,878491.18,418,Salaried,616328.22,Education,18818.74,0.49,0
42,299247.12,555,Salaried,112723.02,Medical,5515.37,0.35,0
52,814223.91,481,Salaried,603498.66,Wedding,11000.57,0.41,0
30,563690.73,724,Salaried,505435.0,Medical,13411.84,0.58,0
29,765136.22,784,Salaried,544316.09,Education,3755.27,0.3,1
26,737618.72,579,Salaried,426204.09,Wedding,5116.41,0.28,0
59,304465.63,345,Salaried,274605.89,Medical,15737.99,0.92,0
48,250000.0,392,Salaried,912422.85,Home Renovation,17747.98,2.07,0
52,679709.73,364,Salaried,507089.2,Wedding,11851.71,0.46,0
26,513389.04,439,Salaried,544731.55,Home Renovation,12939.26,0.66,0
39,990633.37,529,Salaried,218172.11,Education,7351.81,0.16,0
38,422504.54,529,Self-Employed,278948.99,Wedding,6009.67,0.39,0
53,751748.57,633,Self-Employed,51212.12,Medical,17379.24,0.3,0
36,1136143.85,526,Salaried,247130.09,Medical,11956.18,0.2,0
22,404673.36,683,Self-Employed,763322.72,Education,10751.76,0.95,0
28,867842.75,635,Salaried,258388.39,Medical,14405.85,0.3,1
45,673210.13,730,Salaried,727587.79,Medical,7679.02,0.5,0
31,322472.64,644,Self-Employed,383222.48,Wedding,4093.04,0.55,0
28,598103.86,840,Salaried,985420.52,Medical,18636.0,0.92,0
44,522747.9,750,Salaried,178526.37,Medical,13790.63,0.43,1
46,384226.91,519,Salaried,655492.16,Education,11194.76,0.92,0
55,453351.7,307,Self-Employed,977590.21,Wedding,3030.44,0.8,0
37,647903.27,508,Salaried,650302.29,Debt Consolidation,10027.45,0.52,0
23,766573.51,760,Salaried,994737.87,Home Renovation,6090.93,0.53,0
24,309400.94,311,Salaried,70687.02,Wedding,762.77,0.11,0
42,426968.03,763,Self-Employed,445128.96,Wedding,1277.8,0.38,1
39,1035701.66,646,Salaried,80981.56,Home Renovation,5580.47,0.09,1
57,601328.63,572,Self-Employed,714115.36,Debt Consolidation,3509.83,0.47,0
37,585523.87,505,Salaried,710331.52,Education,5442.92,0.52,0
42,683402.28,762,Salaried,969067.33,Debt Consolidation,14937.63,0.73,0
29,736192.71,778,Salaried,410453.25,Wedding,6463.22,0.29,1
29,404270.29,748,Salaried,673362.37,Medical,3966.72,0.67,0
35,944071.92,547,Salaried,787175.61,Home Renovation,2592.32,0.31,0
25,250000.0,543,Salaried,676943.99,Home Renovation,8451.35,1.31,0
40,877731.74,475,Salaried,833646.88,Wedding,718.73,0.33,0
32,250000.0,496,Salaried,158113.54,Debt Consolidation,8770.08,0.63,0
32,680512.2,683,Salaried,520152.14,Education,14978.44,0.52,0
56,988565.11,536,Salaried,339112.74,Home Renovation,2743.36,0.15,0
23,556792.19,460,Self-Employed,675528.0,Wedding,13716.29,0.7,0
25,496093.32,584,Salaried,984762.09,Home Renovation,887.66,0.68,0
51,607144.35,442,Salaried,733494.0,Medical,5666.28,0.51,0
52,637422.46,821,Salaried,851444.04,Wedding,9190.4,0.62,0
42,359073.26,745,Salaried,283778.55,Medical,8937.96,0.56,0
44,771591.33,841,Salaried,508160.27,Wedding,3544.62,0.27,1
30,893146.21,686,Salaried,364715.31,Wedding,3299.08,0.18,1
41,814777.53,437,Salaried,144960.13,Home Renovation,1052.46,0.07,0
49,530298.65,829,Salaried,110571.12,Medical,16800.23,0.45,1
48,250000.0,808,Salaried,316844.04,Education,19711.91,1.37,0
48,515252.6,544,Salaried,346409.53,Wedding,3171.55,0.3,0
56,250000.0,524,Salaried,68773.67,Home Renovation,17222.93,0.92,0
51,647981.5,726,Self-Employed,628453.48,Debt Consolidation,7872.52,0.47,0
28,699244.19,441,Salaried,138142.54,Debt Consolidation,5717.52,0.16,0
55,806021.65,828,Salaried,903386.28,Education,12826.57,0.56,1
32,888253.85,837,Salaried,679044.22,Wedding,10152.58,0.39,1
47,862109.44,820,Self-Employed,860523.06,Medical,4701.07,0.4,1
35,566630.72,306,Salaried,494623.01,Debt Consolidation,16943.22,0.65,0
52,1106353.11,512,Salaried,923852.02,Education,9500.4,0.38,0
58,523993.04,615,Salaried,625626.53,Home Renovation,17200.09,0.79,0
30,250000.0,395,Self-Employed,217398.59,Wedding,8329.91,0.69,0
39,556463.46,714,Salaried,983845.72,Debt Consolidation,12235.83,0.85,0
53,260373.59,336,Salaried,460857.02,Home Renovation,13329.12,1.2,0
55,421893.32,535,Self-Employed,678575.37,Debt Consolidation,15898.72,0.99,0
49,755036.76,554,Salaried,552520.1,Wedding,8877.7,0.39,0
36,343299.49,507,Self-Employed,985094.98,Education,13618.32,1.43,0
56,250000.0,829,Salaried,770113.03,Wedding,2328.6,1.14,0
51,250000.0,322,Salaried,786125.42,Home Renovation,10893.93,1.57,0
35,756004.96,348,Salaried,455169.73,Medical,13139.71,0.41,0
22,701320.79,674,Salaried,107173.84,Wedding,4291.76,0.12,1
27,691472.83,653,Salaried,766334.31,Debt Consolidation,8974.08,0.53,0
27,514356.61,402,Salaried,155645.52,Wedding,11993.0,0.38,0
44,531228.6,533,Salaried,266080.06,Medical,15847.05,0.52,0
47,332989.99,569,Salaried,585615.67,Wedding,18371.14,1.25,0
25,969632.3,393,Salaried,326183.25,Education,12918.36,0.27,0
21,536556.04,469,Salaried,717984.68,Wedding,13393.96,0.75,0
57,713190.78,762,Self-Employed,358059.4,Debt Consolidation,8463.88,0.31,1
26,887853.93,649,Salaried,489927.29,Education,3867.23,0.24,1
50,957380.61,730,Salaried,380471.0,Medical,5651.6,0.2,1
57,790463.44,671,Salaried,899564.42,Wedding,10748.42,0.54,0
57,742388.86,565,Salaried,268418.26,Education,15071.84,0.36,0
42,1205342.38,520,Salaried,551373.61,Wedding,3345.45,0.19,0
23,250000.0,785,Salaried,176924.46,Education,208.86,0.25,1
53,1121221.24,695,Salaried,595710.26,Medical,12535.99,0.31,1
52,823846.72,336,Salaried,650999.38,Medical,7250.07,0.37,0
37,728143.58,525,Salaried,988054.7,Medical,17437.61,0.74,0
43,857837.26,313,Salaried,185715.51,Debt Consolidation,3598.28,0.12,0
52,741952.89,447,Self-Employed,428004.37,Debt Consolidation,2285.36,0.23,0
38,726203.56,338,Self-Employed,599081.56,Medical,15276.05,0.53,0
46,987822.99,770,Salaried,916253.16,Wedding,470.82,0.31,1
40,579140.99,343,Salaried,776765.51,Education,13810.06,0.73,0
38,686537.11,475,Self-Employed,503824.86,Debt Consolidation,11497.44,0.45,0
55,774859.76,760,Salaried,320724.44,Education,2428.69,0.18,1
47,250000.0,341,Self-Employed,950169.08,Medical,11983.81,1.84,0
45,840395.85,412,Salaried,283296.27,Debt Consolidation,13675.91,0.31,0
44,789168.85,837,Salaried,448713.04,Debt Consolidation,19403.08,0.48,1
49,410280.73,413,Salaried,428350.98,Education,18788.09,0.9,0
37,362361.8,405,Salaried,684678.52,Medical,3461.69,0.74,0
52,526477.37,575,Salaried,200122.69,Education,3978.14,0.22,0
57,256473.13,695,Self-Employed,515745.99,Wedding,7397.27,1.02,0
32,966039.36,458,Salaried,185423.65,Wedding,6110.08,0.14,0
55,413167.41,845,Salaried,380849.86,Education,11630.77,0.65,1
45,565589.41,579,Salaried,314767.85,Wedding,11775.36,0.44,0
48,620142.09,585,Salaried,265766.31,Home Renovation,9747.66,0.33,0
28,617190.98,410,Salaried,526723.6,Debt Consolidation,16478.45,0.6,0
24,685111.18,700,Salaried,820278.52,Debt Consolidation,11203.57,0.6,0
35,374021.56,841,Salaried,59834.34,Wedding,2646.95,0.14,1
42,343691.48,525,Salaried,500367.58,Wedding,18467.98,1.13,0
51,731259.09,468,Salaried,643732.47,Home Renovation,16314.38,0.56,0
45,665709.74,641,Salaried,569889.08,Debt Consolidation,1977.15,0.32,1
31,425695.62,480,Salaried,798769.66,Home Renovation,14549.48,1.04,0
34,615567.08,518,Salaried,385094.47,Education,14039.65,0.48,0
23,654309.91,804,Self-Employed,885747.18,Debt Consolidation,7372.16,0.59,0
43,655766.4,839,Self-Employed,192208.46,Education,2774.07,0.15,1
44,898735.37,805,Salaried,922115.44,Medical,2083.47,0.37,1
55,697682.11,752,Salaried,874736.4,Education,10680.38,0.6,0
24,323823.17,644,Salaried,738583.87,Medical,17778.22,1.42,0
25,648956.81,474,Salaried,720836.61,Medical,13522.61,0.62,0
50,310363.06,505,Salaried,747339.21,Debt Consolidation,17379.48,1.47,0
53,371693.2,395,Salaried,893057.17,Education,18735.17,1.41,0
37,763268.27,765,Salaried,285925.88,Debt Consolidation,11614.89,0.31,1
56,634901.16,623,Salaried,430992.69,Wedding,19906.68,0.6,0
45,506111.24,785,Salaried,889867.97,Debt Consolidation,8256.1,0.78,1
55,972746.34,790,Salaried,621031.66,Education,393.64,0.22,1
31,752965.23,626,Salaried,125629.33,Medical,3079.97,0.1,1
47,594239.29,361,Salaried,960437.36,Education,7932.41,0.7,0
45,862895.67,720,Salaried,310615.92,Medical,19798.86,0.4,1
47,250000.0,516,Salaried,902106.67,Debt Consolidation,7521.04,1.56,0
53,419881.12,370,Salaried,113499.2,Home Renovation,1791.19,0.14,0
28,441757.28,780,Salaried,473949.48,Home Renovation,9106.95,0.61,1
22,1366633.74,316,Salaried,980967.97,Education,12197.62,0.35,0
42,712876.73,432,Salaried,117427.88,Medical,388.13,0.06,0
21,367962.61,407,Self-Employed,999987.74,Wedding,4058.69,1.04,0
35,429250.05,448,Self-Employed,554765.92,Medical,15535.63,0.87,0
26,733320.44,746,Salaried,783361.59,Education,6011.21,0.45,0
49,955514.06,793,Salaried,682857.13,Medical,12357.43,0.39,1
49,351173.94,410,Salaried,837827.42,Medical,10178.72,1.14,0
47,602364.62,514,Self-Employed,764201.94,Debt Consolidation,13647.74,0.69,0
55,568364.8,612,Salaried,662458.18,Medical,11967.93,0.64,0
54,621924.87,398,Salaried,897835.57,Education,17505.21,0.82,0
57,805871.42,589,Salaried,264532.65,Home Renovation,6977.72,0.21,0
44,1243109.11,438,Salaried,132258.93,Medical,15193.24,0.18,0
48,474463.63,611,Salaried,535776.61,Medical,7975.85,0.58,0
29,522147.23,395,Salaried,579546.14,Wedding,10417.94,0.61,0
57,523053.82,335,Salaried,798549.82,Education,1590.38,0.55,0
45,611026.41,747,Self-Employed,176932.37,Debt Consolidation,11455.04,0.32,1
56,344582.07,769,Salaried,855078.41,Wedding,9293.93,1.15,0
35,995509.43,826,Salaried,664533.87,Medical,17606.17,0.43,1
24,878574.24,732,Salaried,965399.67,Home Renovation,14449.14,0.56,0
30,1069555.98,609,Self-Employed,141902.18,Debt Consolidation,3635.19,0.09,1
40,384320.51,700,Salaried,923324.44,Debt Consolidation,13237.99,1.21,0
24,570642.26,584,Self-Employed,303184.39,Wedding,9650.21,0.38,0
45,518740.6,500,Salaried,68520.65,Wedding,361.69,0.05,0
40,454113.87,573,Salaried,864035.0,Wedding,14645.42,1.02,0
54,693088.22,421,Salaried,247881.03,Home Renovation,5541.31,0.22,0
27,284698.69,700,Salaried,721991.55,Wedding,18989.45,1.65,0
51,300259.42,729,Salaried,202692.74,Wedding,5679.7,0.45,0
26,905858.05,482,Salaried,709462.89,Home Renovation,7114.41,0.36,0
42,492144.36,576,Salaried,464374.88,Wedding,18034.04,0.75,0
21,520207.47,737,Salaried,727119.58,Education,8700.2,0.67,0
59,1117374.31,538,Salaried,364862.19,Debt Consolidation,3984.58,0.15,0
43,278524.21,518,Salaried,915955.2,Debt Consolidation,6957.07,1.4,0
25,800204.46,829,Salaried,364324.74,Home Renovation,10501.75,0.31,1
21,971579.15,716,Salaried,840098.54,Home Renovation,12455.15,0.44,1
50,685898.01,802,Salaried,225918.05,Education,2648.71,0.16,1
58,296822.04,682,Self-Employed,294868.36,Debt Consolidation,6207.29,0.58,0
38,676743.39,390,Salaried,301898.23,Education,1774.27,0.18,0
57,269517.04,387,Salaried,408628.39,Home Renovation,6391.07,0.79,0
40,570502.33,455,Salaried,492042.75,Debt Consolidation,2111.14,0.33,0
45,678885.18,367,Salaried,61616.47,Home Renovation,11372.46,0.23,0
32,548323.8,732,Salaried,775987.66,Home Renovation,548.81,0.48,0
54,818965.11,794,Salaried,425670.53,Education,6857.46,0.27,1
53,889881.82,359,Salaried,749233.43,Debt Consolidation,11985.44,0.44,0
58,302083.55,632,Salaried,187714.23,Debt Consolidation,4461.15,0.38,1
43,745053.34,384,Self-Employed,366978.13,Wedding,3141.86,0.21,0
35,560423.42,845,Self-Employed,963883.74,Home Renovation,6850.77,0.72,1
29,342955.63,425,Self-Employed,59126.54,Education,12248.65,0.49,0
36,714624.68,707,Salaried,190672.39,Wedding,8628.89,0.23,1
28,327188.01,331,Salaried,817940.2,Wedding,11269.02,1.25,0
29,898972.79,576,Salaried,86243.85,Education,10519.29,0.17,0
36,620079.99,386,Self-Employed,636885.81,Medical,16309.15,0.66,0
24,400399.08,631,Self-Employed,967750.96,Wedding,14086.92,1.23,0
37,768868.75,710,Salaried,805806.02,Debt Consolidation,17898.48,0.63,0
43,761825.02,357,Salaried,156507.99,Home Renovation,2970.95,0.12,0
52,786260.62,576,Self-Employed,812085.05,Education,5596.21,0.43,0
44,657309.87,399,Salaried,806905.59,Education,15295.73,0.69,0
57,711701.1,699,Salaried,406463.31,Education,17073.51,0.48,0
47,740791.42,400,Self-Employed,561486.6,Education,13874.04,0.48,0
51,250000.0,686,Self-Employed,463283.59,Wedding,4677.11,0.84,0
24,965681.91,516,Salaried,980093.72,Home Renovation,12269.48,0.49,0
38,637871.77,738,Self-Employed,455762.11,Debt Consolidation,11012.36,0.45,1
49,433919.96,767,Salaried,635512.22,Education,9767.94,0.76,1
27,519270.61,656,Salaried,158189.41,Debt Consolidation,15281.02,0.45,0
34,592187.22,357,Salaried,259580.49,Medical,5214.66,0.25,0
23,798259.36,495,Salaried,497900.18,Education,9154.92,0.35,0
31,527250.58,389,Self-Employed,421541.18,Education,16536.78,0.64,0
35,734379.03,812,Salaried,878084.59,Home Renovation,10496.91,0.57,0
58,678575.91,599,Salaried,753764.96,Medical,5707.33,0.47,0
36,1051699.88,404,Self-Employed,104211.16,Home Renovation,13534.51,0.19,0
51,500929.48,501,Salaried,186294.47,Home Renovation,10774.54,0.38,0
57,475002.27,707,Salaried,361901.29,Debt Consolidation,696.48,0.27,1
48,987893.59,524,Salaried,708053.87,Wedding,15375.74,0.43,0
45,711314.95,797,Salaried,484091.32,Education,970.23,0.24,1
41,701728.56,472,Salaried,888559.14,Education,7382.07,0.55,0
41,320434.07,764,Salaried,270517.12,Medical,15071.09,0.85,0
41,677934.71,735,Self-Employed,593284.34,Medical,15932.42,0.57,0
59,506982.81,618,Salaried,369657.41,Home Renovation,1976.35,0.29,1
53,356598.22,844,Self-Employed,505129.19,Home Renovation,17127.71,1.05,0
42,580481.24,427,Salaried,636643.36,Medical,11392.43,0.6,0
55,692702.64,334,Salaried,474398.92,Wedding,10742.66,0.41,0
40,432048.32,373,Salaried,162116.22,Debt Consolidation,4826.08,0.26,0
29,549654.51,615,Salaried,974007.09,Education,14401.06,0.91,0
55,558399.46,529,Salaried,147151.97,Debt Consolidation,14307.78,0.4,0
33,492417.25,837,Salaried,124920.24,Medical,4482.18,0.19,1
52,540411.3,554,Salaried,547861.63,Home Renovation,4768.45,0.44,0
53,266342.79,658,Salaried,559061.14,Wedding,16687.86,1.45,0
26,660911.93,825,Salaried,779155.41,Wedding,5108.95,0.49,1
25,606039.59,422,Salaried,465663.65,Medical,6773.62,0.39,0
41,566548.79,713,Salaried,244272.57,Debt Consolidation,16864.16,0.5,0
41,250000.0,823,Salaried,313439.14,Home Renovation,5839.77,0.7,0
22,926120.28,710,Salaried,571002.08,Medical,16822.52,0.42,1
54,515317.32,668,Salaried,633824.72,Home Renovation,5042.06,0.53,0
39,250000.0,740,Salaried,454102.4,Debt Consolidation,19126.15,1.52,0
52,1022707.37,788,Salaried,751907.27,Medical,15362.37,0.43,1
53,664212.02,338,Self-Employed,531736.65,Medical,19347.65,0.62,0
50,894667.7,844,Salaried,484567.21,Debt Consolidation,17819.36,0.42,1
35,642846.42,305,Salaried,853643.35,Medical,2104.89,0.48,0
47,438704.47,485,Salaried,197140.43,Home Renovation,2705.54,0.22,0
44,493890.91,502,Self-Employed,480801.83,Wedding,17608.72,0.75,0
58,486410.46,404,Salaried,355070.95,Debt Consolidation,1866.02,0.29,0
25,1000221.77,584,Salaried,974688.97,Debt Consolidation,19272.34,0.56,0
37,634820.05,526,Salaried,156582.66,Medical,11632.23,0.3,0
52,560473.31,803,Self-Employed,69417.29,Medical,9014.22,0.23,1
28,480961.12,352,Salaried,790354.13,Home Renovation,1999.88,0.6,0
24,391663.52,831,Salaried,386827.86,Home Renovation,2421.95,0.4,1
26,795869.86,838,Salaried,982022.69,Education,6904.42,0.52,0
56,715271.65,823,Salaried,79492.79,Debt Consolidation,3770.39,0.1,1
43,655800.54,747,Salaried,394205.08,Medical,14695.39,0.47,0
27,425396.56,501,Self-Employed,461879.59,Wedding,7497.93,0.57,0
27,639020.84,391,Salaried,941792.52,Home Renovation,2593.96,0.54,0
55,278526.62,661,Salaried,349839.11,Medical,5250.04,0.64,0
23,305042.89,644,Salaried,935076.37,Wedding,10074.66,1.42,0
36,894695.94,705,Salaried,398138.72,Wedding,15615.52,0.36,1
37,351467.15,613,Salaried,738276.77,Debt Consolidation,1832.17,0.76,0
23,787566.81,607,Salaried,797042.26,Home Renovation,1029.14,0.35,1
40,876552.02,644,Salaried,444288.26,Home Renovation,14332.27,0.37,1
31,883799.17,626,Self-Employed,712559.21,Education,3262.54,0.31,1
50,418370.94,496,Salaried,663763.04,Debt Consolidation,14821.93,0.95,0
59,770788.79,504,Salaried,581785.93,Debt Consolidation,4414.33,0.32,0
40,838129.17,355,Salaried,722165.02,Debt Consolidation,4796.72,0.36,0
34,331097.68,673,Self-Employed,228307.69,Education,10455.77,0.61,0
27,682946.96,842,Salaried,131771.23,Medical,1869.31,0.1,1
22,400123.89,377,Salaried,829112.51,Debt Consolidation,14872.06,1.14,0
34,665821.76,728,Salaried,590303.02,Debt Consolidation,4998.76,0.39,1
35,608276.43,390,Salaried,745152.42,Education,10792.25,0.62,0
52,250000.0,742,Salaried,309662.11,Debt Consolidation,3891.03,0.6,0
24,319885.8,395,Salaried,405247.99,Education,16887.43,1.06,0
41,346113.81,332,Salaried,754133.87,Wedding,1321.07,0.77,0
52,493503.01,355,Salaried,336780.92,Wedding,5738.91,0.37,0
30,1116948.13,462,Salaried,159691.18,Wedding,15325.17,0.21,0
46,559961.61,788,Salaried,224345.69,Wedding,1583.88,0.17,1
37,578860.06,836,Salaried,102471.33,Medical,18127.15,0.43,1
23,806779.71,840,Salaried,100099.26,Education,8861.13,0.17,1
58,250000.0,355,Salaried,574883.26,Home Renovation,13619.35,1.42,0
40,250000.0,372,Salaried,657366.62,Home Renovation,9915.6,1.35,0
42,942873.83,418,Self-Employed,122986.35,Debt Consolidation,744.72,0.05,0
48,250000.0,660,Salaried,352462.54,Home Renovation,9835.11,0.94,0
56,633258.23,680,Self-Employed,634477.62,Medical,15064.57,0.62,0
28,934203.19,448,Salaried,614869.68,Wedding,10049.43,0.35,0
29,560476.04,738,Salaried,366322.21,Home Renovation,11979.96,0.47,0
28,332130.96,442,Salaried,234753.38,Debt Consolidation,18275.69,0.9,0
37,608551.91,666,Salaried,610216.55,Debt Consolidation,12146.79,0.57,0
25,303190.6,636,Salaried,361677.79,Home Renovation,10174.19,0.8,0
37,273027.75,801,Salaried,508697.85,Medical,4621.13,0.82,0
57,333083.49,313,Salaried,111469.4,Wedding,25.96,0.11,0
46,572217.47,563,Self-Employed,313843.31,Home Renovation,17081.84,0.54,0
29,491063.47,830,Salaried,161343.69,Wedding,19819.68,0.59,0
22,714009.46,471,Salaried,263886.43,Wedding,7311.6,0.25,0
24,819936.52,436,Salaried,996886.34,Medical,15502.14,0.63,0
49,642697.78,704,Self-Employed,680561.72,Wedding,3458.32,0.42,1
38,375622.58,336,Self-Employed,808292.48,Medical,8702.53,1.0,0
31,545674.63,755,Salaried,873535.56,Education,2531.3,0.59,0
23,545687.32,513,Self-Employed,550968.6,Education,1735.03,0.37,0
52,1207182.48,412,Salaried,631513.79,Wedding,10540.15,0.28,0
26,669447.93,458,Salaried,92766.52,Debt Consolidation,14679.73,0.31,0
59,746942.33,366,Salaried,276602.25,Education,14302.73,0.35,0
44,339930.59,681,Salaried,688593.93,Wedding,14657.12,1.19,0
56,923260.34,601,Self-Employed,880977.7,Debt Consolidation,3913.3,0.37,0
46,792574.07,382,Self-Employed,910810.22,Debt Consolidation,5732.47,0.47,0
53,636929.86,649,Salaried,813626.15,Wedding,8456.66,0.59,0
55,1184939.6,565,Salaried,351847.11,Medical,6898.24,0.17,0
47,829851.78,742,Self-Employed,375101.42,Education,10129.79,0.3,1
52,419018.97,630,Salaried,770726.44,Medical,1659.91,0.66,0
58,589065.37,805,Salaried,418918.41,Medical,15624.78,0.56,1
45,560020.6,366,Salaried,670211.41,Education,12747.99,0.67,0
39,1050674.19,449,Salaried,962293.74,Wedding,4296.09,0.35,0
54,598252.2,771,Salaried,203892.7,Debt Consolidation,3836.2,0.19,1
43,257040.35,829,Salaried,227113.81,Home Renovation,14235.66,0.96,1
31,904170.21,796,Self-Employed,160572.44,Medical,13553.35,0.24,1
21,474498.47,835,Self-Employed,470788.27,Medical,10848.81,0.61,0
34,818090.66,321,Salaried,535498.34,Education,8653.77,0.35,0
33,488383.41,573,Self-Employed,682934.9,Education,15572.41,0.85,0
46,556001.35,663,Salaried,357073.85,Medical,9559.99,0.42,1
42,392475.21,440,Salaried,64594.77,Medical,3759.53,0.17,0
59,268286.56,354,Salaried,130778.18,Home Renovation,8898.14,0.56,0
30,402429.44,813,Salaried,908857.35,Wedding,12239.55,1.12,0
35,560812.99,409,Salaried,728500.84,Home Renovation,16254.71,0.78,0
48,508060.43,725,Salaried,605033.73,Education,10427.96,0.64,0
26,373425.66,567,Salaried,957515.81,Medical,19786.82,1.49,0
39,836771.87,689,Salaried,588107.09,Home Renovation,9099.97,0.36,1
50,979432.04,429,Salaried,775964.02,Debt Consolidation,4935.98,0.32,0
26,340793.35,345,Salaried,330567.94,Education,2895.36,0.43,0
55,423936.1,492,Salaried,333090.57,Wedding,19976.75,0.83,0
30,904823.71,760,Salaried,78750.98,Wedding,11652.56,0.18,1
24,360510.6,803,Self-Employed,175158.97,Debt Consolidation,9684.23,0.48,0
45,484120.43,579,Salaried,427348.51,Medical,15899.43,0.69,0
26,794397.62,364,Salaried,133889.3,Wedding,6709.69,0.16,0
33,822489.71,420,Salaried,642247.11,Wedding,8363.33,0.38,0
39,571919.94,655,Salaried,686204.53,Education,17322.43,0.76,0
55,481530.23,483,Salaried,296751.94,Education,6027.73,0.36,0
54,1043763.63,511,Salaried,648231.7,Education,14952.12,0.38,0
48,768477.39,660,Salaried,900511.17,Home Renovation,7109.15,0.5,0
21,575191.24,542,Salaried,202659.32,Wedding,11782.9,0.36,0
52,428224.12,448,Self-Employed,124508.19,Education,10599.23,0.39,0
56,484394.89,609,Salaried,218852.63,Debt Consolidation,9400.14,0.38,1
35,965057.19,681,Salaried,974345.37,Debt Consolidation,17419.32,0.55,0
49,820988.08,613,Salaried,424557.83,Home Renovation,7375.14,0.28,1
21,367069.4,431,Salaried,525470.34,Home Renovation,599.95,0.5,0
43,870570.86,500,Salaried,627933.19,Medical,18104.06,0.49,0
31,364058.34,600,Self-Employed,680658.58,Medical,16551.05,1.17,0
37,726255.77,657,Salaried,144874.2,Medical,13259.45,0.29,1
59,807884.62,373,Salaried,592571.85,Medical,18927.57,0.53,0
27,701382.84,730,Salaried,642082.05,Wedding,14303.18,0.55,0
59,645856.07,388,Salaried,641004.13,Medical,17314.87,0.65,0
28,664871.61,542,Salaried,95774.95,Wedding,6746.26,0.17,0
50,664496.15,316,Salaried,986894.64,Debt Consolidation,18873.06,0.84,0
37,672897.19,432,Salaried,886813.37,Education,13374.5,0.68,0
37,800299.79,752,Self-Employed,269088.75,Debt Consolidation,1592.53,0.14,1
44,652207.54,680,Salaried,705492.36,Education,11704.19,0.58,0
47,338856.24,441,Salaried,651333.23,Education,2459.32,0.73,0
21,960059.03,417,Salaried,495042.75,Medical,12061.15,0.32,0
51,707414.87,683,Salaried,626676.11,Home Renovation,3536.72,0.36,1
21,614302.92,619,Salaried,752216.31,Wedding,11750.69,0.64,0
50,377953.6,671,Salaried,380162.23,Home Renovation,3672.46,0.45,0
25,904475.79,801,Salaried,962419.98,Education,4297.68,0.41,1
45,368403.19,590,Self-Employed,866797.97,Debt Consolidation,11592.14,1.16,0
51,816677.98,560,Salaried,822732.6,Home Renovation,19794.76,0.63,0
39,632603.64,555,Salaried,494793.91,Wedding,19934.22,0.64,0
39,693646.34,514,Salaried,454734.15,Wedding,14242.74,0.46,0
50,498571.79,499,Salaried,940956.08,Debt Consolidation,10619.86,0.88,0
24,677269.43,585,Salaried,809200.14,Wedding,1561.88,0.43,0
39,549954.81,800,Self-Employed,754583.1,Wedding,13966.88,0.76,0
37,684446.36,358,Salaried,925851.91,Home Renovation,36.08,0.45,0
48,936686.67,489,Salaried,317282.07,Debt Consolidation,18171.86,0.35,0
50,502596.03,346,Salaried,651403.02,Home Renovation,11584.99,0.71,0
52,472378.97,600,Salaried,836922.1,Medical,12339.1,0.9,0
34,523646.12,677,Salaried,337033.83,Medical,17404.18,0.61,0
52,935231.58,519,Salaried,969493.73,Medical,14632.48,0.53,0
58,594050.26,547,Self-Employed,500689.16,Wedding,3420.84,0.35,0
41,360345.5,322,Salaried,744023.32,Medical,13126.0,1.13,0
49,806944.43,310,Self-Employed,805629.54,Medical,14938.58,0.55,0
49,499438.41,716,Self-Employed,429080.64,Education,1634.31,0.33,1
23,432503.55,606,Salaried,833601.28,Medical,16704.27,1.11,0
22,538581.14,531,Salaried,486326.34,Medical,5313.6,0.42,0
56,814014.8,429,Salaried,190151.56,Education,3175.84,0.12,0
41,567957.24,726,Salaried,246130.63,Medical,3499.21,0.22,1
56,506554.41,458,Salaried,465085.45,Education,7811.44,0.49,0
22,375607.21,815,Salaried,657477.2,Education,14475.04,1.05,0
26,778539.96,838,Salaried,747280.68,Home Renovation,6126.61,0.41,1
50,359872.9,604,Salaried,395585.77,Education,7581.25,0.62,0
52,944340.18,727,Self-Employed,297728.42,Wedding,9171.25,0.22,1
28,457564.41,319,Salaried,61658.15,Medical,8668.8,0.27,0
33,250000.0,315,Salaried,701573.5,Medical,19278.01,1.86,0
59,1025752.7,414,Salaried,954892.26,Medical,5428.24,0.37,0
41,643121.54,711,Salaried,787622.92,Wedding,10197.14,0.6,0
43,885633.35,605,Salaried,339885.48,Home Renovation,5183.44,0.2,1
53,583132.97,749,Salaried,188405.94,Wedding,18996.82,0.5,0
28,1023451.45,652,Salaried,431086.42,Wedding,7122.12,0.22,1
25,809305.53,643,Salaried,991862.05,Medical,17309.07,0.67,0
24,337875.79,546,Salaried,461932.82,Wedding,15295.65,1.0,0
27,392717.38,676,Salaried,497079.87,Education,12918.58,0.82,0
31,621020.23,308,Self-Employed,488969.24,Home Renovation,14218.69,0.54,0
39,631983.04,722,Salaried,211105.78,Education,3491.82,0.18,1
40,650988.56,821,Salaried,555272.2,Debt Consolidation,19153.13,0.64,0
42,845794.54,344,Self-Employed,379182.08,Wedding,13434.52,0.34,0
48,250000.0,344,Salaried,628508.74,Debt Consolidation,5181.4,1.09,0
39,798923.6,467,Salaried,882467.81,Medical,17255.34,0.63,0
52,408747.99,741,Salaried,690969.26,Medical,5086.21,0.71,0
30,1091690.95,386,Salaried,905630.94,Education,15413.99,0.45,0
44,816917.8,827,Salaried,743222.88,Home Renovation,12567.25,0.49,1
43,871342.46,844,Salaried,225224.69,Home Renovation,16389.59,0.31,1
35,853289.53,327,Self-Employed,826819.1,Home Renovation,10251.11,0.47,0
27,375047.75,703,Salaried,536030.79,Debt Consolidation,4962.44,0.64,0
59,375308.78,548,Salaried,994109.22,Wedding,12125.76,1.27,0
48,405291.19,777,Salaried,471881.17,Wedding,3468.09,0.49,1
26,1011381.56,575,Salaried,972104.81,Medical,14094.12,0.49,0
31,760234.18,666,Salaried,363640.88,Debt Consolidation,10927.52,0.33,0
38,381985.75,315,Salaried,410058.13,Debt Consolidation,9111.26,0.64,0
29,295840.66,728,Salaried,927013.34,Debt Consolidation,3559.41,1.19,0
47,538280.33,582,Salaried,60618.76,Education,2177.22,0.09,0
55,415261.71,848,Salaried,871412.57,Education,9175.86,0.96,1
25,770997.97,646,Salaried,559522.79,Medical,10236.66,0.4,1
36,1266484.73,570,Salaried,191519.74,Wedding,8160.62,0.13,0
45,518325.53,376,Salaried,365403.93,Debt Consolidation,6971.44,0.4,0
32,793513.29,834,Salaried,507670.2,Home Renovation,17620.21,0.48,0
39,250000.0,481,Self-Employed,54412.84,Education,4040.36,0.27,0
34,362376.97,397,Self-Employed,331774.42,Home Renovation,14280.99,0.78,0
59,795983.21,442,Salaried,139686.96,Home Renovation,4683.59,0.13,0
25,792983.02,781,Salaried,692456.9,Debt Consolidation,12968.89,0.49,1
42,460349.69,833,Self-Employed,869308.54,Education,5532.16,0.77,0
42,250000.0,828,Salaried,129576.93,Medical,6529.36,0.49,1
24,737724.81,689,Salaried,314269.11,Education,549.77,0.15,1
34,655117.34,540,Self-Employed,776600.22,Debt Consolidation,2705.32,0.44,0
50,250000.0,684,Salaried,962363.93,Debt Consolidation,18337.53,2.16,0
28,531486.93,729,Salaried,392635.23,Medical,872.81,0.27,1
44,387628.34,456,Salaried,94846.85,Debt Consolidation,16985.56,0.61,0
55,511274.64,412,Self-Employed,803198.77,Home Renovation,19234.61,0.98,0
33,325602.15,644,Salaried,257393.36,Education,9768.38,0.62,0
58,945924.08,819,Salaried,776902.92,Wedding,7748.33,0.37,1
22,383552.1,803,Salaried,841511.57,Debt Consolidation,19308.48,1.34,1
26,588394.74,649,Salaried,222320.2,Debt Consolidation,6828.94,0.27,1
21,250000.0,602,Salaried,717599.52,Debt Consolidation,902.11,1.0,0
49,250000.0,686,Salaried,960544.01,Wedding,3831.46,1.46,0
35,849758.05,764,Salaried,780743.3,Debt Consolidation,2451.38,0.34,1
46,997935.09,409,Salaried,720292.95,Medical,14928.74,0.42,0
37,368756.24,335,Salaried,603344.74,Education,10927.11,0.9,0
34,741541.62,441,Salaried,907924.32,Education,983.18,0.42,0
34,773419.99,700,Salaried,762849.51,Debt Consolidation,147.37,0.33,1
59,568243.13,603,Salaried,889651.37,Education,8664.11,0.7,0
23,317867.48,471,Salaried,115487.23,Wedding,13604.65,0.63,0
45,620463.79,805,Salaried,679692.92,Wedding,9840.56,0.56,1
44,640708.07,707,Salaried,988443.84,Debt Consolidation,4308.66,0.59,0
26,449662.28,355,Self-Employed,311840.7,Wedding,15618.72,0.65,0
42,489775.88,527,Self-Employed,194461.44,Wedding,9879.52,0.37,0
40,582161.8,573,Self-Employed,911318.18,Wedding,5817.66,0.64,0
50,769784.62,604,Salaried,710395.59,Education,14042.43,0.53,0
39,275410.7,516,Salaried,54691.56,Home Renovation,17935.85,0.85,0
32,1011796.78,719,Salaried,133974.39,Wedding,3799.42,0.09,1
52,324533.39,677,Salaried,828547.98,Medical,6398.07,1.09,0
29,567631.16,368,Salaried,858318.54,Education,16476.2,0.85,0
31,750839.61,483,Self-Employed,678291.94,Debt Consolidation,1827.83,0.33,0
59,1095638.18,609,Salaried,565571.74,Medical,4543.71,0.22,1
31,735066.58,449,Salaried,944252.32,Home Renovation,17666.18,0.72,0
58,380951.52,579,Salaried,707562.92,Education,4576.61,0.76,0
28,664531.03,599,Salaried,347243.51,Wedding,10547.42,0.36,0
47,644062.83,778,Salaried,665132.72,Education,17831.95,0.68,1
48,616059.86,696,Salaried,983485.9,Wedding,15903.73,0.84,0
39,708351.88,684,Self-Employed,143232.32,Home Renovation,13037.34,0.29,1
42,709088.2,346,Self-Employed,481112.7,Wedding,8916.01,0.38,0
43,765950.69,680,Salaried,917374.02,Education,9564.25,0.55,0
55,1060225.86,662,Salaried,867718.91,Home Renovation,8331.55,0.37,1
37,831436.4,536,Salaried,508978.22,Debt Consolidation,6156.88,0.29,0
54,429236.44,725,Salaried,661927.76,Home Renovation,18304.73,1.03,0
49,250000.0,844,Salaried,895280.33,Debt Consolidation,7409.84,1.55,1
31,529992.75,496,Salaried,155380.38,Debt Consolidation,3974.93,0.19,0
58,558849.26,843,Salaried,396683.25,Debt Consolidation,14906.18,0.56,1
45,868917.77,397,Self-Employed,307745.39,Home Renovation,1372.84,0.14,0
30,705770.35,684,Salaried,58358.51,Education,9339.33,0.19,1
25,866891.93,438,Self-Employed,492152.98,Medical,9631.49,0.32,0
55,707956.84,505,Salaried,737710.52,Debt Consolidation,6555.83,0.46,0
36,754400.8,821,Salaried,521222.02,Home Renovation,17304.92,0.51,1
55,500169.14,408,Self-Employed,185160.92,Medical,16565.07,0.52,0
50,434939.57,596,Salaried,111087.84,Education,3490.18,0.18,0
31,619442.82,758,Salaried,619370.86,Wedding,3373.14,0.4,1
27,946363.73,641,Self-Employed,968074.91,Debt Consolidation,9583.7,0.46,0
47,753134.48,827,Self-Employed,459899.45,Wedding,12045.2,0.4,1
39,637563.22,357,Salaried,412800.14,Education,3350.52,0.28,0
27,382941.39,795,Salaried,629697.12,Home Renovation,4676.81,0.69,0
39,707015.51,665,Salaried,134414.44,Debt Consolidation,14423.74,0.31,1
52,640098.87,320,Salaried,666257.93,Wedding,600.65,0.36,0
29,433266.63,301,Salaried,113410.41,Medical,14173.81,0.48,0
21,639664.62,750,Self-Employed,553401.9,Medical,8711.55,0.45,0
54,461816.28,676,Salaried,581359.93,Education,12552.15,0.75,0
49,375947.69,422,Salaried,316945.13,Medical,5729.35,0.46,0
57,646769.74,818,Self-Employed,152939.0,Medical,7287.98,0.21,1
56,718334.82,689,Salaried,744229.92,Debt Consolidation,12363.75,0.55,0
36,764844.08,456,Salaried,205008.49,Debt Consolidation,17165.74,0.36,0
40,379092.05,478,Salaried,624372.36,Education,2838.38,0.64,0
21,455762.41,717,Salaried,921342.76,Wedding,15209.08,1.07,0
26,666836.02,682,Self-Employed,624999.69,Home Renovation,9075.82,0.48,0
48,401213.62,750,Self-Employed,336343.66,Medical,2450.6,0.35,1
33,667421.01,437,Salaried,311221.55,Debt Consolidation,9287.41,0.32,0
49,630800.5,822,Salaried,179282.68,Wedding,6643.23,0.22,1
34,636720.42,562,Salaried,734164.55,Debt Consolidation,6519.72,0.51,0
29,619784.59,815,Self-Employed,217143.77,Education,6672.45,0.25,1
22,250000.0,693,Salaried,786068.55,Wedding,15842.9,1.81,0
28,572245.64,654,Salaried,633267.73,Medical,13053.25,0.64,0
55,411501.9,797,Salaried,240051.33,Wedding,12019.85,0.54,0
45,627751.21,458,Salaried,980902.62,Education,5486.68,0.63,0
24,715484.06,718,Salaried,808442.3,Medical,2255.88,0.41,1
59,666288.11,793,Self-Employed,168870.39,Debt Consolidation,7059.8,0.21,1
31,817815.58,630,Salaried,186686.45,Medical,8186.16,0.2,1
34,909252.16,318,Salaried,67427.0,Medical,7001.73,0.12,0
24,434170.1,486,Salaried,265321.95,Debt Consolidation,17509.13,0.69,0
38,636849.58,734,Salaried,157196.91,Wedding,15713.96,0.38,1
27,250000.0,439,Salaried,667518.86,Medical,3272.26,1.05,0
46,647858.06,706,Salaried,545674.29,Home Renovation,12053.9,0.5,0
46,513562.19,639,Salaried,890154.19,Medical,6542.36,0.73,0
24,594636.63,606,Self-Employed,183354.5,Home Renovation,12161.42,0.35,0
51,990911.04,626,Salaried,641760.68,Debt Consolidation,19168.4,0.45,1
48,734091.54,477,Self-Employed,705793.28,Medical,13519.58,0.54,0
46,699608.02,439,Salaried,662755.87,Wedding,6505.69,0.43,0
44,854577.9,743,Salaried,468211.55,Home Renovation,14812.22,0.39,1
47,749556.67,647,Salaried,594063.45,Home Renovation,2831.96,0.31,1
55,1140081.3,449,Salaried,684001.23,Wedding,3424.25,0.24,0
35,1160537.62,771,Salaried,392740.18,Debt Consolidation,17646.73,0.3,1
39,1085947.37,383,Salaried,486308.23,Wedding,16967.49,0.34,0
49,382802.25,461,Salaried,357613.01,Education,11230.68,0.66,0
21,762300.23,484,Self-Employed,893655.81,Education,9798.06,0.55,0
23,250000.0,450,Self-Employed,731960.13,Medical,11008.84,1.5,0
38,393820.68,756,Salaried,497319.37,Debt Consolidation,16633.67,0.93,0
47,607838.43,690,Self-Employed,196580.15,Debt Consolidation,3431.29,0.18,1
24,431181.21,756,Salaried,325258.61,Education,18551.8,0.77,0
25,446700.53,712,Self-Employed,63929.39,Medical,1261.12,0.08,1
26,330557.15,406,Salaried,725608.0,Wedding,1276.81,0.78,0
28,287764.28,600,Salaried,649906.88,Wedding,3603.0,0.9,0
31,277062.55,710,Self-Employed,507740.43,Debt Consolidation,3421.73,0.76,0
31,391723.62,478,Salaried,880169.41,Medical,7732.57,0.99,0
23,739002.81,683,Salaried,874028.55,Wedding,3017.48,0.44,1
56,845088.73,425,Salaried,862958.9,Medical,14698.16,0.55,0
49,307031.47,599,Self-Employed,631168.99,Home Renovation,18365.76,1.4,0
39,486703.96,512,Self-Employed,952232.06,Wedding,19001.72,1.12,0
58,736747.25,795,Salaried,603930.41,Education,18849.56,0.58,1
45,279329.86,589,Salaried,721824.47,Home Renovation,2053.99,0.95,0
31,497349.14,633,Salaried,802382.62,Home Renovation,38.75,0.54,0
30,847286.8,841,Salaried,180418.55,Medical,6252.64,0.16,1
50,848171.52,425,Salaried,152381.15,Wedding,18320.61,0.32,0
50,641554.28,479,Salaried,624465.18,Education,14384.33,0.59,0
49,446746.04,448,Self-Employed,271888.47,Debt Consolidation,4831.74,0.33,0
54,383271.78,711,Salaried,986942.78,Home Renovation,213.44,0.87,0
54,299135.39,825,Salaried,380119.4,Wedding,3337.58,0.56,1
37,543159.15,694,Salaried,436224.08,Education,10703.46,0.5,0
44,431373.35,546,Salaried,976796.15,Home Renovation,1134.66,0.79,0
59,717730.37,711,Salaried,385589.43,Education,8888.34,0.33,1
51,1082400.74,790,Salaried,963158.71,Home Renovation,6562.73,0.37,1
52,487590.66,578,Salaried,518076.63,Wedding,14270.13,0.71,0
23,250000.0,738,Salaried,653689.52,Wedding,4518.97,1.09,0
54,250000.0,348,Salaried,657918.23,Home Renovation,19668.97,1.82,0
24,987025.56,394,Self-Employed,194671.92,Education,2088.57,0.09,0
22,264803.43,309,Salaried,703570.55,Home Renovation,12021.7,1.43,0
37,663832.64,529,Salaried,96821.08,Debt Consolidation,10382.98,0.24,0
52,705710.58,682,Salaried,812750.63,Medical,7462.88,0.51,0
56,565408.43,515,Salaried,158238.3,Home Renovation,10799.67,0.32,0
28,993935.84,374,Salaried,857338.37,Home Renovation,6935.08,0.37,0
41,803865.98,530,Salaried,553103.81,Debt Consolidation,13916.32,0.44,0
22,626748.3,646,Self-Employed,739091.3,Medical,10650.72,0.6,0
54,444698.83,789,Salaried,414454.7,Medical,8184.05,0.53,0
38,547387.25,314,Self-Employed,510620.83,Debt Consolidation,13868.86,0.61,0
55,577192.5,472,Salaried,782005.08,Home Renovation,12451.91,0.71,0
48,1013059.51,503,Salaried,898626.43,Home Renovation,19482.19,0.53,0
56,1012851.32,386,Salaried,920318.01,Home Renovation,804.32,0.31,0
33,663141.42,405,Salaried,440239.07,Wedding,3244.62,0.28,0
53,833783.08,439,Salaried,79727.21,Home Renovation,14964.08,0.25,0
24,537897.65,651,Salaried,253708.61,Education,4061.88,0.25,1
25,769118.48,435,Salaried,413835.11,Wedding,15885.8,0.43,0
29,505519.14,672,Self-Employed,221714.08,Debt Consolidation,14278.23,0.49,0
41,800725.47,582,Salaried,481777.01,Debt Consolidation,4457.02,0.27,0
43,748166.03,745,Self-Employed,111079.28,Education,14812.05,0.29,1
47,324255.85,322,Salaried,530791.53,Wedding,2385.71,0.63,0
47,945639.87,345,Salaried,509462.19,Debt Consolidation,405.39,0.18,0
26,418241.05,698,Salaried,692960.36,Home Renovation,384.79,0.56,0
54,335078.07,584,Salaried,437512.63,Education,6939.74,0.68,0
25,570182.05,773,Salaried,984944.62,Medical,1555.32,0.61,0
58,604653.71,367,Salaried,172588.21,Debt Consolidation,370.32,0.1,0
51,568996.65,722,Self-Employed,867813.8,Education,12254.49,0.77,0
55,724178.06,572,Self-Employed,240984.83,Home Renovation,19337.66,0.43,0
56,707665.01,454,Salaried,186592.52,Wedding,18405.86,0.4,0
45,374205.91,678,Salaried,753333.96,Home Renovation,865.28,0.7,0
31,815681.35,822,Salaried,418704.14,Home Renovation,9382.67,0.31,1
45,702903.39,749,Salaried,374663.48,Home Renovation,1794.55,0.21,1
21,591327.93,561,Self-Employed,308037.54,Education,11519.42,0.41,0
40,597352.32,517,Salaried,142482.38,Debt Consolidation,310.06,0.09,0
27,1062680.89,447,Salaried,347543.19,Wedding,14524.19,0.27,0
58,566069.51,640,Salaried,700572.13,Home Renovation,17922.82,0.79,0
56,637837.43,841,Self-Employed,576645.93,Education,9467.66,0.48,0
27,539962.81,770,Salaried,130755.09,Education,6299.31,0.22,1
55,752851.73,402,Self-Employed,850067.06,Home Renovation,17982.49,0.66,0
30,609103.07,825,Salaried,430248.62,Debt Consolidation,15532.93,0.54,1
59,1093847.36,582,Salaried,679525.78,Education,17965.09,0.4,0
44,250000.0,428,Salaried,721077.19,Home Renovation,19103.45,1.88,0
59,686146.59,732,Salaried,637649.69,Debt Consolidation,9852.69,0.48,0
47,821303.23,438,Salaried,998424.66,Debt Consolidation,8538.99,0.53,0
26,792566.01,558,Self-Employed,285566.53,Education,2522.31,0.16,0
59,668035.18,522,Salaried,216974.67,Home Renovation,9529.65,0.28,0
38,546680.81,678,Salaried,280549.01,Home Renovation,17002.06,0.54,0
57,561937.13,823,Salaried,328258.42,Debt Consolidation,5672.3,0.32,1
38,250000.0,333,Salaried,438616.31,Debt Consolidation,10696.56,1.1,0
37,485667.68,463,Self-Employed,975498.06,Home Renovation,13405.98,1.0,0
24,1061137.72,586,Self-Employed,143301.6,Wedding,9925.21,0.16,0
33,611583.16,326,Salaried,218333.23,Wedding,1623.58,0.15,0
27,668274.48,650,Salaried,955415.19,Home Renovation,14731.77,0.74,0
47,693988.28,374,Salaried,160191.39,Debt Consolidation,18363.48,0.39,0
49,1172552.79,696,Self-Employed,251860.93,Debt Consolidation,14571.82,0.22,1
32,436116.4,668,Salaried,678682.77,Medical,8400.37,0.75,0
41,803364.98,584,Salaried,63510.54,Wedding,10466.67,0.18,0
25,765576.37,746,Salaried,535064.64,Wedding,17015.49,0.5,0
35,250000.0,348,Self-Employed,860551.37,Medical,343.5,1.16,0
56,951933.23,777,Salaried,328379.5,Home Renovation,12545.92,0.27,1
36,447699.69,414,Self-Employed,310141.8,Debt Consolidation,11811.3,0.55,0
53,1033211.31,590,Salaried,239484.98,Education,9765.86,0.19,0
54,418913.81,686,Salaried,597620.09,Education,11980.69,0.82,0
27,671021.67,740,Salaried,894909.74,Debt Consolidation,12052.68,0.66,0
24,348503.85,409,Salaried,743675.7,Medical,12316.05,1.14,0
30,692626.23,553,Salaried,215781.46,Home Renovation,18206.96,0.42,0
50,717613.85,736,Salaried,814526.26,Education,14533.51,0.62,0
40,260551.66,472,Salaried,147522.27,Education,6306.29,0.48,0
55,726032.74,352,Salaried,415824.8,Education,14004.15,0.42,0
34,250000.0,690,Salaried,212622.93,Education,16559.26,1.08,0
25,250000.0,531,Salaried,284415.48,Medical,8083.22,0.77,0
27,513192.65,315,Salaried,234559.95,Education,5393.69,0.28,0
49,996727.06,796,Salaried,581627.13,Medical,17823.66,0.41,1
57,583383.7,534,Self-Employed,760246.65,Debt Consolidation,1824.29,0.47,0
37,460549.74,428,Self-Employed,888379.2,Medical,9644.94,0.89,0
54,675654.24,514,Salaried,119658.71,Education,14599.31,0.32,0
32,764402.54,799,Salaried,342522.37,Home Renovation,1726.07,0.18,1
47,550506.99,475,Salaried,931454.55,Wedding,18316.3,0.96,0
41,781494.45,340,Self-Employed,460743.18,Home Renovation,18708.69,0.48,0
28,779122.17,436,Salaried,661615.82,Medical,540.85,0.29,0
55,573446.88,502,Self-Employed,518424.54,Home Renovation,15484.46,0.63,0
53,537216.67,364,Salaried,149116.62,Debt Consolidation,14685.62,0.42,0
48,250000.0,552,Salaried,230877.21,Home Renovation,10722.85,0.82,0
41,250000.0,676,Self-Employed,939523.81,Wedding,348.2,1.27,0
54,570009.98,772,Salaried,163724.81,Wedding,12080.73,0.35,1
44,250000.0,482,Salaried,189501.75,Education,8345.22,0.65,0
28,953327.75,392,Salaried,77415.85,Medical,2770.41,0.06,0
22,311546.95,715,Salaried,717119.2,Debt Consolidation,1250.66,0.82,0
51,580583.24,451,Salaried,739496.23,Wedding,12311.97,0.68,0
49,569406.79,628,Salaried,557456.67,Education,8844.92,0.51,0
22,368426.22,537,Salaried,584956.2,Home Renovation,3725.35,0.65,0
23,727769.71,326,Salaried,690833.85,Home Renovation,13431.25,0.54,0
36,971282.36,564,Salaried,263790.21,Debt Consolidation,18706.41,0.32,0
46,521962.58,340,Salaried,767849.84,Education,11681.34,0.76,0
32,961629.18,444,Salaried,939514.03,Home Renovation,13754.71,0.5,0
24,555795.16,623,Salaried,808856.79,Wedding,6759.18,0.63,0
32,552992.93,598,Salaried,403467.16,Home Renovation,10766.25,0.48,0
34,452221.32,722,Self-Employed,647059.52,Education,11148.72,0.77,0
34,380383.1,485,Salaried,659281.35,Education,18495.86,1.16,0
31,1040393.39,653,Salaried,945555.88,Medical,11850.6,0.44,1
47,931976.04,543,Salaried,853255.6,Home Renovation,18276.39,0.54,0
22,492518.85,801,Salaried,956882.53,Wedding,9734.06,0.88,0
22,769701.58,660,Salaried,105970.4,Home Renovation,9208.55,0.19,1
56,358936.16,622,Salaried,817306.57,Education,14842.64,1.26,0
51,801294.04,348,Salaried,683069.35,Debt Consolidation,18906.29,0.57,0
22,755740.91,821,Self-Employed,239227.04,Home Renovation,5923.02,0.2,1
39,495693.3,573,Salaried,344657.76,Education,13386.0,0.56,0
37,678371.7,678,Salaried,968903.83,Medical,10090.69,0.65,0
38,725066.21,684,Salaried,458885.7,Education,4600.83,0.29,1
32,833716.77,803,Salaried,216884.11,Wedding,3858.99,0.14,1
36,250000.0,840,Salaried,938800.55,Medical,14332.07,1.94,1
34,759005.04,549,Salaried,856858.75,Education,15993.53,0.63,0
54,612899.24,525,Salaried,451794.87,Medical,14302.31,0.53,0
47,679781.6,359,Self-Employed,473563.35,Home Renovation,18454.13,0.56,0
49,979958.67,510,Salaried,684870.57,Home Renovation,16145.81,0.43,0
51,591222.39,806,Salaried,738769.33,Wedding,18268.0,0.79,1
41,563448.35,363,Salaried,836948.17,Wedding,16464.35,0.85,0
33,613123.68,556,Salaried,109104.21,Debt Consolidation,14198.39,0.34,0
56,1041265.96,692,Salaried,663524.28,Wedding,107.68,0.21,1
33,704544.82,459,Salaried,415837.76,Education,19855.45,0.53,0
34,683353.9,825,Self-Employed,317974.67,Education,18866.72,0.49,0
50,465704.2,515,Salaried,546005.45,Medical,10769.42,0.67,0
33,591141.17,517,Self-Employed,810076.85,Debt Consolidation,18349.73,0.83,0
22,279256.65,700,Salaried,680955.78,Education,13520.19,1.39,0
31,780119.3,572,Salaried,371308.98,Debt Consolidation,13583.53,0.37,0
47,433461.3,531,Self-Employed,340471.31,Debt Consolidation,18770.45,0.78,0
43,1289254.73,778,Salaried,989551.8,Home Renovation,1130.79,0.27,1
51,422622.02,733,Self-Employed,108627.25,Medical,6770.24,0.28,1
44,776775.94,578,Salaried,786272.67,Wedding,10057.36,0.49,0
59,945588.7,577,Salaried,504373.39,Debt Consolidation,12877.8,0.34,0
25,428546.53,766,Salaried,520653.73,Wedding,7669.07,0.62,0
28,700825.31,760,Salaried,400874.65,Education,16431.68,0.47,1
57,561917.11,609,Salaried,641587.32,Education,13541.68,0.67,0
49,327860.26,486,Salaried,254022.89,Medical,17854.48,0.91,0
35,578877.87,667,Salaried,943046.57,Home Renovation,14075.42,0.83,0
33,826667.06,421,Salaried,892719.68,Debt Consolidation,12189.61,0.54,0
49,685559.08,301,Self-Employed,62167.93,Medical,8482.27,0.18,0
31,653212.73,485,Salaried,815687.28,Medical,4723.78,0.5,0
28,441040.06,502,Salaried,252773.27,Wedding,11450.81,0.5,0
58,505846.98,806,Salaried,911550.28,Debt Consolidation,13947.12,0.93,1
41,865761.54,374,Salaried,911693.5,Home Renovation,575.47,0.36,0
45,250000.0,467,Salaried,739570.04,Medical,9706.14,1.45,0
56,488587.6,779,Salaried,555691.18,Medical,9910.49,0.62,1
28,267324.93,547,Self-Employed,189795.26,Wedding,12111.51,0.78,0
21,478218.15,556,Salaried,231730.28,Medical,1374.56,0.2,0
40,862949.04,519,Salaried,116847.32,Home Renovation,10521.69,0.19,0
44,805050.67,477,Self-Employed,832407.08,Medical,12512.51,0.53,0
49,765075.55,637,Salaried,77829.26,Medical,16700.35,0.3,1
50,771850.43,574,Salaried,77706.71,Education,15421.42,0.27,0
34,308746.15,446,Salaried,526939.24,Wedding,8329.99,0.89,0
29,250000.0,440,Salaried,767109.78,Education,13787.49,1.68,0
46,526398.31,781,Salaried,349029.86,Medical,18576.76,0.64,1
31,735822.2,666,Salaried,486273.98,Wedding,356.56,0.23,1
28,770157.73,499,Salaried,564977.4,Debt Consolidation,7497.69,0.36,0
34,608525.17,682,Self-Employed,692316.78,Wedding,6602.18,0.51,0
56,449444.32,470,Salaried,952750.86,Education,12047.37,1.03,0
29,647390.19,732,Salaried,201931.34,Debt Consolidation,6921.26,0.23,1
36,786692.72,512,Salaried,71818.04,Education,897.12,0.04,0
55,370251.29,411,Salaried,377224.11,Home Renovation,16089.53,0.86,0
21,669015.81,503,Salaried,301848.14,Medical,1213.61,0.17,0
57,938242.99,390,Salaried,942767.41,Education,14792.51,0.52,0
36,525408.04,418,Self-Employed,802275.54,Debt Consolidation,312.05,0.52,0
28,895640.86,831,Salaried,838381.6,Education,18539.45,0.56,0
42,755110.03,614,Salaried,567003.24,Debt Consolidation,15929.14,0.5,0
29,888588.81,790,Salaried,631862.63,Wedding,1657.77,0.26,1
43,391828.62,751,Salaried,291225.29,Home Renovation,16001.48,0.74,1
29,692847.2,636,Salaried,296709.09,Home Renovation,4910.29,0.23,1
25,505702.97,352,Self-Employed,708396.23,Debt Consolidation,2737.47,0.53,0
45,774802.8,335,Salaried,83260.97,Home Renovation,15360.86,0.27,0
33,751095.79,435,Salaried,753028.45,Wedding,14772.86,0.57,0
25,978899.35,488,Salaried,468713.27,Education,8811.22,0.27,0
51,250000.0,503,Salaried,65497.86,Medical,18566.68,0.98,0
33,616821.72,370,Self-Employed,685566.01,Debt Consolidation,12343.78,0.61,0
46,330372.39,487,Salaried,783727.92,Education,10255.76,1.16,0
28,609894.74,571,Salaried,618666.2,Medical,6393.48,0.46,0
39,1007064.74,606,Salaried,147568.45,Home Renovation,6368.46,0.12,1
44,1060182.83,503,Self-Employed,726369.24,Education,18638.01,0.44,0
54,403459.05,385,Salaried,84587.48,Home Renovation,9062.05,0.34,0
34,657588.99,336,Salaried,258728.48,Wedding,10077.53,0.32,0
59,577915.28,393,Salaried,787871.12,Wedding,18576.17,0.84,0
47,774595.09,671,Salaried,104121.03,Medical,12774.74,0.24,1
44,711863.43,490,Self-Employed,537225.59,Debt Consolidation,604.38,0.26,0
40,420578.31,340,Salaried,915397.92,Debt Consolidation,10147.99,1.02,0
37,497400.68,452,Salaried,347891.11,Education,17727.85,0.66,0
40,903498.52,636,Salaried,836205.7,Medical,13129.47,0.48,0
54,406924.55,824,Salaried,138650.47,Home Renovation,10182.6,0.41,1
48,689460.88,428,Salaried,75546.85,Education,16059.27,0.32,0
30,461596.05,324,Salaried,281461.87,Medical,8643.51,0.43,0
56,694348.15,651,Self-Employed,476671.19,Home Renovation,11447.88,0.43,0
51,306712.93,797,Salaried,758495.17,Debt Consolidation,10726.35,1.24,0
39,550673.98,812,Salaried,225012.49,Medical,3107.2,0.2,1
41,1074162.68,744,Salaried,863826.47,Debt Consolidation,3912.63,0.31,1
21,794234.05,748,Salaried,443802.59,Home Renovation,18474.98,0.47,0
41,949291.63,566,Salaried,52047.28,Education,3801.92,0.07,0
33,710435.64,821,Salaried,137237.89,Education,16417.21,0.34,1
43,694358.85,800,Salaried,998306.14,Debt Consolidation,14624.83,0.73,0
36,686444.75,507,Self-Employed,869520.61,Home Renovation,13133.85,0.65,0
44,373299.47,848,Salaried,612806.36,Education,11676.1,0.92,0
55,339486.87,668,Self-Employed,250160.13,Medical,12069.88,0.67,0
35,461396.09,369,Salaried,629632.25,Education,15691.42,0.86,0
43,929851.25,501,Salaried,504635.95,Education,14525.56,0.37,0
49,416129.59,337,Salaried,594713.27,Wedding,3468.63,0.58,0
36,357339.27,359,Self-Employed,497325.17,Wedding,3507.12,0.58,0
40,1163648.29,654,Self-Employed,177974.15,Home Renovation,13635.54,0.19,1
58,461141.99,581,Salaried,222217.53,Debt Consolidation,3653.12,0.26,0
30,586090.4,306,Salaried,81166.55,Debt Consolidation,2840.24,0.1,0
43,924827.12,420,Self-Employed,420129.74,Debt Consolidation,228.84,0.15,0
40,562555.32,804,Self-Employed,640494.07,Wedding,3.16,0.38,1
33,1101755.13,573,Self-Employed,498460.16,Education,290.19,0.15,0
59,824322.1,730,Salaried,206771.71,Home Renovation,11815.54,0.26,1
42,349916.31,754,Self-Employed,597762.37,Debt Consolidation,14595.32,1.07,0
39,1010894.15,668,Salaried,331024.85,Wedding,11864.88,0.25,1
56,644675.74,800,Salaried,539808.39,Medical,14133.0,0.54,0
42,532853.85,456,Salaried,76053.36,Home Renovation,854.24,0.07,0
25,855153.62,511,Self-Employed,685640.15,Home Renovation,6232.01,0.35,0
57,910720.51,499,Salaried,82170.54,Medical,16905.04,0.25,0
37,450100.11,432,Salaried,663596.23,Wedding,19969.77,1.02,0
55,530616.15,717,Salaried,70998.14,Medical,2587.61,0.1,1
50,775842.45,490,Salaried,323628.18,Wedding,1166.51,0.16,0
58,928786.4,771,Salaried,696561.87,Medical,13917.49,0.43,1
26,998202.73,674,Salaried,975466.76,Medical,15655.96,0.51,0
50,669899.34,668,Self-Employed,403277.21,Medical,11103.53,0.4,0
44,669437.78,414,Self-Employed,442516.82,Medical,4029.66,0.29,0
37,764302.62,771,Salaried,84289.59,Debt Consolidation,642.54,0.05,1
48,656897.08,547,Self-Employed,686882.85,Debt Consolidation,15649.05,0.63,0
46,313946.31,661,Salaried,480852.7,Home Renovation,1311.16,0.56,0
55,472830.69,803,Salaried,153158.11,Home Renovation,13244.79,0.44,1
33,799599.29,464,Salaried,196356.66,Wedding,3885.66,0.14,0
48,385751.32,555,Salaried,652032.52,Wedding,398.93,0.58,0
29,672309.62,413,Self-Employed,657289.0,Wedding,4644.94,0.41,0
34,636413.98,807,Salaried,615809.75,Education,12507.41,0.56,1
36,652490.99,732,Salaried,770637.14,Debt Consolidation,976.62,0.41,1
55,804125.62,474,Salaried,153690.84,Debt Consolidation,780.29,0.08,0
52,399792.51,400,Salaried,678926.48,Medical,10329.38,0.88,0
28,479627.17,654,Salaried,61657.13,Education,10116.25,0.3,1
39,654369.08,666,Self-Employed,105920.39,Education,1855.52,0.09,1
59,1184589.95,336,Salaried,911486.37,Education,13755.6,0.4,0
24,320397.81,770,Salaried,809263.11,Medical,11852.1,1.29,0
24,456243.64,658,Salaried,643738.26,Wedding,762.58,0.49,0
21,250000.0,812,Salaried,949205.53,Education,6825.55,1.59,0
33,592444.56,375,Self-Employed,998886.22,Wedding,4753.72,0.66,0
26,465709.38,503,Salaried,250931.69,Medical,14531.94,0.55,0
28,536005.11,395,Self-Employed,623852.53,Medical,960.91,0.41,0
49,394163.85,469,Salaried,214404.56,Education,14218.04,0.61,0
47,641305.38,673,Salaried,82288.37,Medical,5175.38,0.14,1
49,849108.26,627,Salaried,273785.95,Education,2901.45,0.15,1
31,250000.0,779,Salaried,155244.79,Medical,10632.4,0.72,1
25,681264.59,833,Salaried,533961.32,Medical,6431.85,0.37,1
23,417203.34,382,Self-Employed,642284.17,Medical,6108.06,0.69,0
48,466789.44,818,Salaried,324950.03,Education,4406.89,0.35,1
23,486239.78,639,Salaried,696349.49,Medical,13425.09,0.81,0
34,558431.98,369,Salaried,282199.52,Home Renovation,19909.64,0.6,0
30,265230.05,601,Self-Employed,884808.19,Education,14237.45,1.76,0
59,300580.38,683,Salaried,620364.58,Wedding,11930.28,1.16,0
34,602019.21,782,Self-Employed,735139.1,Wedding,11553.7,0.64,0
27,554043.3,646,Salaried,970732.49,Education,2618.56,0.64,0
32,790643.72,603,Self-Employed,222835.93,Medical,13258.13,0.3,1
51,532367.76,687,Salaried,700584.32,Debt Consolidation,8141.81,0.62,0
43,250925.95,794,Salaried,625630.75,Medical,16270.48,1.61,0
23,405147.97,716,Salaried,643117.19,Medical,19367.54,1.1,0
48,630929.69,788,Salaried,215459.82,Home Renovation,19130.06,0.48,0
21,660176.84,752,Salaried,124768.0,Medical,8635.32,0.22,1
57,400158.69,804,Salaried,936729.11,Debt Consolidation,9072.01,1.05,0
31,533837.58,660,Salaried,792265.94,Medical,5717.27,0.62,0
51,1169442.28,810,Self-Employed,298860.57,Debt Consolidation,5137.4,0.14,1
36,665172.18,781,Salaried,280142.8,Home Renovation,11534.47,0.35,1
45,1124561.94,596,Salaried,734905.85,Home Renovation,19958.68,0.43,0
46,659694.36,594,Salaried,658507.78,Medical,13328.31,0.58,0
37,639067.22,676,Salaried,67994.72,Medical,3633.99,0.1,1
36,543329.49,737,Salaried,97193.34,Wedding,13413.33,0.36,1
32,250000.0,542,Salaried,607656.41,Wedding,3894.37,1.0,0
59,602594.9,537,Salaried,515406.04,Debt Consolidation,8966.1,0.46,0
55,788453.73,790,Salaried,931651.29,Wedding,13626.48,0.6,1
56,362183.56,805,Salaried,970012.17,Medical,9115.54,1.19,1
36,773366.54,494,Salaried,227212.34,Home Renovation,7499.93,0.21,0
50,356471.91,347,Salaried,220321.07,Debt Consolidation,6908.37,0.44,0
28,889139.37,523,Salaried,458242.74,Education,4941.85,0.24,0
58,315180.0,492,Salaried,95204.86,Education,6986.55,0.37,0
44,580574.18,549,Salaried,117517.88,Wedding,7629.82,0.23,0
24,568282.35,590,Salaried,632967.34,Debt Consolidation,11394.4,0.61,0
30,426141.21,588,Salaried,53112.03,Home Renovation,6295.84,0.22,0
35,663137.69,661,Self-Employed,966771.23,Medical,2986.53,0.54,0
53,740658.72,404,Salaried,570431.13,Wedding,3764.85,0.32,0
42,377876.57,662,Salaried,590630.26,Medical,2572.01,0.6,0
49,581196.45,667,Salaried,434733.13,Medical,9807.42,0.45,0
23,352042.03,804,Salaried,725854.1,Debt Consolidation,3227.62,0.8,0
52,639306.04,483,Salaried,643542.02,Home Renovation,4168.26,0.41,0
44,854856.01,740,Salaried,367771.77,Education,8727.41,0.27,1
53,721890.6,473,Salaried,403487.01,Debt Consolidation,7779.66,0.32,0
25,589701.76,704,Salaried,869533.72,Medical,984.46,0.51,0
56,963929.45,336,Salaried,876983.33,Home Renovation,15784.2,0.5,0
40,500710.71,537,Salaried,956738.41,Medical,15573.78,1.01,0
47,509216.4,577,Salaried,517483.22,Debt Consolidation,17064.24,0.74,0
51,250000.0,554,Self-Employed,915238.3,Debt Consolidation,8349.82,1.62,0
43,650684.2,467,Salaried,353599.21,Home Renovation,15638.26,0.47,0
27,631398.92,499,Salaried,733481.72,Debt Consolidation,261.14,0.39,0
38,686325.38,504,Salaried,363025.48,Home Renovation,15709.95,0.45,0
45,318125.62,825,Salaried,931976.03,Medical,4076.22,1.13,1
50,545249.88,706,Salaried,298422.17,Education,15534.05,0.52,0
42,896128.89,805,Salaried,125118.58,Medical,9305.87,0.17,1
34,492508.82,538,Salaried,91915.23,Medical,8915.25,0.28,0
56,927271.94,330,Salaried,520260.08,Debt Consolidation,1682.74,0.21,0
48,582526.16,555,Salaried,609423.49,Education,17649.91,0.71,0
58,1174186.5,719,Salaried,349170.34,Home Renovation,18043.6,0.28,1
39,250000.0,335,Salaried,327076.4,Debt Consolidation,12804.78,1.05,0
54,432678.36,335,Salaried,403233.74,Wedding,17943.96,0.81,0
52,510403.14,401,Salaried,674578.65,Debt Consolidation,7282.46,0.61,0
46,457633.7,614,Salaried,915772.3,Debt Consolidation,904.45,0.69,0
56,1302434.65,320,Salaried,772120.6,Debt Consolidation,1652.73,0.21,0
39,626326.86,760,Salaried,811805.04,Education,8504.08,0.59,1
40,581662.8,799,Salaried,336689.13,Education,5019.67,0.3,1
54,506133.05,533,Salaried,711711.8,Medical,11548.75,0.74,0
44,561027.82,454,Self-Employed,546461.18,Debt Consolidation,5063.85,0.43,0
59,250000.0,477,Salaried,990745.21,Education,6455.4,1.63,0
48,616922.78,352,Self-Employed,727846.67,Education,6720.98,0.52,0
22,335344.5,655,Salaried,668342.09,Home Renovation,10369.16,1.04,0
53,774187.18,652,Salaried,380068.2,Debt Consolidation,10918.89,0.33,1
51,1109139.83,806,Salaried,459566.05,Debt Consolidation,2144.56,0.16,1
33,512800.62,829,Salaried,859364.06,Education,242.51,0.56,0
29,477055.14,477,Salaried,592408.92,Medical,8271.06,0.62,0
39,848049.33,824,Self-Employed,962099.51,Medical,483.18,0.38,1
44,523428.98,549,Salaried,80948.99,Medical,18538.99,0.48,0
39,486988.59,321,Salaried,201084.35,Wedding,3652.58,0.23,0
26,722933.95,515,Salaried,852403.83,Wedding,11373.46,0.58,0
24,311111.28,643,Salaried,843921.86,Home Renovation,7878.18,1.21,0
33,509496.36,819,Salaried,507366.53,Education,16207.7,0.71,0
41,558112.14,463,Self-Employed,978910.98,Home Renovation,6256.21,0.72,0
42,878100.82,337,Salaried,612251.09,Education,19960.39,0.51,0
35,803338.63,634,Salaried,524735.71,Medical,10267.57,0.37,1
22,666365.61,810,Salaried,66312.27,Medical,14535.74,0.29,1
32,563053.63,677,Salaried,960159.51,Home Renovation,125.59,0.57,0
30,250000.0,605,Salaried,816396.18,Debt Consolidation,15575.55,1.84,0
33,919357.79,410,Salaried,403805.08,Wedding,13451.02,0.32,0
52,559035.94,689,Salaried,733037.18,Wedding,18235.89,0.83,0
32,250000.0,816,Salaried,509937.34,Home Renovation,1145.31,0.73,0
42,560984.5,689,Salaried,82719.29,Medical,3204.56,0.12,1
50,576727.94,444,Salaried,499400.68,Home Renovation,926.87,0.31,0
58,764894.93,644,Salaried,193630.04,Medical,11015.0,0.26,1
54,483713.67,675,Salaried,877671.84,Home Renovation,15165.32,0.98,0
30,772996.42,691,Salaried,632415.35,Home Renovation,18054.84,0.55,0
37,791567.52,627,Self-Employed,409693.45,Education,14601.43,0.39,1
35,405338.15,625,Salaried,791326.04,Education,14808.55,1.09,0
59,409485.95,672,Salaried,780990.66,Education,9731.53,0.92,0
21,372728.39,376,Salaried,362325.02,Medical,13167.46,0.75,0
37,413916.33,846,Salaried,532769.5,Debt Consolidation,2083.62,0.49,0
26,495353.33,600,Salaried,67801.09,Debt Consolidation,7763.69,0.23,1
34,624736.79,821,Self-Employed,93364.91,Debt Consolidation,1310.11,0.07,1
43,812282.17,723,Self-Employed,342189.72,Home Renovation,18593.75,0.42,1
21,301006.4,368,Salaried,644395.35,Home Renovation,11645.76,1.18,0
52,250000.0,803,Salaried,723812.12,Wedding,5663.55,1.24,0
38,726791.16,352,Salaried,317255.71,Home Renovation,15221.77,0.4,0
35,580812.07,351,Salaried,629119.38,Wedding,4234.75,0.45,0
25,339287.85,405,Salaried,935254.73,Home Renovation,11846.53,1.34,0
54,847081.96,524,Salaried,977934.59,Debt Consolidation,18898.24,0.65,0
28,754831.02,591,Salaried,789186.4,Education,8638.31,0.49,0
27,1006032.34,576,Salaried,282569.26,Wedding,19967.67,0.33,0
25,250000.0,337,Salaried,352928.88,Home Renovation,11057.6,1.0,0
30,459079.88,373,Salaried,703129.89,Medical,17533.73,0.97,0
50,1010848.16,651,Salaried,389807.35,Debt Consolidation,6226.67,0.2,1
24,713945.84,838,Salaried,469113.6,Home Renovation,12225.26,0.42,1
46,375873.4,582,Salaried,467720.47,Home Renovation,13028.99,0.83,0
31,1017607.78,587,Salaried,858815.4,Home Renovation,7568.18,0.37,0
27,312003.53,729,Salaried,80939.54,Education,15841.14,0.7,0
36,250000.0,363,Salaried,428441.83,Debt Consolidation,6899.55,0.9,0
43,288105.66,396,Salaried,691234.12,Medical,16046.9,1.47,0
56,530916.54,595,Salaried,260503.22,Home Renovation,3949.24,0.25,0
21,862953.17,844,Salaried,610251.95,Education,19729.32,0.51,1
56,266175.3,584,Salaried,307186.52,Wedding,15822.98,1.1,0
29,434092.43,534,Salaried,584213.29,Home Renovation,5932.76,0.61,0
41,407867.78,755,Salaried,216561.85,Wedding,10339.1,0.48,0
25,1077042.9,699,Salaried,931470.41,Medical,5216.67,0.35,1
24,716524.56,597,Salaried,168145.21,Home Renovation,19440.09,0.4,0
46,526893.31,384,Self-Employed,227903.5,Medical,10096.56,0.37,0
29,573537.39,750,Salaried,335107.3,Wedding,9409.27,0.39,1
23,516570.18,496,Salaried,539315.18,Education,6708.95,0.5,0
29,1020052.21,411,Salaried,705780.05,Education,19878.13,0.46,0
40,1051963.1,698,Salaried,946405.59,Wedding,8298.69,0.39,1
56,473568.57,521,Salaried,496241.41,Medical,4532.15,0.46,0
29,382919.1,552,Salaried,603515.52,Education,6967.68,0.74,0
23,808710.84,581,Salaried,662996.9,Education,4270.76,0.34,0
44,917199.23,598,Self-Employed,399060.08,Medical,16665.45,0.36,0
37,760884.8,644,Salaried,371724.72,Home Renovation,13519.97,0.38,1
41,486339.29,592,Salaried,476122.52,Debt Consolidation,12771.49,0.64,0
31,523040.23,591,Salaried,85130.05,Debt Consolidation,18470.1,0.48,0
56,391145.02,849,Salaried,223077.28,Wedding,17523.27,0.73,0
24,573672.57,820,Salaried,65227.52,Wedding,5154.7,0.15,1
35,692947.57,657,Salaried,448698.03,Home Renovation,12298.24,0.43,1
21,776813.15,507,Salaried,462564.04,Home Renovation,17190.73,0.46,0
49,787072.39,688,Self-Employed,423177.47,Medical,19712.81,0.48,0
53,551646.66,414,Salaried,295289.97,Home Renovation,6190.78,0.31,0
56,431930.04,613,Salaried,367187.31,Wedding,12740.98,0.64,0
45,575247.97,317,Salaried,121032.89,Debt Consolidation,18895.14,0.46,0
59,603976.91,332,Self-Employed,981826.8,Home Renovation,8299.72,0.71,0
44,745161.3,712,Salaried,749833.86,Education,1376.37,0.36,1
40,1237591.3,403,Self-Employed,118388.36,Medical,9214.33,0.12,0
45,292452.26,752,Salaried,950559.63,Medical,3486.04,1.23,1
47,369584.63,440,Salaried,135469.46,Debt Consolidation,4126.8,0.26,0
43,902785.84,367,Salaried,895882.62,Debt Consolidation,18954.87,0.58,0
48,695400.81,779,Salaried,655885.65,Home Renovation,17153.13,0.61,0
36,770839.27,453,Salaried,846621.46,Medical,18918.7,0.66,0
42,735525.2,789,Salaried,614859.72,Education,6751.54,0.39,1
42,367473.36,578,Salaried,369179.47,Debt Consolidation,3915.1,0.46,0
55,988464.87,489,Self-Employed,422010.92,Education,14961.75,0.32,0
58,631182.79,394,Salaried,497385.45,Home Renovation,6847.53,0.39,0
53,292402.58,330,Salaried,723128.78,Home Renovation,10415.36,1.25,0
58,250000.0,557,Salaried,464834.96,Medical,15313.99,1.35,0
23,811672.35,846,Salaried,600285.36,Debt Consolidation,16257.01,0.49,1
22,495657.74,745,Salaried,167094.49,Debt Consolidation,15051.58,0.48,0
38,668996.24,615,Salaried,382573.88,Education,2238.57,0.23,1
25,453152.46,744,Self-Employed,525386.56,Wedding,5986.43,0.54,0
24,250000.0,699,Salaried,533189.85,Medical,6250.61,1.01,0
53,250000.0,470,Self-Employed,201935.55,Education,11363.4,0.81,0
35,815978.74,381,Salaried,594219.75,Medical,18798.49,0.52,0
35,620920.11,675,Salaried,636706.53,Debt Consolidation,6377.33,0.47,0
47,722507.47,724,Salaried,712297.95,Education,17270.41,0.62,0
56,630139.76,666,Salaried,234958.1,Home Renovation,17870.79,0.46,0
59,457442.28,346,Salaried,92357.76,Home Renovation,18220.44,0.55,0
24,250000.0,815,Self-Employed,932754.72,Home Renovation,9672.8,1.71,0
56,495719.8,619,Self-Employed,831481.42,Medical,7624.57,0.74,0
36,724882.26,793,Salaried,881312.31,Education,3346.23,0.46,1
49,784260.15,346,Salaried,805185.36,Medical,12643.31,0.54,0
38,744908.91,343,Salaried,245169.33,Medical,7996.8,0.24,0
21,681176.06,498,Salaried,871423.15,Home Renovation,6837.11,0.55,0
28,260434.12,438,Salaried,54942.35,Debt Consolidation,8465.61,0.46,0
26,641867.18,411,Self-Employed,720170.1,Home Renovation,13943.88,0.63,0
48,403127.42,394,Salaried,574056.83,Home Renovation,16990.65,0.98,0
53,736851.62,687,Self-Employed,340618.27,Education,18647.43,0.46,0
32,498434.05,565,Salaried,486185.04,Home Renovation,12887.41,0.64,0
21,346739.03,451,Self-Employed,879683.12,Medical,6400.89,1.07,0
50,799167.73,800,Salaried,756304.74,Wedding,12971.68,0.51,1
38,1036226.2,756,Salaried,526172.75,Home Renovation,7646.04,0.26,1
58,908093.11,697,Salaried,239151.68,Debt Consolidation,3068.88,0.13,1
43,703339.3,391,Salaried,721293.84,Debt Consolidation,18383.82,0.66,0
43,662683.97,642,Salaried,718047.38,Home Renovation,5251.61,0.46,0
44,856106.47,846,Salaried,542574.21,Medical,15453.02,0.43,1
55,779279.95,538,Salaried,730977.46,Debt Consolidation,12061.52,0.5,0
59,1442338.44,539,Salaried,739831.9,Debt Consolidation,15739.46,0.3,0
26,593444.26,731,Self-Employed,124387.16,Medical,5597.48,0.18,1
35,812683.69,779,Salaried,915472.8,Wedding,16633.96,0.62,1
29,444720.1,604,Self-Employed,319775.33,Home Renovation,1398.64,0.28,1
50,529941.65,679,Salaried,792955.7,Medical,629.43,0.51,0
59,650779.46,780,Salaried,722993.27,Wedding,18216.75,0.71,1
37,916254.33,707,Self-Employed,644899.56,Medical,4316.69,0.29,1
35,552025.13,383,Salaried,447325.52,Home Renovation,8714.45,0.46,0
27,468585.24,823,Salaried,287829.94,Debt Consolidation,6210.58,0.36,1
21,386034.65,484,Salaried,696462.71,Debt Consolidation,10903.98,0.94,0
36,465593.42,659,Self-Employed,390951.55,Wedding,8762.25,0.51,0
34,250000.0,383,Salaried,310026.62,Education,16155.93,1.19,0
30,985770.33,625,Salaried,623942.16,Home Renovation,17112.85,0.42,1
34,993856.73,765,Salaried,846184.58,Debt Consolidation,11922.13,0.43,1
36,633629.68,322,Salaried,613019.02,Home Renovation,11696.09,0.54,0
49,753916.12,709,Salaried,317721.83,Debt Consolidation,16779.92,0.41,1
48,724522.67,695,Salaried,552932.94,Education,15025.77,0.5,0
32,755226.88,709,Salaried,820335.59,Debt Consolidation,113.98,0.36,1
47,584108.25,643,Salaried,956227.42,Wedding,7807.04,0.71,0
31,917503.95,548,Salaried,927761.86,Medical,8180.54,0.44,0
30,518017.15,766,Self-Employed,595554.84,Home Renovation,11346.6,0.65,1
50,532168.83,316,Salaried,611695.34,Debt Consolidation,12826.92,0.67,0
43,909597.6,505,Salaried,992449.24,Medical,12984.87,0.54,0
54,616974.8,549,Salaried,87481.56,Home Renovation,18699.43,0.41,0
57,557615.0,810,Salaried,287704.97,Medical,14050.52,0.47,0
25,600616.98,788,Salaried,534736.64,Medical,16430.6,0.63,0
29,687037.75,686,Salaried,939719.53,Wedding,236.46,0.46,0
52,534024.53,502,Salaried,116797.33,Education,3715.71,0.16,0
51,250000.0,606,Salaried,386365.64,Wedding,7595.5,0.88,0
47,583343.9,808,Salaried,284747.9,Education,18513.36,0.54,1
25,540790.38,571,Salaried,251591.54,Medical,8899.03,0.35,0
23,298134.58,338,Salaried,598149.93,Medical,12279.83,1.16,0
54,495976.13,640,Salaried,479570.5,Medical,14360.18,0.67,0
42,255423.98,652,Salaried,458221.82,Home Renovation,8501.94,1.0,0
42,659628.64,754,Salaried,593184.74,Home Renovation,2461.35,0.34,1
43,559466.37,809,Salaried,849106.34,Medical,13814.58,0.8,1
28,747472.14,567,Self-Employed,620006.61,Home Renovation,17933.42,0.56,0
52,317832.91,722,Salaried,138576.48,Wedding,3706.54,0.29,1
51,604303.08,422,Salaried,661802.97,Education,14231.14,0.65,0
31,823807.55,319,Salaried,495481.77,Debt Consolidation,17652.38,0.46,0
56,378361.71,414,Self-Employed,674168.19,Medical,5351.36,0.76,0
52,577458.0,488,Self-Employed,556303.0,Medical,13126.89,0.59,0
51,359308.7,300,Self-Employed,566868.6,Education,17379.26,1.11,0
25,425104.0,653,Salaried,371107.41,Education,18688.52,0.82,0
59,250000.0,788,Salaried,578916.69,Debt Consolidation,16685.8,1.57,0
48,275718.36,412,Salaried,478907.16,Debt Consolidation,3095.81,0.71,0
28,840290.1,650,Salaried,314700.31,Wedding,19091.63,0.4,1
47,1070214.79,710,Salaried,917068.64,Medical,7801.87,0.37,1
52,684226.68,548,Self-Employed,350339.36,Education,6002.61,0.28,0
33,469623.43,831,Salaried,766284.54,Wedding,11364.15,0.83,0
56,329215.42,650,Salaried,741113.81,Wedding,11856.16,1.18,0
54,579017.78,734,Salaried,997231.32,Home Renovation,10489.43,0.79,0
43,583563.14,746,Salaried,183614.73,Debt Consolidation,11376.06,0.34,1
23,598623.64,598,Salaried,341849.75,Debt Consolidation,12903.96,0.45,0
36,422625.0,574,Self-Employed,569566.54,Debt Consolidation,10580.2,0.75,0
52,250000.0,563,Salaried,70159.22,Education,4185.12,0.29,0
50,375130.59,793,Salaried,63740.85,Wedding,6077.51,0.25,1
53,569831.78,762,Self-Employed,129173.06,Education,11775.84,0.32,1
27,453294.08,593,Salaried,712837.33,Medical,16797.51,0.97,0
25,568601.26,461,Salaried,656720.51,Home Renovation,6767.14,0.53,0
29,529898.67,731,Salaried,54654.84,Medical,15509.04,0.39,1
46,538183.41,700,Salaried,948720.16,Medical,17446.84,0.98,0
43,669940.06,589,Salaried,680242.39,Education,3882.55,0.41,0
30,384585.2,679,Self-Employed,226999.94,Debt Consolidation,4116.82,0.33,0
33,941000.57,808,Salaried,112836.66,Debt Consolidation,5790.41,0.11,1
51,870848.64,364,Salaried,143728.45,Home Renovation,1039.96,0.07,0
54,599363.42,648,Salaried,77523.89,Debt Consolidation,3739.49,0.12,1
34,658988.39,698,Salaried,732624.03,Education,7359.32,0.5,0
56,917005.3,709,Self-Employed,466009.2,Debt Consolidation,661.12,0.18,1
53,557556.69,600,Self-Employed,781082.34,Home Renovation,19432.33,0.89,0
59,1032307.39,686,Salaried,518208.43,Medical,18014.58,0.38,1
43,1192112.5,466,Salaried,378311.44,Education,4725.68,0.15,0
52,873212.15,339,Self-Employed,596537.13,Debt Consolidation,6480.94,0.32,0
